ISO-10303-21;
HEADER;
FILE_DESCRIPTION(('Open CASCADE Model'),'2;1');
FILE_NAME('Open CASCADE Shape Model','2026-03-13T13:38:33',('Author'),(
    'Open CASCADE'),'Open CASCADE STEP processor 7.8','Open CASCADE 7.8'
  ,'Unknown');
FILE_SCHEMA(('AUTOMOTIVE_DESIGN { 1 0 10303 214 1 1 1 1 }'));
ENDSEC;
DATA;
#1 = APPLICATION_PROTOCOL_DEFINITION('international standard',
  'automotive_design',2000,#2);
#2 = APPLICATION_CONTEXT(
  'core data for automotive mechanical design processes');
#3 = SHAPE_DEFINITION_REPRESENTATION(#4,#10);
#4 = PRODUCT_DEFINITION_SHAPE('','',#5);
#5 = PRODUCT_DEFINITION('design','',#6,#9);
#6 = PRODUCT_DEFINITION_FORMATION('','',#7);
#7 = PRODUCT('Open CASCADE STEP translator 7.8 1',
  'Open CASCADE STEP translator 7.8 1','',(#8));
#8 = PRODUCT_CONTEXT('',#2,'mechanical');
#9 = PRODUCT_DEFINITION_CONTEXT('part definition',#2,'design');
#10 = ADVANCED_BREP_SHAPE_REPRESENTATION('',(#11,#15),#14867);
#11 = AXIS2_PLACEMENT_3D('',#12,#13,#14);
#12 = CARTESIAN_POINT('',(0.,0.,0.));
#13 = DIRECTION('',(0.,0.,1.));
#14 = DIRECTION('',(1.,0.,-0.));
#15 = MANIFOLD_SOLID_BREP('',#16);
#16 = CLOSED_SHELL('',(#17,#137,#5114,#5205,#5288,#9453,#9532,#9579,
    #9633,#9680,#9707,#9734,#9761,#9788,#9815,#9842,#9849,#9894,#9921,
    #9948,#9975,#10000,#10027,#10054,#10081,#10108,#10133,#10160,#10187,
    #10214,#10241,#10266,#10291,#10318,#10345,#10372,#10399,#10424,
    #10449,#10476,#10503,#10530,#10557,#10582,#10609,#10636,#10663,
    #10690,#10715,#10742,#10769,#10796,#10823,#10848,#10855,#10900,
    #10927,#10954,#10981,#11008,#11033,#11058,#11083,#11110,#11137,
    #11164,#11191,#11216,#11243,#11270,#11295,#11322,#11349,#11374,
    #11401,#11428,#11453,#11480,#11507,#11532,#11559,#11586,#11611,
    #11638,#11665,#11690,#11717,#11744,#11769,#11796,#11823,#11850,
    #11877,#11902,#11927,#11952,#11979,#12006,#12033,#12060,#12085,
    #12112,#12119,#12146,#12193,#12220,#12247,#12274,#12301,#12328,
    #12355,#12362,#12389,#12436,#12463,#12490,#12517,#12544,#12571,
    #12598,#12605,#12652,#12679,#12706,#12733,#12760,#12787,#12814,
    #12821,#12866,#12893,#12918,#12945,#12972,#12999,#13026,#13053,
    #13080,#13087,#13134,#13161,#13188,#13215,#13242,#13269,#13296,
    #13303,#13330,#13357,#13404,#13431,#13458,#13485,#13512,#13539,
    #13566,#13573,#13620,#13647,#13674,#13701,#13728,#13755,#13782,
    #13789,#13816,#13863,#13890,#13917,#13944,#13971,#13998,#14025,
    #14032,#14079,#14106,#14133,#14160,#14187,#14214,#14241,#14248,
    #14275,#14323,#14447,#14495,#14619,#14669,#14719,#14790,#14841,
    #14848,#14855,#14861));
#17 = ADVANCED_FACE('',(#18),#32,.F.);
#18 = FACE_BOUND('',#19,.F.);
#19 = EDGE_LOOP('',(#20,#55,#83,#111));
#20 = ORIENTED_EDGE('',*,*,#21,.F.);
#21 = EDGE_CURVE('',#22,#24,#26,.T.);
#22 = VERTEX_POINT('',#23);
#23 = CARTESIAN_POINT('',(1.5,-1.110223024625E-16,0.));
#24 = VERTEX_POINT('',#25);
#25 = CARTESIAN_POINT('',(166.5,-1.110223024625E-16,0.));
#26 = SURFACE_CURVE('',#27,(#31,#43),.PCURVE_S1.);
#27 = LINE('',#28,#29);
#28 = CARTESIAN_POINT('',(0.,0.,0.));
#29 = VECTOR('',#30,1.);
#30 = DIRECTION('',(1.,0.,0.));
#31 = PCURVE('',#32,#37);
#32 = PLANE('',#33);
#33 = AXIS2_PLACEMENT_3D('',#34,#35,#36);
#34 = CARTESIAN_POINT('',(0.,0.,0.));
#35 = DIRECTION('',(0.,1.,0.));
#36 = DIRECTION('',(1.,0.,0.));
#37 = DEFINITIONAL_REPRESENTATION('',(#38),#42);
#38 = LINE('',#39,#40);
#39 = CARTESIAN_POINT('',(0.,0.));
#40 = VECTOR('',#41,1.);
#41 = DIRECTION('',(1.,0.));
#42 = ( GEOMETRIC_REPRESENTATION_CONTEXT(2) 
PARAMETRIC_REPRESENTATION_CONTEXT() REPRESENTATION_CONTEXT('2D SPACE',''
  ) );
#43 = PCURVE('',#44,#49);
#44 = PLANE('',#45);
#45 = AXIS2_PLACEMENT_3D('',#46,#47,#48);
#46 = CARTESIAN_POINT('',(84.,48.5,0.));
#47 = DIRECTION('',(0.,0.,1.));
#48 = DIRECTION('',(1.,0.,-0.));
#49 = DEFINITIONAL_REPRESENTATION('',(#50),#54);
#50 = LINE('',#51,#52);
#51 = CARTESIAN_POINT('',(-84.,-48.5));
#52 = VECTOR('',#53,1.);
#53 = DIRECTION('',(1.,0.));
#54 = ( GEOMETRIC_REPRESENTATION_CONTEXT(2) 
PARAMETRIC_REPRESENTATION_CONTEXT() REPRESENTATION_CONTEXT('2D SPACE',''
  ) );
#55 = ORIENTED_EDGE('',*,*,#56,.T.);
#56 = EDGE_CURVE('',#22,#57,#59,.T.);
#57 = VERTEX_POINT('',#58);
#58 = CARTESIAN_POINT('',(1.5,-2.22044604925E-16,2.));
#59 = SURFACE_CURVE('',#60,(#64,#71),.PCURVE_S1.);
#60 = LINE('',#61,#62);
#61 = CARTESIAN_POINT('',(1.5,-2.22044604925E-16,0.));
#62 = VECTOR('',#63,1.);
#63 = DIRECTION('',(0.,0.,1.));
#64 = PCURVE('',#32,#65);
#65 = DEFINITIONAL_REPRESENTATION('',(#66),#70);
#66 = LINE('',#67,#68);
#67 = CARTESIAN_POINT('',(1.5,0.));
#68 = VECTOR('',#69,1.);
#69 = DIRECTION('',(0.,-1.));
#70 = ( GEOMETRIC_REPRESENTATION_CONTEXT(2) 
PARAMETRIC_REPRESENTATION_CONTEXT() REPRESENTATION_CONTEXT('2D SPACE',''
  ) );
#71 = PCURVE('',#72,#77);
#72 = CYLINDRICAL_SURFACE('',#73,1.5);
#73 = AXIS2_PLACEMENT_3D('',#74,#75,#76);
#74 = CARTESIAN_POINT('',(1.5,1.5,0.));
#75 = DIRECTION('',(0.,0.,1.));
#76 = DIRECTION('',(0.,-1.,0.));
#77 = DEFINITIONAL_REPRESENTATION('',(#78),#82);
#78 = LINE('',#79,#80);
#79 = CARTESIAN_POINT('',(-0.,0.));
#80 = VECTOR('',#81,1.);
#81 = DIRECTION('',(-0.,1.));
#82 = ( GEOMETRIC_REPRESENTATION_CONTEXT(2) 
PARAMETRIC_REPRESENTATION_CONTEXT() REPRESENTATION_CONTEXT('2D SPACE',''
  ) );
#83 = ORIENTED_EDGE('',*,*,#84,.T.);
#84 = EDGE_CURVE('',#57,#85,#87,.T.);
#85 = VERTEX_POINT('',#86);
#86 = CARTESIAN_POINT('',(166.5,-2.22044604925E-16,2.));
#87 = SURFACE_CURVE('',#88,(#92,#99),.PCURVE_S1.);
#88 = LINE('',#89,#90);
#89 = CARTESIAN_POINT('',(0.,0.,2.));
#90 = VECTOR('',#91,1.);
#91 = DIRECTION('',(1.,0.,0.));
#92 = PCURVE('',#32,#93);
#93 = DEFINITIONAL_REPRESENTATION('',(#94),#98);
#94 = LINE('',#95,#96);
#95 = CARTESIAN_POINT('',(0.,-2.));
#96 = VECTOR('',#97,1.);
#97 = DIRECTION('',(1.,0.));
#98 = ( GEOMETRIC_REPRESENTATION_CONTEXT(2) 
PARAMETRIC_REPRESENTATION_CONTEXT() REPRESENTATION_CONTEXT('2D SPACE',''
  ) );
#99 = PCURVE('',#100,#105);
#100 = PLANE('',#101);
#101 = AXIS2_PLACEMENT_3D('',#102,#103,#104);
#102 = CARTESIAN_POINT('',(84.,48.5,2.));
#103 = DIRECTION('',(0.,0.,1.));
#104 = DIRECTION('',(1.,0.,-0.));
#105 = DEFINITIONAL_REPRESENTATION('',(#106),#110);
#106 = LINE('',#107,#108);
#107 = CARTESIAN_POINT('',(-84.,-48.5));
#108 = VECTOR('',#109,1.);
#109 = DIRECTION('',(1.,0.));
#110 = ( GEOMETRIC_REPRESENTATION_CONTEXT(2) 
PARAMETRIC_REPRESENTATION_CONTEXT() REPRESENTATION_CONTEXT('2D SPACE',''
  ) );
#111 = ORIENTED_EDGE('',*,*,#112,.F.);
#112 = EDGE_CURVE('',#24,#85,#113,.T.);
#113 = SURFACE_CURVE('',#114,(#118,#125),.PCURVE_S1.);
#114 = LINE('',#115,#116);
#115 = CARTESIAN_POINT('',(166.5,-2.22044604925E-16,0.));
#116 = VECTOR('',#117,1.);
#117 = DIRECTION('',(0.,0.,1.));
#118 = PCURVE('',#32,#119);
#119 = DEFINITIONAL_REPRESENTATION('',(#120),#124);
#120 = LINE('',#121,#122);
#121 = CARTESIAN_POINT('',(166.5,0.));
#122 = VECTOR('',#123,1.);
#123 = DIRECTION('',(0.,-1.));
#124 = ( GEOMETRIC_REPRESENTATION_CONTEXT(2) 
PARAMETRIC_REPRESENTATION_CONTEXT() REPRESENTATION_CONTEXT('2D SPACE',''
  ) );
#125 = PCURVE('',#126,#131);
#126 = CYLINDRICAL_SURFACE('',#127,1.5);
#127 = AXIS2_PLACEMENT_3D('',#128,#129,#130);
#128 = CARTESIAN_POINT('',(166.5,1.5,0.));
#129 = DIRECTION('',(0.,0.,1.));
#130 = DIRECTION('',(0.,-1.,0.));
#131 = DEFINITIONAL_REPRESENTATION('',(#132),#136);
#132 = LINE('',#133,#134);
#133 = CARTESIAN_POINT('',(0.,0.));
#134 = VECTOR('',#135,1.);
#135 = DIRECTION('',(0.,1.));
#136 = ( GEOMETRIC_REPRESENTATION_CONTEXT(2) 
PARAMETRIC_REPRESENTATION_CONTEXT() REPRESENTATION_CONTEXT('2D SPACE',''
  ) );
#137 = ADVANCED_FACE('',(#138,#223,#445,#1507,#2851,#2886,#3108,#3143,
    #3365,#3587,#3864,#4086,#4121,#4156,#4378,#4600,#4635,#4857,#5079),
  #44,.F.);
#138 = FACE_BOUND('',#139,.F.);
#139 = EDGE_LOOP('',(#140,#168,#169,#197));
#140 = ORIENTED_EDGE('',*,*,#141,.F.);
#141 = EDGE_CURVE('',#22,#142,#144,.T.);
#142 = VERTEX_POINT('',#143);
#143 = CARTESIAN_POINT('',(1.5,95.5,0.));
#144 = SURFACE_CURVE('',#145,(#149,#156),.PCURVE_S1.);
#145 = LINE('',#146,#147);
#146 = CARTESIAN_POINT('',(1.5,0.,0.));
#147 = VECTOR('',#148,1.);
#148 = DIRECTION('',(0.,1.,0.));
#149 = PCURVE('',#44,#150);
#150 = DEFINITIONAL_REPRESENTATION('',(#151),#155);
#151 = LINE('',#152,#153);
#152 = CARTESIAN_POINT('',(-82.5,-48.5));
#153 = VECTOR('',#154,1.);
#154 = DIRECTION('',(0.,1.));
#155 = ( GEOMETRIC_REPRESENTATION_CONTEXT(2) 
PARAMETRIC_REPRESENTATION_CONTEXT() REPRESENTATION_CONTEXT('2D SPACE',''
  ) );
#156 = PCURVE('',#157,#162);
#157 = PLANE('',#158);
#158 = AXIS2_PLACEMENT_3D('',#159,#160,#161);
#159 = CARTESIAN_POINT('',(1.5,0.,0.));
#160 = DIRECTION('',(1.,0.,0.));
#161 = DIRECTION('',(-0.,1.,0.));
#162 = DEFINITIONAL_REPRESENTATION('',(#163),#167);
#163 = LINE('',#164,#165);
#164 = CARTESIAN_POINT('',(0.,0.));
#165 = VECTOR('',#166,1.);
#166 = DIRECTION('',(1.,0.));
#167 = ( GEOMETRIC_REPRESENTATION_CONTEXT(2) 
PARAMETRIC_REPRESENTATION_CONTEXT() REPRESENTATION_CONTEXT('2D SPACE',''
  ) );
#168 = ORIENTED_EDGE('',*,*,#21,.T.);
#169 = ORIENTED_EDGE('',*,*,#170,.F.);
#170 = EDGE_CURVE('',#171,#24,#173,.T.);
#171 = VERTEX_POINT('',#172);
#172 = CARTESIAN_POINT('',(166.5,95.5,0.));
#173 = SURFACE_CURVE('',#174,(#178,#185),.PCURVE_S1.);
#174 = LINE('',#175,#176);
#175 = CARTESIAN_POINT('',(166.5,97.,0.));
#176 = VECTOR('',#177,1.);
#177 = DIRECTION('',(0.,-1.,0.));
#178 = PCURVE('',#44,#179);
#179 = DEFINITIONAL_REPRESENTATION('',(#180),#184);
#180 = LINE('',#181,#182);
#181 = CARTESIAN_POINT('',(82.5,48.5));
#182 = VECTOR('',#183,1.);
#183 = DIRECTION('',(0.,-1.));
#184 = ( GEOMETRIC_REPRESENTATION_CONTEXT(2) 
PARAMETRIC_REPRESENTATION_CONTEXT() REPRESENTATION_CONTEXT('2D SPACE',''
  ) );
#185 = PCURVE('',#186,#191);
#186 = PLANE('',#187);
#187 = AXIS2_PLACEMENT_3D('',#188,#189,#190);
#188 = CARTESIAN_POINT('',(166.5,97.,0.));
#189 = DIRECTION('',(-1.,0.,0.));
#190 = DIRECTION('',(0.,-1.,0.));
#191 = DEFINITIONAL_REPRESENTATION('',(#192),#196);
#192 = LINE('',#193,#194);
#193 = CARTESIAN_POINT('',(0.,0.));
#194 = VECTOR('',#195,1.);
#195 = DIRECTION('',(1.,0.));
#196 = ( GEOMETRIC_REPRESENTATION_CONTEXT(2) 
PARAMETRIC_REPRESENTATION_CONTEXT() REPRESENTATION_CONTEXT('2D SPACE',''
  ) );
#197 = ORIENTED_EDGE('',*,*,#198,.F.);
#198 = EDGE_CURVE('',#142,#171,#199,.T.);
#199 = SURFACE_CURVE('',#200,(#204,#211),.PCURVE_S1.);
#200 = LINE('',#201,#202);
#201 = CARTESIAN_POINT('',(0.,95.5,0.));
#202 = VECTOR('',#203,1.);
#203 = DIRECTION('',(1.,0.,0.));
#204 = PCURVE('',#44,#205);
#205 = DEFINITIONAL_REPRESENTATION('',(#206),#210);
#206 = LINE('',#207,#208);
#207 = CARTESIAN_POINT('',(-84.,47.));
#208 = VECTOR('',#209,1.);
#209 = DIRECTION('',(1.,0.));
#210 = ( GEOMETRIC_REPRESENTATION_CONTEXT(2) 
PARAMETRIC_REPRESENTATION_CONTEXT() REPRESENTATION_CONTEXT('2D SPACE',''
  ) );
#211 = PCURVE('',#212,#217);
#212 = PLANE('',#213);
#213 = AXIS2_PLACEMENT_3D('',#214,#215,#216);
#214 = CARTESIAN_POINT('',(0.,95.5,0.));
#215 = DIRECTION('',(0.,-1.,0.));
#216 = DIRECTION('',(1.,0.,0.));
#217 = DEFINITIONAL_REPRESENTATION('',(#218),#222);
#218 = LINE('',#219,#220);
#219 = CARTESIAN_POINT('',(0.,0.));
#220 = VECTOR('',#221,1.);
#221 = DIRECTION('',(1.,0.));
#222 = ( GEOMETRIC_REPRESENTATION_CONTEXT(2) 
PARAMETRIC_REPRESENTATION_CONTEXT() REPRESENTATION_CONTEXT('2D SPACE',''
  ) );
#223 = FACE_BOUND('',#224,.F.);
#224 = EDGE_LOOP('',(#225,#256,#282,#311,#337,#366,#392,#421));
#225 = ORIENTED_EDGE('',*,*,#226,.F.);
#226 = EDGE_CURVE('',#227,#229,#231,.T.);
#227 = VERTEX_POINT('',#228);
#228 = CARTESIAN_POINT('',(16.778515625,14.666666666667,0.));
#229 = VERTEX_POINT('',#230);
#230 = CARTESIAN_POINT('',(18.778515625,16.666666666667,0.));
#231 = SURFACE_CURVE('',#232,(#237,#244),.PCURVE_S1.);
#232 = CIRCLE('',#233,2.);
#233 = AXIS2_PLACEMENT_3D('',#234,#235,#236);
#234 = CARTESIAN_POINT('',(16.778515625,16.666666666667,0.));
#235 = DIRECTION('',(0.,0.,1.));
#236 = DIRECTION('',(0.,-1.,0.));
#237 = PCURVE('',#44,#238);
#238 = DEFINITIONAL_REPRESENTATION('',(#239),#243);
#239 = CIRCLE('',#240,2.);
#240 = AXIS2_PLACEMENT_2D('',#241,#242);
#241 = CARTESIAN_POINT('',(-67.221484375,-31.83333333333));
#242 = DIRECTION('',(0.,-1.));
#243 = ( GEOMETRIC_REPRESENTATION_CONTEXT(2) 
PARAMETRIC_REPRESENTATION_CONTEXT() REPRESENTATION_CONTEXT('2D SPACE',''
  ) );
#244 = PCURVE('',#245,#250);
#245 = CYLINDRICAL_SURFACE('',#246,2.);
#246 = AXIS2_PLACEMENT_3D('',#247,#248,#249);
#247 = CARTESIAN_POINT('',(16.778515625,16.666666666667,-1.));
#248 = DIRECTION('',(0.,0.,1.));
#249 = DIRECTION('',(0.,-1.,0.));
#250 = DEFINITIONAL_REPRESENTATION('',(#251),#255);
#251 = LINE('',#252,#253);
#252 = CARTESIAN_POINT('',(0.,1.));
#253 = VECTOR('',#254,1.);
#254 = DIRECTION('',(1.,0.));
#255 = ( GEOMETRIC_REPRESENTATION_CONTEXT(2) 
PARAMETRIC_REPRESENTATION_CONTEXT() REPRESENTATION_CONTEXT('2D SPACE',''
  ) );
#256 = ORIENTED_EDGE('',*,*,#257,.T.);
#257 = EDGE_CURVE('',#227,#258,#260,.T.);
#258 = VERTEX_POINT('',#259);
#259 = CARTESIAN_POINT('',(10.455859375,14.666666666667,0.));
#260 = SURFACE_CURVE('',#261,(#265,#271),.PCURVE_S1.);
#261 = LINE('',#262,#263);
#262 = CARTESIAN_POINT('',(46.2279296875,14.666666666667,0.));
#263 = VECTOR('',#264,1.);
#264 = DIRECTION('',(-1.,0.,0.));
#265 = PCURVE('',#44,#266);
#266 = DEFINITIONAL_REPRESENTATION('',(#267),#270);
#267 = B_SPLINE_CURVE_WITH_KNOTS('',1,(#268,#269),.UNSPECIFIED.,.F.,.F.,
  (2,2),(29.4494140625,35.7720703125),.PIECEWISE_BEZIER_KNOTS.);
#268 = CARTESIAN_POINT('',(-67.221484375,-33.83333333333));
#269 = CARTESIAN_POINT('',(-73.544140625,-33.83333333333));
#270 = ( GEOMETRIC_REPRESENTATION_CONTEXT(2) 
PARAMETRIC_REPRESENTATION_CONTEXT() REPRESENTATION_CONTEXT('2D SPACE',''
  ) );
#271 = PCURVE('',#272,#277);
#272 = PLANE('',#273);
#273 = AXIS2_PLACEMENT_3D('',#274,#275,#276);
#274 = CARTESIAN_POINT('',(8.455859375,14.666666666667,-1.));
#275 = DIRECTION('',(0.,1.,0.));
#276 = DIRECTION('',(1.,0.,0.));
#277 = DEFINITIONAL_REPRESENTATION('',(#278),#281);
#278 = B_SPLINE_CURVE_WITH_KNOTS('',1,(#279,#280),.UNSPECIFIED.,.F.,.F.,
  (2,2),(29.4494140625,35.7720703125),.PIECEWISE_BEZIER_KNOTS.);
#279 = CARTESIAN_POINT('',(8.32265625,-1.));
#280 = CARTESIAN_POINT('',(2.,-1.));
#281 = ( GEOMETRIC_REPRESENTATION_CONTEXT(2) 
PARAMETRIC_REPRESENTATION_CONTEXT() REPRESENTATION_CONTEXT('2D SPACE',''
  ) );
#282 = ORIENTED_EDGE('',*,*,#283,.F.);
#283 = EDGE_CURVE('',#284,#258,#286,.T.);
#284 = VERTEX_POINT('',#285);
#285 = CARTESIAN_POINT('',(8.455859375,16.666666666667,0.));
#286 = SURFACE_CURVE('',#287,(#292,#299),.PCURVE_S1.);
#287 = CIRCLE('',#288,2.);
#288 = AXIS2_PLACEMENT_3D('',#289,#290,#291);
#289 = CARTESIAN_POINT('',(10.455859375,16.666666666667,0.));
#290 = DIRECTION('',(0.,0.,1.));
#291 = DIRECTION('',(0.,-1.,0.));
#292 = PCURVE('',#44,#293);
#293 = DEFINITIONAL_REPRESENTATION('',(#294),#298);
#294 = CIRCLE('',#295,2.);
#295 = AXIS2_PLACEMENT_2D('',#296,#297);
#296 = CARTESIAN_POINT('',(-73.544140625,-31.83333333333));
#297 = DIRECTION('',(0.,-1.));
#298 = ( GEOMETRIC_REPRESENTATION_CONTEXT(2) 
PARAMETRIC_REPRESENTATION_CONTEXT() REPRESENTATION_CONTEXT('2D SPACE',''
  ) );
#299 = PCURVE('',#300,#305);
#300 = CYLINDRICAL_SURFACE('',#301,2.);
#301 = AXIS2_PLACEMENT_3D('',#302,#303,#304);
#302 = CARTESIAN_POINT('',(10.455859375,16.666666666667,-1.));
#303 = DIRECTION('',(0.,0.,1.));
#304 = DIRECTION('',(0.,-1.,0.));
#305 = DEFINITIONAL_REPRESENTATION('',(#306),#310);
#306 = LINE('',#307,#308);
#307 = CARTESIAN_POINT('',(-6.28318530718,1.));
#308 = VECTOR('',#309,1.);
#309 = DIRECTION('',(1.,-0.));
#310 = ( GEOMETRIC_REPRESENTATION_CONTEXT(2) 
PARAMETRIC_REPRESENTATION_CONTEXT() REPRESENTATION_CONTEXT('2D SPACE',''
  ) );
#311 = ORIENTED_EDGE('',*,*,#312,.T.);
#312 = EDGE_CURVE('',#284,#313,#315,.T.);
#313 = VERTEX_POINT('',#314);
#314 = CARTESIAN_POINT('',(8.455859375,33.903333333333,0.));
#315 = SURFACE_CURVE('',#316,(#320,#326),.PCURVE_S1.);
#316 = LINE('',#317,#318);
#317 = CARTESIAN_POINT('',(8.455859375,42.201666666667,0.));
#318 = VECTOR('',#319,1.);
#319 = DIRECTION('',(-0.,1.,0.));
#320 = PCURVE('',#44,#321);
#321 = DEFINITIONAL_REPRESENTATION('',(#322),#325);
#322 = B_SPLINE_CURVE_WITH_KNOTS('',1,(#323,#324),.UNSPECIFIED.,.F.,.F.,
  (2,2),(-25.535,-8.298333333333),.PIECEWISE_BEZIER_KNOTS.);
#323 = CARTESIAN_POINT('',(-75.544140625,-31.83333333333));
#324 = CARTESIAN_POINT('',(-75.544140625,-14.59666666666));
#325 = ( GEOMETRIC_REPRESENTATION_CONTEXT(2) 
PARAMETRIC_REPRESENTATION_CONTEXT() REPRESENTATION_CONTEXT('2D SPACE',''
  ) );
#326 = PCURVE('',#327,#332);
#327 = PLANE('',#328);
#328 = AXIS2_PLACEMENT_3D('',#329,#330,#331);
#329 = CARTESIAN_POINT('',(8.455859375,35.903333333333,-1.));
#330 = DIRECTION('',(1.,0.,-0.));
#331 = DIRECTION('',(0.,-1.,0.));
#332 = DEFINITIONAL_REPRESENTATION('',(#333),#336);
#333 = B_SPLINE_CURVE_WITH_KNOTS('',1,(#334,#335),.UNSPECIFIED.,.F.,.F.,
  (2,2),(-25.535,-8.298333333333),.PIECEWISE_BEZIER_KNOTS.);
#334 = CARTESIAN_POINT('',(19.236666666667,-1.));
#335 = CARTESIAN_POINT('',(2.,-1.));
#336 = ( GEOMETRIC_REPRESENTATION_CONTEXT(2) 
PARAMETRIC_REPRESENTATION_CONTEXT() REPRESENTATION_CONTEXT('2D SPACE',''
  ) );
#337 = ORIENTED_EDGE('',*,*,#338,.F.);
#338 = EDGE_CURVE('',#339,#313,#341,.T.);
#339 = VERTEX_POINT('',#340);
#340 = CARTESIAN_POINT('',(10.455859375,35.903333333333,0.));
#341 = SURFACE_CURVE('',#342,(#347,#354),.PCURVE_S1.);
#342 = CIRCLE('',#343,2.);
#343 = AXIS2_PLACEMENT_3D('',#344,#345,#346);
#344 = CARTESIAN_POINT('',(10.455859375,33.903333333333,0.));
#345 = DIRECTION('',(0.,0.,1.));
#346 = DIRECTION('',(-0.,1.,0.));
#347 = PCURVE('',#44,#348);
#348 = DEFINITIONAL_REPRESENTATION('',(#349),#353);
#349 = CIRCLE('',#350,2.);
#350 = AXIS2_PLACEMENT_2D('',#351,#352);
#351 = CARTESIAN_POINT('',(-73.544140625,-14.59666666666));
#352 = DIRECTION('',(0.,1.));
#353 = ( GEOMETRIC_REPRESENTATION_CONTEXT(2) 
PARAMETRIC_REPRESENTATION_CONTEXT() REPRESENTATION_CONTEXT('2D SPACE',''
  ) );
#354 = PCURVE('',#355,#360);
#355 = CYLINDRICAL_SURFACE('',#356,2.);
#356 = AXIS2_PLACEMENT_3D('',#357,#358,#359);
#357 = CARTESIAN_POINT('',(10.455859375,33.903333333333,-1.));
#358 = DIRECTION('',(0.,0.,1.));
#359 = DIRECTION('',(-0.,1.,0.));
#360 = DEFINITIONAL_REPRESENTATION('',(#361),#365);
#361 = LINE('',#362,#363);
#362 = CARTESIAN_POINT('',(0.,1.));
#363 = VECTOR('',#364,1.);
#364 = DIRECTION('',(1.,0.));
#365 = ( GEOMETRIC_REPRESENTATION_CONTEXT(2) 
PARAMETRIC_REPRESENTATION_CONTEXT() REPRESENTATION_CONTEXT('2D SPACE',''
  ) );
#366 = ORIENTED_EDGE('',*,*,#367,.T.);
#367 = EDGE_CURVE('',#339,#368,#370,.T.);
#368 = VERTEX_POINT('',#369);
#369 = CARTESIAN_POINT('',(16.778515625,35.903333333333,0.));
#370 = SURFACE_CURVE('',#371,(#375,#381),.PCURVE_S1.);
#371 = LINE('',#372,#373);
#372 = CARTESIAN_POINT('',(51.3892578125,35.903333333333,0.));
#373 = VECTOR('',#374,1.);
#374 = DIRECTION('',(1.,0.,-0.));
#375 = PCURVE('',#44,#376);
#376 = DEFINITIONAL_REPRESENTATION('',(#377),#380);
#377 = B_SPLINE_CURVE_WITH_KNOTS('',1,(#378,#379),.UNSPECIFIED.,.F.,.F.,
  (2,2),(-40.9333984375,-34.6107421875),.PIECEWISE_BEZIER_KNOTS.);
#378 = CARTESIAN_POINT('',(-73.544140625,-12.59666666666));
#379 = CARTESIAN_POINT('',(-67.221484375,-12.59666666666));
#380 = ( GEOMETRIC_REPRESENTATION_CONTEXT(2) 
PARAMETRIC_REPRESENTATION_CONTEXT() REPRESENTATION_CONTEXT('2D SPACE',''
  ) );
#381 = PCURVE('',#382,#387);
#382 = PLANE('',#383);
#383 = AXIS2_PLACEMENT_3D('',#384,#385,#386);
#384 = CARTESIAN_POINT('',(18.778515625,35.903333333333,-1.));
#385 = DIRECTION('',(0.,-1.,0.));
#386 = DIRECTION('',(-1.,0.,0.));
#387 = DEFINITIONAL_REPRESENTATION('',(#388),#391);
#388 = B_SPLINE_CURVE_WITH_KNOTS('',1,(#389,#390),.UNSPECIFIED.,.F.,.F.,
  (2,2),(-40.9333984375,-34.6107421875),.PIECEWISE_BEZIER_KNOTS.);
#389 = CARTESIAN_POINT('',(8.32265625,-1.));
#390 = CARTESIAN_POINT('',(2.,-1.));
#391 = ( GEOMETRIC_REPRESENTATION_CONTEXT(2) 
PARAMETRIC_REPRESENTATION_CONTEXT() REPRESENTATION_CONTEXT('2D SPACE',''
  ) );
#392 = ORIENTED_EDGE('',*,*,#393,.F.);
#393 = EDGE_CURVE('',#394,#368,#396,.T.);
#394 = VERTEX_POINT('',#395);
#395 = CARTESIAN_POINT('',(18.778515625,33.903333333333,0.));
#396 = SURFACE_CURVE('',#397,(#402,#409),.PCURVE_S1.);
#397 = CIRCLE('',#398,2.);
#398 = AXIS2_PLACEMENT_3D('',#399,#400,#401);
#399 = CARTESIAN_POINT('',(16.778515625,33.903333333333,0.));
#400 = DIRECTION('',(0.,0.,1.));
#401 = DIRECTION('',(1.,0.,-0.));
#402 = PCURVE('',#44,#403);
#403 = DEFINITIONAL_REPRESENTATION('',(#404),#408);
#404 = CIRCLE('',#405,2.);
#405 = AXIS2_PLACEMENT_2D('',#406,#407);
#406 = CARTESIAN_POINT('',(-67.221484375,-14.59666666666));
#407 = DIRECTION('',(1.,0.));
#408 = ( GEOMETRIC_REPRESENTATION_CONTEXT(2) 
PARAMETRIC_REPRESENTATION_CONTEXT() REPRESENTATION_CONTEXT('2D SPACE',''
  ) );
#409 = PCURVE('',#410,#415);
#410 = CYLINDRICAL_SURFACE('',#411,2.);
#411 = AXIS2_PLACEMENT_3D('',#412,#413,#414);
#412 = CARTESIAN_POINT('',(16.778515625,33.903333333333,-1.));
#413 = DIRECTION('',(0.,0.,1.));
#414 = DIRECTION('',(1.,0.,-0.));
#415 = DEFINITIONAL_REPRESENTATION('',(#416),#420);
#416 = LINE('',#417,#418);
#417 = CARTESIAN_POINT('',(0.,1.));
#418 = VECTOR('',#419,1.);
#419 = DIRECTION('',(1.,0.));
#420 = ( GEOMETRIC_REPRESENTATION_CONTEXT(2) 
PARAMETRIC_REPRESENTATION_CONTEXT() REPRESENTATION_CONTEXT('2D SPACE',''
  ) );
#421 = ORIENTED_EDGE('',*,*,#422,.T.);
#422 = EDGE_CURVE('',#394,#229,#423,.T.);
#423 = SURFACE_CURVE('',#424,(#428,#434),.PCURVE_S1.);
#424 = LINE('',#425,#426);
#425 = CARTESIAN_POINT('',(18.778515625,31.583333333333,0.));
#426 = VECTOR('',#427,1.);
#427 = DIRECTION('',(0.,-1.,0.));
#428 = PCURVE('',#44,#429);
#429 = DEFINITIONAL_REPRESENTATION('',(#430),#433);
#430 = B_SPLINE_CURVE_WITH_KNOTS('',1,(#431,#432),.UNSPECIFIED.,.F.,.F.,
  (2,2),(-2.32,14.916666666667),.PIECEWISE_BEZIER_KNOTS.);
#431 = CARTESIAN_POINT('',(-65.221484375,-14.59666666666));
#432 = CARTESIAN_POINT('',(-65.221484375,-31.83333333333));
#433 = ( GEOMETRIC_REPRESENTATION_CONTEXT(2) 
PARAMETRIC_REPRESENTATION_CONTEXT() REPRESENTATION_CONTEXT('2D SPACE',''
  ) );
#434 = PCURVE('',#435,#440);
#435 = PLANE('',#436);
#436 = AXIS2_PLACEMENT_3D('',#437,#438,#439);
#437 = CARTESIAN_POINT('',(18.778515625,14.666666666667,-1.));
#438 = DIRECTION('',(-1.,0.,0.));
#439 = DIRECTION('',(0.,1.,0.));
#440 = DEFINITIONAL_REPRESENTATION('',(#441),#444);
#441 = B_SPLINE_CURVE_WITH_KNOTS('',1,(#442,#443),.UNSPECIFIED.,.F.,.F.,
  (2,2),(-2.32,14.916666666667),.PIECEWISE_BEZIER_KNOTS.);
#442 = CARTESIAN_POINT('',(19.236666666667,-1.));
#443 = CARTESIAN_POINT('',(2.,-1.));
#444 = ( GEOMETRIC_REPRESENTATION_CONTEXT(2) 
PARAMETRIC_REPRESENTATION_CONTEXT() REPRESENTATION_CONTEXT('2D SPACE',''
  ) );
#445 = FACE_BOUND('',#446,.F.);
#446 = EDGE_LOOP('',(#447,#478,#507,#533,#562,#588,#617,#646,#672,#701,
    #730,#756,#785,#814,#840,#869,#895,#924,#953,#979,#1008,#1037,#1063,
    #1092,#1118,#1147,#1176,#1202,#1231,#1260,#1286,#1315,#1344,#1370,
    #1399,#1425,#1454,#1483));
#447 = ORIENTED_EDGE('',*,*,#448,.F.);
#448 = EDGE_CURVE('',#449,#451,#453,.T.);
#449 = VERTEX_POINT('',#450);
#450 = CARTESIAN_POINT('',(44.146484375,14.619331940791,0.));
#451 = VERTEX_POINT('',#452);
#452 = CARTESIAN_POINT('',(45.147265625,14.236666666667,0.));
#453 = SURFACE_CURVE('',#454,(#459,#466),.PCURVE_S1.);
#454 = CIRCLE('',#455,1.5);
#455 = AXIS2_PLACEMENT_3D('',#456,#457,#458);
#456 = CARTESIAN_POINT('',(45.147265625,15.736666666667,0.));
#457 = DIRECTION('',(0.,0.,1.));
#458 = DIRECTION('',(0.,-1.,0.));
#459 = PCURVE('',#44,#460);
#460 = DEFINITIONAL_REPRESENTATION('',(#461),#465);
#461 = CIRCLE('',#462,1.5);
#462 = AXIS2_PLACEMENT_2D('',#463,#464);
#463 = CARTESIAN_POINT('',(-38.852734375,-32.76333333333));
#464 = DIRECTION('',(0.,-1.));
#465 = ( GEOMETRIC_REPRESENTATION_CONTEXT(2) 
PARAMETRIC_REPRESENTATION_CONTEXT() REPRESENTATION_CONTEXT('2D SPACE',''
  ) );
#466 = PCURVE('',#467,#472);
#467 = CYLINDRICAL_SURFACE('',#468,1.5);
#468 = AXIS2_PLACEMENT_3D('',#469,#470,#471);
#469 = CARTESIAN_POINT('',(45.147265625,15.736666666667,-1.));
#470 = DIRECTION('',(0.,0.,1.));
#471 = DIRECTION('',(0.,-1.,0.));
#472 = DEFINITIONAL_REPRESENTATION('',(#473),#477);
#473 = LINE('',#474,#475);
#474 = CARTESIAN_POINT('',(-6.28318530718,1.));
#475 = VECTOR('',#476,1.);
#476 = DIRECTION('',(1.,-0.));
#477 = ( GEOMETRIC_REPRESENTATION_CONTEXT(2) 
PARAMETRIC_REPRESENTATION_CONTEXT() REPRESENTATION_CONTEXT('2D SPACE',''
  ) );
#478 = ORIENTED_EDGE('',*,*,#479,.F.);
#479 = EDGE_CURVE('',#480,#449,#482,.T.);
#480 = VERTEX_POINT('',#481);
#481 = CARTESIAN_POINT('',(43.145703125,14.236666666667,0.));
#482 = SURFACE_CURVE('',#483,(#488,#495),.PCURVE_S1.);
#483 = CIRCLE('',#484,1.5);
#484 = AXIS2_PLACEMENT_3D('',#485,#486,#487);
#485 = CARTESIAN_POINT('',(43.145703125,15.736666666667,0.));
#486 = DIRECTION('',(0.,0.,1.));
#487 = DIRECTION('',(0.,-1.,0.));
#488 = PCURVE('',#44,#489);
#489 = DEFINITIONAL_REPRESENTATION('',(#490),#494);
#490 = CIRCLE('',#491,1.5);
#491 = AXIS2_PLACEMENT_2D('',#492,#493);
#492 = CARTESIAN_POINT('',(-40.854296875,-32.76333333333));
#493 = DIRECTION('',(0.,-1.));
#494 = ( GEOMETRIC_REPRESENTATION_CONTEXT(2) 
PARAMETRIC_REPRESENTATION_CONTEXT() REPRESENTATION_CONTEXT('2D SPACE',''
  ) );
#495 = PCURVE('',#496,#501);
#496 = CYLINDRICAL_SURFACE('',#497,1.5);
#497 = AXIS2_PLACEMENT_3D('',#498,#499,#500);
#498 = CARTESIAN_POINT('',(43.145703125,15.736666666667,-1.));
#499 = DIRECTION('',(0.,0.,1.));
#500 = DIRECTION('',(0.,-1.,0.));
#501 = DEFINITIONAL_REPRESENTATION('',(#502),#506);
#502 = LINE('',#503,#504);
#503 = CARTESIAN_POINT('',(0.,1.));
#504 = VECTOR('',#505,1.);
#505 = DIRECTION('',(1.,0.));
#506 = ( GEOMETRIC_REPRESENTATION_CONTEXT(2) 
PARAMETRIC_REPRESENTATION_CONTEXT() REPRESENTATION_CONTEXT('2D SPACE',''
  ) );
#507 = ORIENTED_EDGE('',*,*,#508,.T.);
#508 = EDGE_CURVE('',#480,#509,#511,.T.);
#509 = VERTEX_POINT('',#510);
#510 = CARTESIAN_POINT('',(21.23515625,14.236666666667,0.));
#511 = SURFACE_CURVE('',#512,(#516,#522),.PCURVE_S1.);
#512 = LINE('',#513,#514);
#513 = CARTESIAN_POINT('',(51.867578125,14.236666666667,0.));
#514 = VECTOR('',#515,1.);
#515 = DIRECTION('',(-1.,0.,0.));
#516 = PCURVE('',#44,#517);
#517 = DEFINITIONAL_REPRESENTATION('',(#518),#521);
#518 = B_SPLINE_CURVE_WITH_KNOTS('',1,(#519,#520),.UNSPECIFIED.,.F.,.F.,
  (2,2),(8.721875,30.632421875),.PIECEWISE_BEZIER_KNOTS.);
#519 = CARTESIAN_POINT('',(-40.854296875,-34.26333333333));
#520 = CARTESIAN_POINT('',(-62.76484375,-34.26333333333));
#521 = ( GEOMETRIC_REPRESENTATION_CONTEXT(2) 
PARAMETRIC_REPRESENTATION_CONTEXT() REPRESENTATION_CONTEXT('2D SPACE',''
  ) );
#522 = PCURVE('',#523,#528);
#523 = PLANE('',#524);
#524 = AXIS2_PLACEMENT_3D('',#525,#526,#527);
#525 = CARTESIAN_POINT('',(19.73515625,14.236666666667,-1.));
#526 = DIRECTION('',(0.,1.,0.));
#527 = DIRECTION('',(1.,0.,0.));
#528 = DEFINITIONAL_REPRESENTATION('',(#529),#532);
#529 = B_SPLINE_CURVE_WITH_KNOTS('',1,(#530,#531),.UNSPECIFIED.,.F.,.F.,
  (2,2),(8.721875,30.632421875),.PIECEWISE_BEZIER_KNOTS.);
#530 = CARTESIAN_POINT('',(23.410546875,-1.));
#531 = CARTESIAN_POINT('',(1.5,-1.));
#532 = ( GEOMETRIC_REPRESENTATION_CONTEXT(2) 
PARAMETRIC_REPRESENTATION_CONTEXT() REPRESENTATION_CONTEXT('2D SPACE',''
  ) );
#533 = ORIENTED_EDGE('',*,*,#534,.F.);
#534 = EDGE_CURVE('',#535,#509,#537,.T.);
#535 = VERTEX_POINT('',#536);
#536 = CARTESIAN_POINT('',(19.73515625,15.736666666667,0.));
#537 = SURFACE_CURVE('',#538,(#543,#550),.PCURVE_S1.);
#538 = CIRCLE('',#539,1.5);
#539 = AXIS2_PLACEMENT_3D('',#540,#541,#542);
#540 = CARTESIAN_POINT('',(21.23515625,15.736666666667,0.));
#541 = DIRECTION('',(0.,0.,1.));
#542 = DIRECTION('',(0.,-1.,0.));
#543 = PCURVE('',#44,#544);
#544 = DEFINITIONAL_REPRESENTATION('',(#545),#549);
#545 = CIRCLE('',#546,1.5);
#546 = AXIS2_PLACEMENT_2D('',#547,#548);
#547 = CARTESIAN_POINT('',(-62.76484375,-32.76333333333));
#548 = DIRECTION('',(0.,-1.));
#549 = ( GEOMETRIC_REPRESENTATION_CONTEXT(2) 
PARAMETRIC_REPRESENTATION_CONTEXT() REPRESENTATION_CONTEXT('2D SPACE',''
  ) );
#550 = PCURVE('',#551,#556);
#551 = CYLINDRICAL_SURFACE('',#552,1.5);
#552 = AXIS2_PLACEMENT_3D('',#553,#554,#555);
#553 = CARTESIAN_POINT('',(21.23515625,15.736666666667,-1.));
#554 = DIRECTION('',(0.,0.,1.));
#555 = DIRECTION('',(0.,-1.,0.));
#556 = DEFINITIONAL_REPRESENTATION('',(#557),#561);
#557 = LINE('',#558,#559);
#558 = CARTESIAN_POINT('',(-6.28318530718,1.));
#559 = VECTOR('',#560,1.);
#560 = DIRECTION('',(1.,-0.));
#561 = ( GEOMETRIC_REPRESENTATION_CONTEXT(2) 
PARAMETRIC_REPRESENTATION_CONTEXT() REPRESENTATION_CONTEXT('2D SPACE',''
  ) );
#562 = ORIENTED_EDGE('',*,*,#563,.T.);
#563 = EDGE_CURVE('',#535,#564,#566,.T.);
#564 = VERTEX_POINT('',#565);
#565 = CARTESIAN_POINT('',(19.73515625,26.95,0.));
#566 = SURFACE_CURVE('',#567,(#571,#577),.PCURVE_S1.);
#567 = LINE('',#568,#569);
#568 = CARTESIAN_POINT('',(19.73515625,38.475,0.));
#569 = VECTOR('',#570,1.);
#570 = DIRECTION('',(-0.,1.,0.));
#571 = PCURVE('',#44,#572);
#572 = DEFINITIONAL_REPRESENTATION('',(#573),#576);
#573 = B_SPLINE_CURVE_WITH_KNOTS('',1,(#574,#575),.UNSPECIFIED.,.F.,.F.,
  (2,2),(-22.73833333333,-11.525),.PIECEWISE_BEZIER_KNOTS.);
#574 = CARTESIAN_POINT('',(-64.26484375,-32.76333333333));
#575 = CARTESIAN_POINT('',(-64.26484375,-21.55));
#576 = ( GEOMETRIC_REPRESENTATION_CONTEXT(2) 
PARAMETRIC_REPRESENTATION_CONTEXT() REPRESENTATION_CONTEXT('2D SPACE',''
  ) );
#577 = PCURVE('',#578,#583);
#578 = PLANE('',#579);
#579 = AXIS2_PLACEMENT_3D('',#580,#581,#582);
#580 = CARTESIAN_POINT('',(19.73515625,28.45,-1.));
#581 = DIRECTION('',(1.,0.,-0.));
#582 = DIRECTION('',(0.,-1.,0.));
#583 = DEFINITIONAL_REPRESENTATION('',(#584),#587);
#584 = B_SPLINE_CURVE_WITH_KNOTS('',1,(#585,#586),.UNSPECIFIED.,.F.,.F.,
  (2,2),(-22.73833333333,-11.525),.PIECEWISE_BEZIER_KNOTS.);
#585 = CARTESIAN_POINT('',(12.713333333333,-1.));
#586 = CARTESIAN_POINT('',(1.5,-1.));
#587 = ( GEOMETRIC_REPRESENTATION_CONTEXT(2) 
PARAMETRIC_REPRESENTATION_CONTEXT() REPRESENTATION_CONTEXT('2D SPACE',''
  ) );
#588 = ORIENTED_EDGE('',*,*,#589,.F.);
#589 = EDGE_CURVE('',#590,#564,#592,.T.);
#590 = VERTEX_POINT('',#591);
#591 = CARTESIAN_POINT('',(20.105338172215,27.936666666667,0.));
#592 = SURFACE_CURVE('',#593,(#598,#605),.PCURVE_S1.);
#593 = CIRCLE('',#594,1.5);
#594 = AXIS2_PLACEMENT_3D('',#595,#596,#597);
#595 = CARTESIAN_POINT('',(21.23515625,26.95,0.));
#596 = DIRECTION('',(0.,0.,1.));
#597 = DIRECTION('',(-0.,1.,0.));
#598 = PCURVE('',#44,#599);
#599 = DEFINITIONAL_REPRESENTATION('',(#600),#604);
#600 = CIRCLE('',#601,1.5);
#601 = AXIS2_PLACEMENT_2D('',#602,#603);
#602 = CARTESIAN_POINT('',(-62.76484375,-21.55));
#603 = DIRECTION('',(0.,1.));
#604 = ( GEOMETRIC_REPRESENTATION_CONTEXT(2) 
PARAMETRIC_REPRESENTATION_CONTEXT() REPRESENTATION_CONTEXT('2D SPACE',''
  ) );
#605 = PCURVE('',#606,#611);
#606 = CYLINDRICAL_SURFACE('',#607,1.5);
#607 = AXIS2_PLACEMENT_3D('',#608,#609,#610);
#608 = CARTESIAN_POINT('',(21.23515625,26.95,-1.));
#609 = DIRECTION('',(0.,0.,1.));
#610 = DIRECTION('',(-0.,1.,0.));
#611 = DEFINITIONAL_REPRESENTATION('',(#612),#616);
#612 = LINE('',#613,#614);
#613 = CARTESIAN_POINT('',(0.,1.));
#614 = VECTOR('',#615,1.);
#615 = DIRECTION('',(1.,0.));
#616 = ( GEOMETRIC_REPRESENTATION_CONTEXT(2) 
PARAMETRIC_REPRESENTATION_CONTEXT() REPRESENTATION_CONTEXT('2D SPACE',''
  ) );
#617 = ORIENTED_EDGE('',*,*,#618,.F.);
#618 = EDGE_CURVE('',#619,#590,#621,.T.);
#619 = VERTEX_POINT('',#620);
#620 = CARTESIAN_POINT('',(19.73515625,28.923333333333,0.));
#621 = SURFACE_CURVE('',#622,(#627,#634),.PCURVE_S1.);
#622 = CIRCLE('',#623,1.5);
#623 = AXIS2_PLACEMENT_3D('',#624,#625,#626);
#624 = CARTESIAN_POINT('',(21.23515625,28.923333333333,0.));
#625 = DIRECTION('',(0.,0.,1.));
#626 = DIRECTION('',(0.,-1.,0.));
#627 = PCURVE('',#44,#628);
#628 = DEFINITIONAL_REPRESENTATION('',(#629),#633);
#629 = CIRCLE('',#630,1.5);
#630 = AXIS2_PLACEMENT_2D('',#631,#632);
#631 = CARTESIAN_POINT('',(-62.76484375,-19.57666666666));
#632 = DIRECTION('',(0.,-1.));
#633 = ( GEOMETRIC_REPRESENTATION_CONTEXT(2) 
PARAMETRIC_REPRESENTATION_CONTEXT() REPRESENTATION_CONTEXT('2D SPACE',''
  ) );
#634 = PCURVE('',#635,#640);
#635 = CYLINDRICAL_SURFACE('',#636,1.5);
#636 = AXIS2_PLACEMENT_3D('',#637,#638,#639);
#637 = CARTESIAN_POINT('',(21.23515625,28.923333333333,-1.));
#638 = DIRECTION('',(0.,0.,1.));
#639 = DIRECTION('',(0.,-1.,0.));
#640 = DEFINITIONAL_REPRESENTATION('',(#641),#645);
#641 = LINE('',#642,#643);
#642 = CARTESIAN_POINT('',(-6.28318530718,1.));
#643 = VECTOR('',#644,1.);
#644 = DIRECTION('',(1.,-0.));
#645 = ( GEOMETRIC_REPRESENTATION_CONTEXT(2) 
PARAMETRIC_REPRESENTATION_CONTEXT() REPRESENTATION_CONTEXT('2D SPACE',''
  ) );
#646 = ORIENTED_EDGE('',*,*,#647,.T.);
#647 = EDGE_CURVE('',#619,#648,#650,.T.);
#648 = VERTEX_POINT('',#649);
#649 = CARTESIAN_POINT('',(19.73515625,40.136666666667,0.));
#650 = SURFACE_CURVE('',#651,(#655,#661),.PCURVE_S1.);
#651 = LINE('',#652,#653);
#652 = CARTESIAN_POINT('',(19.73515625,45.068333333333,0.));
#653 = VECTOR('',#654,1.);
#654 = DIRECTION('',(-0.,1.,0.));
#655 = PCURVE('',#44,#656);
#656 = DEFINITIONAL_REPRESENTATION('',(#657),#660);
#657 = B_SPLINE_CURVE_WITH_KNOTS('',1,(#658,#659),.UNSPECIFIED.,.F.,.F.,
  (2,2),(-16.145,-4.931666666667),.PIECEWISE_BEZIER_KNOTS.);
#658 = CARTESIAN_POINT('',(-64.26484375,-19.57666666666));
#659 = CARTESIAN_POINT('',(-64.26484375,-8.363333333333));
#660 = ( GEOMETRIC_REPRESENTATION_CONTEXT(2) 
PARAMETRIC_REPRESENTATION_CONTEXT() REPRESENTATION_CONTEXT('2D SPACE',''
  ) );
#661 = PCURVE('',#662,#667);
#662 = PLANE('',#663);
#663 = AXIS2_PLACEMENT_3D('',#664,#665,#666);
#664 = CARTESIAN_POINT('',(19.73515625,41.636666666667,-1.));
#665 = DIRECTION('',(1.,0.,-0.));
#666 = DIRECTION('',(0.,-1.,0.));
#667 = DEFINITIONAL_REPRESENTATION('',(#668),#671);
#668 = B_SPLINE_CURVE_WITH_KNOTS('',1,(#669,#670),.UNSPECIFIED.,.F.,.F.,
  (2,2),(-16.145,-4.931666666667),.PIECEWISE_BEZIER_KNOTS.);
#669 = CARTESIAN_POINT('',(12.713333333333,-1.));
#670 = CARTESIAN_POINT('',(1.5,-1.));
#671 = ( GEOMETRIC_REPRESENTATION_CONTEXT(2) 
PARAMETRIC_REPRESENTATION_CONTEXT() REPRESENTATION_CONTEXT('2D SPACE',''
  ) );
#672 = ORIENTED_EDGE('',*,*,#673,.F.);
#673 = EDGE_CURVE('',#674,#648,#676,.T.);
#674 = VERTEX_POINT('',#675);
#675 = CARTESIAN_POINT('',(20.105338172215,41.123333333334,0.));
#676 = SURFACE_CURVE('',#677,(#682,#689),.PCURVE_S1.);
#677 = CIRCLE('',#678,1.5);
#678 = AXIS2_PLACEMENT_3D('',#679,#680,#681);
#679 = CARTESIAN_POINT('',(21.23515625,40.136666666667,0.));
#680 = DIRECTION('',(0.,0.,1.));
#681 = DIRECTION('',(-0.,1.,0.));
#682 = PCURVE('',#44,#683);
#683 = DEFINITIONAL_REPRESENTATION('',(#684),#688);
#684 = CIRCLE('',#685,1.5);
#685 = AXIS2_PLACEMENT_2D('',#686,#687);
#686 = CARTESIAN_POINT('',(-62.76484375,-8.363333333333));
#687 = DIRECTION('',(0.,1.));
#688 = ( GEOMETRIC_REPRESENTATION_CONTEXT(2) 
PARAMETRIC_REPRESENTATION_CONTEXT() REPRESENTATION_CONTEXT('2D SPACE',''
  ) );
#689 = PCURVE('',#690,#695);
#690 = CYLINDRICAL_SURFACE('',#691,1.5);
#691 = AXIS2_PLACEMENT_3D('',#692,#693,#694);
#692 = CARTESIAN_POINT('',(21.23515625,40.136666666667,-1.));
#693 = DIRECTION('',(0.,0.,1.));
#694 = DIRECTION('',(-0.,1.,0.));
#695 = DEFINITIONAL_REPRESENTATION('',(#696),#700);
#696 = LINE('',#697,#698);
#697 = CARTESIAN_POINT('',(0.,1.));
#698 = VECTOR('',#699,1.);
#699 = DIRECTION('',(1.,0.));
#700 = ( GEOMETRIC_REPRESENTATION_CONTEXT(2) 
PARAMETRIC_REPRESENTATION_CONTEXT() REPRESENTATION_CONTEXT('2D SPACE',''
  ) );
#701 = ORIENTED_EDGE('',*,*,#702,.F.);
#702 = EDGE_CURVE('',#703,#674,#705,.T.);
#703 = VERTEX_POINT('',#704);
#704 = CARTESIAN_POINT('',(19.73515625,42.11,0.));
#705 = SURFACE_CURVE('',#706,(#711,#718),.PCURVE_S1.);
#706 = CIRCLE('',#707,1.5);
#707 = AXIS2_PLACEMENT_3D('',#708,#709,#710);
#708 = CARTESIAN_POINT('',(21.23515625,42.11,0.));
#709 = DIRECTION('',(0.,0.,1.));
#710 = DIRECTION('',(0.,-1.,0.));
#711 = PCURVE('',#44,#712);
#712 = DEFINITIONAL_REPRESENTATION('',(#713),#717);
#713 = CIRCLE('',#714,1.5);
#714 = AXIS2_PLACEMENT_2D('',#715,#716);
#715 = CARTESIAN_POINT('',(-62.76484375,-6.39));
#716 = DIRECTION('',(0.,-1.));
#717 = ( GEOMETRIC_REPRESENTATION_CONTEXT(2) 
PARAMETRIC_REPRESENTATION_CONTEXT() REPRESENTATION_CONTEXT('2D SPACE',''
  ) );
#718 = PCURVE('',#719,#724);
#719 = CYLINDRICAL_SURFACE('',#720,1.5);
#720 = AXIS2_PLACEMENT_3D('',#721,#722,#723);
#721 = CARTESIAN_POINT('',(21.23515625,42.11,-1.));
#722 = DIRECTION('',(0.,0.,1.));
#723 = DIRECTION('',(0.,-1.,0.));
#724 = DEFINITIONAL_REPRESENTATION('',(#725),#729);
#725 = LINE('',#726,#727);
#726 = CARTESIAN_POINT('',(-6.28318530718,1.));
#727 = VECTOR('',#728,1.);
#728 = DIRECTION('',(1.,-0.));
#729 = ( GEOMETRIC_REPRESENTATION_CONTEXT(2) 
PARAMETRIC_REPRESENTATION_CONTEXT() REPRESENTATION_CONTEXT('2D SPACE',''
  ) );
#730 = ORIENTED_EDGE('',*,*,#731,.T.);
#731 = EDGE_CURVE('',#703,#732,#734,.T.);
#732 = VERTEX_POINT('',#733);
#733 = CARTESIAN_POINT('',(19.73515625,53.323333333333,0.));
#734 = SURFACE_CURVE('',#735,(#739,#745),.PCURVE_S1.);
#735 = LINE('',#736,#737);
#736 = CARTESIAN_POINT('',(19.73515625,51.661666666667,0.));
#737 = VECTOR('',#738,1.);
#738 = DIRECTION('',(-0.,1.,0.));
#739 = PCURVE('',#44,#740);
#740 = DEFINITIONAL_REPRESENTATION('',(#741),#744);
#741 = B_SPLINE_CURVE_WITH_KNOTS('',1,(#742,#743),.UNSPECIFIED.,.F.,.F.,
  (2,2),(-9.551666666667,1.661666666667),.PIECEWISE_BEZIER_KNOTS.);
#742 = CARTESIAN_POINT('',(-64.26484375,-6.39));
#743 = CARTESIAN_POINT('',(-64.26484375,4.823333333333));
#744 = ( GEOMETRIC_REPRESENTATION_CONTEXT(2) 
PARAMETRIC_REPRESENTATION_CONTEXT() REPRESENTATION_CONTEXT('2D SPACE',''
  ) );
#745 = PCURVE('',#746,#751);
#746 = PLANE('',#747);
#747 = AXIS2_PLACEMENT_3D('',#748,#749,#750);
#748 = CARTESIAN_POINT('',(19.73515625,54.823333333333,-1.));
#749 = DIRECTION('',(1.,0.,-0.));
#750 = DIRECTION('',(0.,-1.,0.));
#751 = DEFINITIONAL_REPRESENTATION('',(#752),#755);
#752 = B_SPLINE_CURVE_WITH_KNOTS('',1,(#753,#754),.UNSPECIFIED.,.F.,.F.,
  (2,2),(-9.551666666667,1.661666666667),.PIECEWISE_BEZIER_KNOTS.);
#753 = CARTESIAN_POINT('',(12.713333333333,-1.));
#754 = CARTESIAN_POINT('',(1.5,-1.));
#755 = ( GEOMETRIC_REPRESENTATION_CONTEXT(2) 
PARAMETRIC_REPRESENTATION_CONTEXT() REPRESENTATION_CONTEXT('2D SPACE',''
  ) );
#756 = ORIENTED_EDGE('',*,*,#757,.F.);
#757 = EDGE_CURVE('',#758,#732,#760,.T.);
#758 = VERTEX_POINT('',#759);
#759 = CARTESIAN_POINT('',(20.105338172216,54.31,0.));
#760 = SURFACE_CURVE('',#761,(#766,#773),.PCURVE_S1.);
#761 = CIRCLE('',#762,1.5);
#762 = AXIS2_PLACEMENT_3D('',#763,#764,#765);
#763 = CARTESIAN_POINT('',(21.23515625,53.323333333333,0.));
#764 = DIRECTION('',(0.,0.,1.));
#765 = DIRECTION('',(-0.,1.,0.));
#766 = PCURVE('',#44,#767);
#767 = DEFINITIONAL_REPRESENTATION('',(#768),#772);
#768 = CIRCLE('',#769,1.5);
#769 = AXIS2_PLACEMENT_2D('',#770,#771);
#770 = CARTESIAN_POINT('',(-62.76484375,4.823333333333));
#771 = DIRECTION('',(0.,1.));
#772 = ( GEOMETRIC_REPRESENTATION_CONTEXT(2) 
PARAMETRIC_REPRESENTATION_CONTEXT() REPRESENTATION_CONTEXT('2D SPACE',''
  ) );
#773 = PCURVE('',#774,#779);
#774 = CYLINDRICAL_SURFACE('',#775,1.5);
#775 = AXIS2_PLACEMENT_3D('',#776,#777,#778);
#776 = CARTESIAN_POINT('',(21.23515625,53.323333333333,-1.));
#777 = DIRECTION('',(0.,0.,1.));
#778 = DIRECTION('',(-0.,1.,0.));
#779 = DEFINITIONAL_REPRESENTATION('',(#780),#784);
#780 = LINE('',#781,#782);
#781 = CARTESIAN_POINT('',(0.,1.));
#782 = VECTOR('',#783,1.);
#783 = DIRECTION('',(1.,0.));
#784 = ( GEOMETRIC_REPRESENTATION_CONTEXT(2) 
PARAMETRIC_REPRESENTATION_CONTEXT() REPRESENTATION_CONTEXT('2D SPACE',''
  ) );
#785 = ORIENTED_EDGE('',*,*,#786,.F.);
#786 = EDGE_CURVE('',#787,#758,#789,.T.);
#787 = VERTEX_POINT('',#788);
#788 = CARTESIAN_POINT('',(19.73515625,55.296666666667,0.));
#789 = SURFACE_CURVE('',#790,(#795,#802),.PCURVE_S1.);
#790 = CIRCLE('',#791,1.5);
#791 = AXIS2_PLACEMENT_3D('',#792,#793,#794);
#792 = CARTESIAN_POINT('',(21.23515625,55.296666666667,0.));
#793 = DIRECTION('',(0.,0.,1.));
#794 = DIRECTION('',(0.,-1.,0.));
#795 = PCURVE('',#44,#796);
#796 = DEFINITIONAL_REPRESENTATION('',(#797),#801);
#797 = CIRCLE('',#798,1.5);
#798 = AXIS2_PLACEMENT_2D('',#799,#800);
#799 = CARTESIAN_POINT('',(-62.76484375,6.796666666667));
#800 = DIRECTION('',(0.,-1.));
#801 = ( GEOMETRIC_REPRESENTATION_CONTEXT(2) 
PARAMETRIC_REPRESENTATION_CONTEXT() REPRESENTATION_CONTEXT('2D SPACE',''
  ) );
#802 = PCURVE('',#803,#808);
#803 = CYLINDRICAL_SURFACE('',#804,1.5);
#804 = AXIS2_PLACEMENT_3D('',#805,#806,#807);
#805 = CARTESIAN_POINT('',(21.23515625,55.296666666667,-1.));
#806 = DIRECTION('',(0.,0.,1.));
#807 = DIRECTION('',(0.,-1.,0.));
#808 = DEFINITIONAL_REPRESENTATION('',(#809),#813);
#809 = LINE('',#810,#811);
#810 = CARTESIAN_POINT('',(-6.28318530718,1.));
#811 = VECTOR('',#812,1.);
#812 = DIRECTION('',(1.,-0.));
#813 = ( GEOMETRIC_REPRESENTATION_CONTEXT(2) 
PARAMETRIC_REPRESENTATION_CONTEXT() REPRESENTATION_CONTEXT('2D SPACE',''
  ) );
#814 = ORIENTED_EDGE('',*,*,#815,.T.);
#815 = EDGE_CURVE('',#787,#816,#818,.T.);
#816 = VERTEX_POINT('',#817);
#817 = CARTESIAN_POINT('',(19.73515625,66.51,0.));
#818 = SURFACE_CURVE('',#819,(#823,#829),.PCURVE_S1.);
#819 = LINE('',#820,#821);
#820 = CARTESIAN_POINT('',(19.73515625,58.255,0.));
#821 = VECTOR('',#822,1.);
#822 = DIRECTION('',(-0.,1.,0.));
#823 = PCURVE('',#44,#824);
#824 = DEFINITIONAL_REPRESENTATION('',(#825),#828);
#825 = B_SPLINE_CURVE_WITH_KNOTS('',1,(#826,#827),.UNSPECIFIED.,.F.,.F.,
  (2,2),(-2.958333333333,8.255),.PIECEWISE_BEZIER_KNOTS.);
#826 = CARTESIAN_POINT('',(-64.26484375,6.796666666667));
#827 = CARTESIAN_POINT('',(-64.26484375,18.01));
#828 = ( GEOMETRIC_REPRESENTATION_CONTEXT(2) 
PARAMETRIC_REPRESENTATION_CONTEXT() REPRESENTATION_CONTEXT('2D SPACE',''
  ) );
#829 = PCURVE('',#830,#835);
#830 = PLANE('',#831);
#831 = AXIS2_PLACEMENT_3D('',#832,#833,#834);
#832 = CARTESIAN_POINT('',(19.73515625,68.01,-1.));
#833 = DIRECTION('',(1.,0.,-0.));
#834 = DIRECTION('',(0.,-1.,0.));
#835 = DEFINITIONAL_REPRESENTATION('',(#836),#839);
#836 = B_SPLINE_CURVE_WITH_KNOTS('',1,(#837,#838),.UNSPECIFIED.,.F.,.F.,
  (2,2),(-2.958333333333,8.255),.PIECEWISE_BEZIER_KNOTS.);
#837 = CARTESIAN_POINT('',(12.713333333333,-1.));
#838 = CARTESIAN_POINT('',(1.5,-1.));
#839 = ( GEOMETRIC_REPRESENTATION_CONTEXT(2) 
PARAMETRIC_REPRESENTATION_CONTEXT() REPRESENTATION_CONTEXT('2D SPACE',''
  ) );
#840 = ORIENTED_EDGE('',*,*,#841,.F.);
#841 = EDGE_CURVE('',#842,#816,#844,.T.);
#842 = VERTEX_POINT('',#843);
#843 = CARTESIAN_POINT('',(21.23515625,68.01,0.));
#844 = SURFACE_CURVE('',#845,(#850,#857),.PCURVE_S1.);
#845 = CIRCLE('',#846,1.5);
#846 = AXIS2_PLACEMENT_3D('',#847,#848,#849);
#847 = CARTESIAN_POINT('',(21.23515625,66.51,0.));
#848 = DIRECTION('',(0.,0.,1.));
#849 = DIRECTION('',(-0.,1.,0.));
#850 = PCURVE('',#44,#851);
#851 = DEFINITIONAL_REPRESENTATION('',(#852),#856);
#852 = CIRCLE('',#853,1.5);
#853 = AXIS2_PLACEMENT_2D('',#854,#855);
#854 = CARTESIAN_POINT('',(-62.76484375,18.01));
#855 = DIRECTION('',(0.,1.));
#856 = ( GEOMETRIC_REPRESENTATION_CONTEXT(2) 
PARAMETRIC_REPRESENTATION_CONTEXT() REPRESENTATION_CONTEXT('2D SPACE',''
  ) );
#857 = PCURVE('',#858,#863);
#858 = CYLINDRICAL_SURFACE('',#859,1.5);
#859 = AXIS2_PLACEMENT_3D('',#860,#861,#862);
#860 = CARTESIAN_POINT('',(21.23515625,66.51,-1.));
#861 = DIRECTION('',(0.,0.,1.));
#862 = DIRECTION('',(-0.,1.,0.));
#863 = DEFINITIONAL_REPRESENTATION('',(#864),#868);
#864 = LINE('',#865,#866);
#865 = CARTESIAN_POINT('',(0.,1.));
#866 = VECTOR('',#867,1.);
#867 = DIRECTION('',(1.,0.));
#868 = ( GEOMETRIC_REPRESENTATION_CONTEXT(2) 
PARAMETRIC_REPRESENTATION_CONTEXT() REPRESENTATION_CONTEXT('2D SPACE',''
  ) );
#869 = ORIENTED_EDGE('',*,*,#870,.T.);
#870 = EDGE_CURVE('',#842,#871,#873,.T.);
#871 = VERTEX_POINT('',#872);
#872 = CARTESIAN_POINT('',(43.145703125,68.01,0.));
#873 = SURFACE_CURVE('',#874,(#878,#884),.PCURVE_S1.);
#874 = LINE('',#875,#876);
#875 = CARTESIAN_POINT('',(64.3228515625,68.01,0.));
#876 = VECTOR('',#877,1.);
#877 = DIRECTION('',(1.,0.,-0.));
#878 = PCURVE('',#44,#879);
#879 = DEFINITIONAL_REPRESENTATION('',(#880),#883);
#880 = B_SPLINE_CURVE_WITH_KNOTS('',1,(#881,#882),.UNSPECIFIED.,.F.,.F.,
  (2,2),(-43.0876953125,-21.1771484375),.PIECEWISE_BEZIER_KNOTS.);
#881 = CARTESIAN_POINT('',(-62.76484375,19.51));
#882 = CARTESIAN_POINT('',(-40.854296875,19.51));
#883 = ( GEOMETRIC_REPRESENTATION_CONTEXT(2) 
PARAMETRIC_REPRESENTATION_CONTEXT() REPRESENTATION_CONTEXT('2D SPACE',''
  ) );
#884 = PCURVE('',#885,#890);
#885 = PLANE('',#886);
#886 = AXIS2_PLACEMENT_3D('',#887,#888,#889);
#887 = CARTESIAN_POINT('',(44.645703125,68.01,-1.));
#888 = DIRECTION('',(0.,-1.,0.));
#889 = DIRECTION('',(-1.,0.,0.));
#890 = DEFINITIONAL_REPRESENTATION('',(#891),#894);
#891 = B_SPLINE_CURVE_WITH_KNOTS('',1,(#892,#893),.UNSPECIFIED.,.F.,.F.,
  (2,2),(-43.0876953125,-21.1771484375),.PIECEWISE_BEZIER_KNOTS.);
#892 = CARTESIAN_POINT('',(23.410546875,-1.));
#893 = CARTESIAN_POINT('',(1.5,-1.));
#894 = ( GEOMETRIC_REPRESENTATION_CONTEXT(2) 
PARAMETRIC_REPRESENTATION_CONTEXT() REPRESENTATION_CONTEXT('2D SPACE',''
  ) );
#895 = ORIENTED_EDGE('',*,*,#896,.F.);
#896 = EDGE_CURVE('',#897,#871,#899,.T.);
#897 = VERTEX_POINT('',#898);
#898 = CARTESIAN_POINT('',(44.146484375,67.627334725876,0.));
#899 = SURFACE_CURVE('',#900,(#905,#912),.PCURVE_S1.);
#900 = CIRCLE('',#901,1.5);
#901 = AXIS2_PLACEMENT_3D('',#902,#903,#904);
#902 = CARTESIAN_POINT('',(43.145703125,66.51,0.));
#903 = DIRECTION('',(0.,0.,1.));
#904 = DIRECTION('',(1.,0.,-0.));
#905 = PCURVE('',#44,#906);
#906 = DEFINITIONAL_REPRESENTATION('',(#907),#911);
#907 = CIRCLE('',#908,1.5);
#908 = AXIS2_PLACEMENT_2D('',#909,#910);
#909 = CARTESIAN_POINT('',(-40.854296875,18.01));
#910 = DIRECTION('',(1.,0.));
#911 = ( GEOMETRIC_REPRESENTATION_CONTEXT(2) 
PARAMETRIC_REPRESENTATION_CONTEXT() REPRESENTATION_CONTEXT('2D SPACE',''
  ) );
#912 = PCURVE('',#913,#918);
#913 = CYLINDRICAL_SURFACE('',#914,1.5);
#914 = AXIS2_PLACEMENT_3D('',#915,#916,#917);
#915 = CARTESIAN_POINT('',(43.145703125,66.51,-1.));
#916 = DIRECTION('',(0.,0.,1.));
#917 = DIRECTION('',(1.,0.,-0.));
#918 = DEFINITIONAL_REPRESENTATION('',(#919),#923);
#919 = LINE('',#920,#921);
#920 = CARTESIAN_POINT('',(0.,1.));
#921 = VECTOR('',#922,1.);
#922 = DIRECTION('',(1.,0.));
#923 = ( GEOMETRIC_REPRESENTATION_CONTEXT(2) 
PARAMETRIC_REPRESENTATION_CONTEXT() REPRESENTATION_CONTEXT('2D SPACE',''
  ) );
#924 = ORIENTED_EDGE('',*,*,#925,.F.);
#925 = EDGE_CURVE('',#926,#897,#928,.T.);
#926 = VERTEX_POINT('',#927);
#927 = CARTESIAN_POINT('',(45.147265625,68.01,0.));
#928 = SURFACE_CURVE('',#929,(#934,#941),.PCURVE_S1.);
#929 = CIRCLE('',#930,1.5);
#930 = AXIS2_PLACEMENT_3D('',#931,#932,#933);
#931 = CARTESIAN_POINT('',(45.147265625,66.51,0.));
#932 = DIRECTION('',(0.,0.,1.));
#933 = DIRECTION('',(-0.,1.,0.));
#934 = PCURVE('',#44,#935);
#935 = DEFINITIONAL_REPRESENTATION('',(#936),#940);
#936 = CIRCLE('',#937,1.5);
#937 = AXIS2_PLACEMENT_2D('',#938,#939);
#938 = CARTESIAN_POINT('',(-38.852734375,18.01));
#939 = DIRECTION('',(0.,1.));
#940 = ( GEOMETRIC_REPRESENTATION_CONTEXT(2) 
PARAMETRIC_REPRESENTATION_CONTEXT() REPRESENTATION_CONTEXT('2D SPACE',''
  ) );
#941 = PCURVE('',#942,#947);
#942 = CYLINDRICAL_SURFACE('',#943,1.5);
#943 = AXIS2_PLACEMENT_3D('',#944,#945,#946);
#944 = CARTESIAN_POINT('',(45.147265625,66.51,-1.));
#945 = DIRECTION('',(0.,0.,1.));
#946 = DIRECTION('',(-0.,1.,0.));
#947 = DEFINITIONAL_REPRESENTATION('',(#948),#952);
#948 = LINE('',#949,#950);
#949 = CARTESIAN_POINT('',(0.,1.));
#950 = VECTOR('',#951,1.);
#951 = DIRECTION('',(1.,0.));
#952 = ( GEOMETRIC_REPRESENTATION_CONTEXT(2) 
PARAMETRIC_REPRESENTATION_CONTEXT() REPRESENTATION_CONTEXT('2D SPACE',''
  ) );
#953 = ORIENTED_EDGE('',*,*,#954,.T.);
#954 = EDGE_CURVE('',#926,#955,#957,.T.);
#955 = VERTEX_POINT('',#956);
#956 = CARTESIAN_POINT('',(67.0578125,68.01,0.));
#957 = SURFACE_CURVE('',#958,(#962,#968),.PCURVE_S1.);
#958 = LINE('',#959,#960);
#959 = CARTESIAN_POINT('',(76.27890625,68.01,0.));
#960 = VECTOR('',#961,1.);
#961 = DIRECTION('',(1.,0.,-0.));
#962 = PCURVE('',#44,#963);
#963 = DEFINITIONAL_REPRESENTATION('',(#964),#967);
#964 = B_SPLINE_CURVE_WITH_KNOTS('',1,(#965,#966),.UNSPECIFIED.,.F.,.F.,
  (2,2),(-31.131640625,-9.22109375),.PIECEWISE_BEZIER_KNOTS.);
#965 = CARTESIAN_POINT('',(-38.852734375,19.51));
#966 = CARTESIAN_POINT('',(-16.9421875,19.51));
#967 = ( GEOMETRIC_REPRESENTATION_CONTEXT(2) 
PARAMETRIC_REPRESENTATION_CONTEXT() REPRESENTATION_CONTEXT('2D SPACE',''
  ) );
#968 = PCURVE('',#969,#974);
#969 = PLANE('',#970);
#970 = AXIS2_PLACEMENT_3D('',#971,#972,#973);
#971 = CARTESIAN_POINT('',(68.5578125,68.01,-1.));
#972 = DIRECTION('',(0.,-1.,0.));
#973 = DIRECTION('',(-1.,0.,0.));
#974 = DEFINITIONAL_REPRESENTATION('',(#975),#978);
#975 = B_SPLINE_CURVE_WITH_KNOTS('',1,(#976,#977),.UNSPECIFIED.,.F.,.F.,
  (2,2),(-31.131640625,-9.22109375),.PIECEWISE_BEZIER_KNOTS.);
#976 = CARTESIAN_POINT('',(23.410546875,-1.));
#977 = CARTESIAN_POINT('',(1.5,-1.));
#978 = ( GEOMETRIC_REPRESENTATION_CONTEXT(2) 
PARAMETRIC_REPRESENTATION_CONTEXT() REPRESENTATION_CONTEXT('2D SPACE',''
  ) );
#979 = ORIENTED_EDGE('',*,*,#980,.F.);
#980 = EDGE_CURVE('',#981,#955,#983,.T.);
#981 = VERTEX_POINT('',#982);
#982 = CARTESIAN_POINT('',(68.058593749999,67.627334725877,0.));
#983 = SURFACE_CURVE('',#984,(#989,#996),.PCURVE_S1.);
#984 = CIRCLE('',#985,1.5);
#985 = AXIS2_PLACEMENT_3D('',#986,#987,#988);
#986 = CARTESIAN_POINT('',(67.0578125,66.51,0.));
#987 = DIRECTION('',(0.,0.,1.));
#988 = DIRECTION('',(1.,0.,-0.));
#989 = PCURVE('',#44,#990);
#990 = DEFINITIONAL_REPRESENTATION('',(#991),#995);
#991 = CIRCLE('',#992,1.5);
#992 = AXIS2_PLACEMENT_2D('',#993,#994);
#993 = CARTESIAN_POINT('',(-16.9421875,18.01));
#994 = DIRECTION('',(1.,0.));
#995 = ( GEOMETRIC_REPRESENTATION_CONTEXT(2) 
PARAMETRIC_REPRESENTATION_CONTEXT() REPRESENTATION_CONTEXT('2D SPACE',''
  ) );
#996 = PCURVE('',#997,#1002);
#997 = CYLINDRICAL_SURFACE('',#998,1.5);
#998 = AXIS2_PLACEMENT_3D('',#999,#1000,#1001);
#999 = CARTESIAN_POINT('',(67.0578125,66.51,-1.));
#1000 = DIRECTION('',(0.,0.,1.));
#1001 = DIRECTION('',(1.,0.,-0.));
#1002 = DEFINITIONAL_REPRESENTATION('',(#1003),#1007);
#1003 = LINE('',#1004,#1005);
#1004 = CARTESIAN_POINT('',(0.,1.));
#1005 = VECTOR('',#1006,1.);
#1006 = DIRECTION('',(1.,0.));
#1007 = ( GEOMETRIC_REPRESENTATION_CONTEXT(2) 
PARAMETRIC_REPRESENTATION_CONTEXT() REPRESENTATION_CONTEXT('2D SPACE',''
  ) );
#1008 = ORIENTED_EDGE('',*,*,#1009,.F.);
#1009 = EDGE_CURVE('',#1010,#981,#1012,.T.);
#1010 = VERTEX_POINT('',#1011);
#1011 = CARTESIAN_POINT('',(69.059375,68.01,0.));
#1012 = SURFACE_CURVE('',#1013,(#1018,#1025),.PCURVE_S1.);
#1013 = CIRCLE('',#1014,1.5);
#1014 = AXIS2_PLACEMENT_3D('',#1015,#1016,#1017);
#1015 = CARTESIAN_POINT('',(69.059375,66.51,0.));
#1016 = DIRECTION('',(0.,0.,1.));
#1017 = DIRECTION('',(-0.,1.,0.));
#1018 = PCURVE('',#44,#1019);
#1019 = DEFINITIONAL_REPRESENTATION('',(#1020),#1024);
#1020 = CIRCLE('',#1021,1.5);
#1021 = AXIS2_PLACEMENT_2D('',#1022,#1023);
#1022 = CARTESIAN_POINT('',(-14.940625,18.01));
#1023 = DIRECTION('',(0.,1.));
#1024 = ( GEOMETRIC_REPRESENTATION_CONTEXT(2) 
PARAMETRIC_REPRESENTATION_CONTEXT() REPRESENTATION_CONTEXT('2D SPACE',''
  ) );
#1025 = PCURVE('',#1026,#1031);
#1026 = CYLINDRICAL_SURFACE('',#1027,1.5);
#1027 = AXIS2_PLACEMENT_3D('',#1028,#1029,#1030);
#1028 = CARTESIAN_POINT('',(69.059375,66.51,-1.));
#1029 = DIRECTION('',(0.,0.,1.));
#1030 = DIRECTION('',(-0.,1.,0.));
#1031 = DEFINITIONAL_REPRESENTATION('',(#1032),#1036);
#1032 = LINE('',#1033,#1034);
#1033 = CARTESIAN_POINT('',(0.,1.));
#1034 = VECTOR('',#1035,1.);
#1035 = DIRECTION('',(1.,0.));
#1036 = ( GEOMETRIC_REPRESENTATION_CONTEXT(2) 
PARAMETRIC_REPRESENTATION_CONTEXT() REPRESENTATION_CONTEXT('2D SPACE',''
  ) );
#1037 = ORIENTED_EDGE('',*,*,#1038,.T.);
#1038 = EDGE_CURVE('',#1010,#1039,#1041,.T.);
#1039 = VERTEX_POINT('',#1040);
#1040 = CARTESIAN_POINT('',(90.969921875,68.01,0.));
#1041 = SURFACE_CURVE('',#1042,(#1046,#1052),.PCURVE_S1.);
#1042 = LINE('',#1043,#1044);
#1043 = CARTESIAN_POINT('',(88.2349609375,68.01,0.));
#1044 = VECTOR('',#1045,1.);
#1045 = DIRECTION('',(1.,0.,-0.));
#1046 = PCURVE('',#44,#1047);
#1047 = DEFINITIONAL_REPRESENTATION('',(#1048),#1051);
#1048 = B_SPLINE_CURVE_WITH_KNOTS('',1,(#1049,#1050),.UNSPECIFIED.,.F.,
  .F.,(2,2),(-19.1755859375,2.7349609375),.PIECEWISE_BEZIER_KNOTS.);
#1049 = CARTESIAN_POINT('',(-14.940625,19.51));
#1050 = CARTESIAN_POINT('',(6.969921875,19.51));
#1051 = ( GEOMETRIC_REPRESENTATION_CONTEXT(2) 
PARAMETRIC_REPRESENTATION_CONTEXT() REPRESENTATION_CONTEXT('2D SPACE',''
  ) );
#1052 = PCURVE('',#1053,#1058);
#1053 = PLANE('',#1054);
#1054 = AXIS2_PLACEMENT_3D('',#1055,#1056,#1057);
#1055 = CARTESIAN_POINT('',(92.469921875,68.01,-1.));
#1056 = DIRECTION('',(0.,-1.,0.));
#1057 = DIRECTION('',(-1.,0.,0.));
#1058 = DEFINITIONAL_REPRESENTATION('',(#1059),#1062);
#1059 = B_SPLINE_CURVE_WITH_KNOTS('',1,(#1060,#1061),.UNSPECIFIED.,.F.,
  .F.,(2,2),(-19.1755859375,2.7349609375),.PIECEWISE_BEZIER_KNOTS.);
#1060 = CARTESIAN_POINT('',(23.410546875,-1.));
#1061 = CARTESIAN_POINT('',(1.5,-1.));
#1062 = ( GEOMETRIC_REPRESENTATION_CONTEXT(2) 
PARAMETRIC_REPRESENTATION_CONTEXT() REPRESENTATION_CONTEXT('2D SPACE',''
  ) );
#1063 = ORIENTED_EDGE('',*,*,#1064,.F.);
#1064 = EDGE_CURVE('',#1065,#1039,#1067,.T.);
#1065 = VERTEX_POINT('',#1066);
#1066 = CARTESIAN_POINT('',(92.469921875,66.51,0.));
#1067 = SURFACE_CURVE('',#1068,(#1073,#1080),.PCURVE_S1.);
#1068 = CIRCLE('',#1069,1.5);
#1069 = AXIS2_PLACEMENT_3D('',#1070,#1071,#1072);
#1070 = CARTESIAN_POINT('',(90.969921875,66.51,0.));
#1071 = DIRECTION('',(0.,0.,1.));
#1072 = DIRECTION('',(1.,0.,-0.));
#1073 = PCURVE('',#44,#1074);
#1074 = DEFINITIONAL_REPRESENTATION('',(#1075),#1079);
#1075 = CIRCLE('',#1076,1.5);
#1076 = AXIS2_PLACEMENT_2D('',#1077,#1078);
#1077 = CARTESIAN_POINT('',(6.969921875,18.01));
#1078 = DIRECTION('',(1.,0.));
#1079 = ( GEOMETRIC_REPRESENTATION_CONTEXT(2) 
PARAMETRIC_REPRESENTATION_CONTEXT() REPRESENTATION_CONTEXT('2D SPACE',''
  ) );
#1080 = PCURVE('',#1081,#1086);
#1081 = CYLINDRICAL_SURFACE('',#1082,1.5);
#1082 = AXIS2_PLACEMENT_3D('',#1083,#1084,#1085);
#1083 = CARTESIAN_POINT('',(90.969921875,66.51,-1.));
#1084 = DIRECTION('',(0.,0.,1.));
#1085 = DIRECTION('',(1.,0.,-0.));
#1086 = DEFINITIONAL_REPRESENTATION('',(#1087),#1091);
#1087 = LINE('',#1088,#1089);
#1088 = CARTESIAN_POINT('',(0.,1.));
#1089 = VECTOR('',#1090,1.);
#1090 = DIRECTION('',(1.,0.));
#1091 = ( GEOMETRIC_REPRESENTATION_CONTEXT(2) 
PARAMETRIC_REPRESENTATION_CONTEXT() REPRESENTATION_CONTEXT('2D SPACE',''
  ) );
#1092 = ORIENTED_EDGE('',*,*,#1093,.T.);
#1093 = EDGE_CURVE('',#1065,#1094,#1096,.T.);
#1094 = VERTEX_POINT('',#1095);
#1095 = CARTESIAN_POINT('',(92.469921875,55.296666666667,0.));
#1096 = SURFACE_CURVE('',#1097,(#1101,#1107),.PCURVE_S1.);
#1097 = LINE('',#1098,#1099);
#1098 = CARTESIAN_POINT('',(92.469921875,51.148333333333,0.));
#1099 = VECTOR('',#1100,1.);
#1100 = DIRECTION('',(0.,-1.,0.));
#1101 = PCURVE('',#44,#1102);
#1102 = DEFINITIONAL_REPRESENTATION('',(#1103),#1106);
#1103 = B_SPLINE_CURVE_WITH_KNOTS('',1,(#1104,#1105),.UNSPECIFIED.,.F.,
  .F.,(2,2),(-15.36166666666,-4.148333333333),.PIECEWISE_BEZIER_KNOTS.);
#1104 = CARTESIAN_POINT('',(8.469921875,18.01));
#1105 = CARTESIAN_POINT('',(8.469921875,6.796666666667));
#1106 = ( GEOMETRIC_REPRESENTATION_CONTEXT(2) 
PARAMETRIC_REPRESENTATION_CONTEXT() REPRESENTATION_CONTEXT('2D SPACE',''
  ) );
#1107 = PCURVE('',#1108,#1113);
#1108 = PLANE('',#1109);
#1109 = AXIS2_PLACEMENT_3D('',#1110,#1111,#1112);
#1110 = CARTESIAN_POINT('',(92.469921875,53.796666666667,-1.));
#1111 = DIRECTION('',(-1.,0.,0.));
#1112 = DIRECTION('',(0.,1.,0.));
#1113 = DEFINITIONAL_REPRESENTATION('',(#1114),#1117);
#1114 = B_SPLINE_CURVE_WITH_KNOTS('',1,(#1115,#1116),.UNSPECIFIED.,.F.,
  .F.,(2,2),(-15.36166666666,-4.148333333333),.PIECEWISE_BEZIER_KNOTS.);
#1115 = CARTESIAN_POINT('',(12.713333333333,-1.));
#1116 = CARTESIAN_POINT('',(1.5,-1.));
#1117 = ( GEOMETRIC_REPRESENTATION_CONTEXT(2) 
PARAMETRIC_REPRESENTATION_CONTEXT() REPRESENTATION_CONTEXT('2D SPACE',''
  ) );
#1118 = ORIENTED_EDGE('',*,*,#1119,.F.);
#1119 = EDGE_CURVE('',#1120,#1094,#1122,.T.);
#1120 = VERTEX_POINT('',#1121);
#1121 = CARTESIAN_POINT('',(92.099739952784,54.309999999999,0.));
#1122 = SURFACE_CURVE('',#1123,(#1128,#1135),.PCURVE_S1.);
#1123 = CIRCLE('',#1124,1.5);
#1124 = AXIS2_PLACEMENT_3D('',#1125,#1126,#1127);
#1125 = CARTESIAN_POINT('',(90.969921875,55.296666666667,0.));
#1126 = DIRECTION('',(0.,0.,1.));
#1127 = DIRECTION('',(0.,-1.,0.));
#1128 = PCURVE('',#44,#1129);
#1129 = DEFINITIONAL_REPRESENTATION('',(#1130),#1134);
#1130 = CIRCLE('',#1131,1.5);
#1131 = AXIS2_PLACEMENT_2D('',#1132,#1133);
#1132 = CARTESIAN_POINT('',(6.969921875,6.796666666667));
#1133 = DIRECTION('',(0.,-1.));
#1134 = ( GEOMETRIC_REPRESENTATION_CONTEXT(2) 
PARAMETRIC_REPRESENTATION_CONTEXT() REPRESENTATION_CONTEXT('2D SPACE',''
  ) );
#1135 = PCURVE('',#1136,#1141);
#1136 = CYLINDRICAL_SURFACE('',#1137,1.5);
#1137 = AXIS2_PLACEMENT_3D('',#1138,#1139,#1140);
#1138 = CARTESIAN_POINT('',(90.969921875,55.296666666667,-1.));
#1139 = DIRECTION('',(0.,0.,1.));
#1140 = DIRECTION('',(0.,-1.,0.));
#1141 = DEFINITIONAL_REPRESENTATION('',(#1142),#1146);
#1142 = LINE('',#1143,#1144);
#1143 = CARTESIAN_POINT('',(0.,1.));
#1144 = VECTOR('',#1145,1.);
#1145 = DIRECTION('',(1.,0.));
#1146 = ( GEOMETRIC_REPRESENTATION_CONTEXT(2) 
PARAMETRIC_REPRESENTATION_CONTEXT() REPRESENTATION_CONTEXT('2D SPACE',''
  ) );
#1147 = ORIENTED_EDGE('',*,*,#1148,.F.);
#1148 = EDGE_CURVE('',#1149,#1120,#1151,.T.);
#1149 = VERTEX_POINT('',#1150);
#1150 = CARTESIAN_POINT('',(92.469921875,53.323333333333,0.));
#1151 = SURFACE_CURVE('',#1152,(#1157,#1164),.PCURVE_S1.);
#1152 = CIRCLE('',#1153,1.5);
#1153 = AXIS2_PLACEMENT_3D('',#1154,#1155,#1156);
#1154 = CARTESIAN_POINT('',(90.969921875,53.323333333333,0.));
#1155 = DIRECTION('',(0.,0.,1.));
#1156 = DIRECTION('',(1.,0.,-0.));
#1157 = PCURVE('',#44,#1158);
#1158 = DEFINITIONAL_REPRESENTATION('',(#1159),#1163);
#1159 = CIRCLE('',#1160,1.5);
#1160 = AXIS2_PLACEMENT_2D('',#1161,#1162);
#1161 = CARTESIAN_POINT('',(6.969921875,4.823333333333));
#1162 = DIRECTION('',(1.,0.));
#1163 = ( GEOMETRIC_REPRESENTATION_CONTEXT(2) 
PARAMETRIC_REPRESENTATION_CONTEXT() REPRESENTATION_CONTEXT('2D SPACE',''
  ) );
#1164 = PCURVE('',#1165,#1170);
#1165 = CYLINDRICAL_SURFACE('',#1166,1.5);
#1166 = AXIS2_PLACEMENT_3D('',#1167,#1168,#1169);
#1167 = CARTESIAN_POINT('',(90.969921875,53.323333333333,-1.));
#1168 = DIRECTION('',(0.,0.,1.));
#1169 = DIRECTION('',(1.,0.,-0.));
#1170 = DEFINITIONAL_REPRESENTATION('',(#1171),#1175);
#1171 = LINE('',#1172,#1173);
#1172 = CARTESIAN_POINT('',(0.,1.));
#1173 = VECTOR('',#1174,1.);
#1174 = DIRECTION('',(1.,0.));
#1175 = ( GEOMETRIC_REPRESENTATION_CONTEXT(2) 
PARAMETRIC_REPRESENTATION_CONTEXT() REPRESENTATION_CONTEXT('2D SPACE',''
  ) );
#1176 = ORIENTED_EDGE('',*,*,#1177,.T.);
#1177 = EDGE_CURVE('',#1149,#1178,#1180,.T.);
#1178 = VERTEX_POINT('',#1179);
#1179 = CARTESIAN_POINT('',(92.469921875,42.11,0.));
#1180 = SURFACE_CURVE('',#1181,(#1185,#1191),.PCURVE_S1.);
#1181 = LINE('',#1182,#1183);
#1182 = CARTESIAN_POINT('',(92.469921875,44.555,0.));
#1183 = VECTOR('',#1184,1.);
#1184 = DIRECTION('',(0.,-1.,0.));
#1185 = PCURVE('',#44,#1186);
#1186 = DEFINITIONAL_REPRESENTATION('',(#1187),#1190);
#1187 = B_SPLINE_CURVE_WITH_KNOTS('',1,(#1188,#1189),.UNSPECIFIED.,.F.,
  .F.,(2,2),(-8.768333333333,2.445),.PIECEWISE_BEZIER_KNOTS.);
#1188 = CARTESIAN_POINT('',(8.469921875,4.823333333333));
#1189 = CARTESIAN_POINT('',(8.469921875,-6.39));
#1190 = ( GEOMETRIC_REPRESENTATION_CONTEXT(2) 
PARAMETRIC_REPRESENTATION_CONTEXT() REPRESENTATION_CONTEXT('2D SPACE',''
  ) );
#1191 = PCURVE('',#1192,#1197);
#1192 = PLANE('',#1193);
#1193 = AXIS2_PLACEMENT_3D('',#1194,#1195,#1196);
#1194 = CARTESIAN_POINT('',(92.469921875,40.61,-1.));
#1195 = DIRECTION('',(-1.,0.,0.));
#1196 = DIRECTION('',(0.,1.,0.));
#1197 = DEFINITIONAL_REPRESENTATION('',(#1198),#1201);
#1198 = B_SPLINE_CURVE_WITH_KNOTS('',1,(#1199,#1200),.UNSPECIFIED.,.F.,
  .F.,(2,2),(-8.768333333333,2.445),.PIECEWISE_BEZIER_KNOTS.);
#1199 = CARTESIAN_POINT('',(12.713333333333,-1.));
#1200 = CARTESIAN_POINT('',(1.5,-1.));
#1201 = ( GEOMETRIC_REPRESENTATION_CONTEXT(2) 
PARAMETRIC_REPRESENTATION_CONTEXT() REPRESENTATION_CONTEXT('2D SPACE',''
  ) );
#1202 = ORIENTED_EDGE('',*,*,#1203,.F.);
#1203 = EDGE_CURVE('',#1204,#1178,#1206,.T.);
#1204 = VERTEX_POINT('',#1205);
#1205 = CARTESIAN_POINT('',(92.099739952784,41.123333333333,0.));
#1206 = SURFACE_CURVE('',#1207,(#1212,#1219),.PCURVE_S1.);
#1207 = CIRCLE('',#1208,1.5);
#1208 = AXIS2_PLACEMENT_3D('',#1209,#1210,#1211);
#1209 = CARTESIAN_POINT('',(90.969921875,42.11,0.));
#1210 = DIRECTION('',(0.,0.,1.));
#1211 = DIRECTION('',(0.,-1.,0.));
#1212 = PCURVE('',#44,#1213);
#1213 = DEFINITIONAL_REPRESENTATION('',(#1214),#1218);
#1214 = CIRCLE('',#1215,1.5);
#1215 = AXIS2_PLACEMENT_2D('',#1216,#1217);
#1216 = CARTESIAN_POINT('',(6.969921875,-6.39));
#1217 = DIRECTION('',(0.,-1.));
#1218 = ( GEOMETRIC_REPRESENTATION_CONTEXT(2) 
PARAMETRIC_REPRESENTATION_CONTEXT() REPRESENTATION_CONTEXT('2D SPACE',''
  ) );
#1219 = PCURVE('',#1220,#1225);
#1220 = CYLINDRICAL_SURFACE('',#1221,1.5);
#1221 = AXIS2_PLACEMENT_3D('',#1222,#1223,#1224);
#1222 = CARTESIAN_POINT('',(90.969921875,42.11,-1.));
#1223 = DIRECTION('',(0.,0.,1.));
#1224 = DIRECTION('',(0.,-1.,0.));
#1225 = DEFINITIONAL_REPRESENTATION('',(#1226),#1230);
#1226 = LINE('',#1227,#1228);
#1227 = CARTESIAN_POINT('',(0.,1.));
#1228 = VECTOR('',#1229,1.);
#1229 = DIRECTION('',(1.,0.));
#1230 = ( GEOMETRIC_REPRESENTATION_CONTEXT(2) 
PARAMETRIC_REPRESENTATION_CONTEXT() REPRESENTATION_CONTEXT('2D SPACE',''
  ) );
#1231 = ORIENTED_EDGE('',*,*,#1232,.F.);
#1232 = EDGE_CURVE('',#1233,#1204,#1235,.T.);
#1233 = VERTEX_POINT('',#1234);
#1234 = CARTESIAN_POINT('',(92.469921875,40.136666666667,0.));
#1235 = SURFACE_CURVE('',#1236,(#1241,#1248),.PCURVE_S1.);
#1236 = CIRCLE('',#1237,1.5);
#1237 = AXIS2_PLACEMENT_3D('',#1238,#1239,#1240);
#1238 = CARTESIAN_POINT('',(90.969921875,40.136666666667,0.));
#1239 = DIRECTION('',(0.,0.,1.));
#1240 = DIRECTION('',(1.,0.,-0.));
#1241 = PCURVE('',#44,#1242);
#1242 = DEFINITIONAL_REPRESENTATION('',(#1243),#1247);
#1243 = CIRCLE('',#1244,1.5);
#1244 = AXIS2_PLACEMENT_2D('',#1245,#1246);
#1245 = CARTESIAN_POINT('',(6.969921875,-8.363333333333));
#1246 = DIRECTION('',(1.,0.));
#1247 = ( GEOMETRIC_REPRESENTATION_CONTEXT(2) 
PARAMETRIC_REPRESENTATION_CONTEXT() REPRESENTATION_CONTEXT('2D SPACE',''
  ) );
#1248 = PCURVE('',#1249,#1254);
#1249 = CYLINDRICAL_SURFACE('',#1250,1.5);
#1250 = AXIS2_PLACEMENT_3D('',#1251,#1252,#1253);
#1251 = CARTESIAN_POINT('',(90.969921875,40.136666666667,-1.));
#1252 = DIRECTION('',(0.,0.,1.));
#1253 = DIRECTION('',(1.,0.,-0.));
#1254 = DEFINITIONAL_REPRESENTATION('',(#1255),#1259);
#1255 = LINE('',#1256,#1257);
#1256 = CARTESIAN_POINT('',(0.,1.));
#1257 = VECTOR('',#1258,1.);
#1258 = DIRECTION('',(1.,0.));
#1259 = ( GEOMETRIC_REPRESENTATION_CONTEXT(2) 
PARAMETRIC_REPRESENTATION_CONTEXT() REPRESENTATION_CONTEXT('2D SPACE',''
  ) );
#1260 = ORIENTED_EDGE('',*,*,#1261,.T.);
#1261 = EDGE_CURVE('',#1233,#1262,#1264,.T.);
#1262 = VERTEX_POINT('',#1263);
#1263 = CARTESIAN_POINT('',(92.469921875,28.923333333333,0.));
#1264 = SURFACE_CURVE('',#1265,(#1269,#1275),.PCURVE_S1.);
#1265 = LINE('',#1266,#1267);
#1266 = CARTESIAN_POINT('',(92.469921875,37.961666666667,0.));
#1267 = VECTOR('',#1268,1.);
#1268 = DIRECTION('',(0.,-1.,0.));
#1269 = PCURVE('',#44,#1270);
#1270 = DEFINITIONAL_REPRESENTATION('',(#1271),#1274);
#1271 = B_SPLINE_CURVE_WITH_KNOTS('',1,(#1272,#1273),.UNSPECIFIED.,.F.,
  .F.,(2,2),(-2.175,9.038333333333),.PIECEWISE_BEZIER_KNOTS.);
#1272 = CARTESIAN_POINT('',(8.469921875,-8.363333333333));
#1273 = CARTESIAN_POINT('',(8.469921875,-19.57666666666));
#1274 = ( GEOMETRIC_REPRESENTATION_CONTEXT(2) 
PARAMETRIC_REPRESENTATION_CONTEXT() REPRESENTATION_CONTEXT('2D SPACE',''
  ) );
#1275 = PCURVE('',#1276,#1281);
#1276 = PLANE('',#1277);
#1277 = AXIS2_PLACEMENT_3D('',#1278,#1279,#1280);
#1278 = CARTESIAN_POINT('',(92.469921875,27.423333333333,-1.));
#1279 = DIRECTION('',(-1.,0.,0.));
#1280 = DIRECTION('',(0.,1.,0.));
#1281 = DEFINITIONAL_REPRESENTATION('',(#1282),#1285);
#1282 = B_SPLINE_CURVE_WITH_KNOTS('',1,(#1283,#1284),.UNSPECIFIED.,.F.,
  .F.,(2,2),(-2.175,9.038333333333),.PIECEWISE_BEZIER_KNOTS.);
#1283 = CARTESIAN_POINT('',(12.713333333333,-1.));
#1284 = CARTESIAN_POINT('',(1.5,-1.));
#1285 = ( GEOMETRIC_REPRESENTATION_CONTEXT(2) 
PARAMETRIC_REPRESENTATION_CONTEXT() REPRESENTATION_CONTEXT('2D SPACE',''
  ) );
#1286 = ORIENTED_EDGE('',*,*,#1287,.F.);
#1287 = EDGE_CURVE('',#1288,#1262,#1290,.T.);
#1288 = VERTEX_POINT('',#1289);
#1289 = CARTESIAN_POINT('',(92.099739952784,27.936666666666,0.));
#1290 = SURFACE_CURVE('',#1291,(#1296,#1303),.PCURVE_S1.);
#1291 = CIRCLE('',#1292,1.5);
#1292 = AXIS2_PLACEMENT_3D('',#1293,#1294,#1295);
#1293 = CARTESIAN_POINT('',(90.969921875,28.923333333333,0.));
#1294 = DIRECTION('',(0.,0.,1.));
#1295 = DIRECTION('',(0.,-1.,0.));
#1296 = PCURVE('',#44,#1297);
#1297 = DEFINITIONAL_REPRESENTATION('',(#1298),#1302);
#1298 = CIRCLE('',#1299,1.5);
#1299 = AXIS2_PLACEMENT_2D('',#1300,#1301);
#1300 = CARTESIAN_POINT('',(6.969921875,-19.57666666666));
#1301 = DIRECTION('',(0.,-1.));
#1302 = ( GEOMETRIC_REPRESENTATION_CONTEXT(2) 
PARAMETRIC_REPRESENTATION_CONTEXT() REPRESENTATION_CONTEXT('2D SPACE',''
  ) );
#1303 = PCURVE('',#1304,#1309);
#1304 = CYLINDRICAL_SURFACE('',#1305,1.5);
#1305 = AXIS2_PLACEMENT_3D('',#1306,#1307,#1308);
#1306 = CARTESIAN_POINT('',(90.969921875,28.923333333333,-1.));
#1307 = DIRECTION('',(0.,0.,1.));
#1308 = DIRECTION('',(0.,-1.,0.));
#1309 = DEFINITIONAL_REPRESENTATION('',(#1310),#1314);
#1310 = LINE('',#1311,#1312);
#1311 = CARTESIAN_POINT('',(0.,1.));
#1312 = VECTOR('',#1313,1.);
#1313 = DIRECTION('',(1.,0.));
#1314 = ( GEOMETRIC_REPRESENTATION_CONTEXT(2) 
PARAMETRIC_REPRESENTATION_CONTEXT() REPRESENTATION_CONTEXT('2D SPACE',''
  ) );
#1315 = ORIENTED_EDGE('',*,*,#1316,.F.);
#1316 = EDGE_CURVE('',#1317,#1288,#1319,.T.);
#1317 = VERTEX_POINT('',#1318);
#1318 = CARTESIAN_POINT('',(92.469921875,26.95,0.));
#1319 = SURFACE_CURVE('',#1320,(#1325,#1332),.PCURVE_S1.);
#1320 = CIRCLE('',#1321,1.5);
#1321 = AXIS2_PLACEMENT_3D('',#1322,#1323,#1324);
#1322 = CARTESIAN_POINT('',(90.969921875,26.95,0.));
#1323 = DIRECTION('',(0.,0.,1.));
#1324 = DIRECTION('',(1.,0.,-0.));
#1325 = PCURVE('',#44,#1326);
#1326 = DEFINITIONAL_REPRESENTATION('',(#1327),#1331);
#1327 = CIRCLE('',#1328,1.5);
#1328 = AXIS2_PLACEMENT_2D('',#1329,#1330);
#1329 = CARTESIAN_POINT('',(6.969921875,-21.55));
#1330 = DIRECTION('',(1.,0.));
#1331 = ( GEOMETRIC_REPRESENTATION_CONTEXT(2) 
PARAMETRIC_REPRESENTATION_CONTEXT() REPRESENTATION_CONTEXT('2D SPACE',''
  ) );
#1332 = PCURVE('',#1333,#1338);
#1333 = CYLINDRICAL_SURFACE('',#1334,1.5);
#1334 = AXIS2_PLACEMENT_3D('',#1335,#1336,#1337);
#1335 = CARTESIAN_POINT('',(90.969921875,26.95,-1.));
#1336 = DIRECTION('',(0.,0.,1.));
#1337 = DIRECTION('',(1.,0.,-0.));
#1338 = DEFINITIONAL_REPRESENTATION('',(#1339),#1343);
#1339 = LINE('',#1340,#1341);
#1340 = CARTESIAN_POINT('',(0.,1.));
#1341 = VECTOR('',#1342,1.);
#1342 = DIRECTION('',(1.,0.));
#1343 = ( GEOMETRIC_REPRESENTATION_CONTEXT(2) 
PARAMETRIC_REPRESENTATION_CONTEXT() REPRESENTATION_CONTEXT('2D SPACE',''
  ) );
#1344 = ORIENTED_EDGE('',*,*,#1345,.T.);
#1345 = EDGE_CURVE('',#1317,#1346,#1348,.T.);
#1346 = VERTEX_POINT('',#1347);
#1347 = CARTESIAN_POINT('',(92.469921875,15.736666666667,0.));
#1348 = SURFACE_CURVE('',#1349,(#1353,#1359),.PCURVE_S1.);
#1349 = LINE('',#1350,#1351);
#1350 = CARTESIAN_POINT('',(92.469921875,31.368333333333,0.));
#1351 = VECTOR('',#1352,1.);
#1352 = DIRECTION('',(0.,-1.,0.));
#1353 = PCURVE('',#44,#1354);
#1354 = DEFINITIONAL_REPRESENTATION('',(#1355),#1358);
#1355 = B_SPLINE_CURVE_WITH_KNOTS('',1,(#1356,#1357),.UNSPECIFIED.,.F.,
  .F.,(2,2),(4.418333333333,15.631666666667),.PIECEWISE_BEZIER_KNOTS.);
#1356 = CARTESIAN_POINT('',(8.469921875,-21.55));
#1357 = CARTESIAN_POINT('',(8.469921875,-32.76333333333));
#1358 = ( GEOMETRIC_REPRESENTATION_CONTEXT(2) 
PARAMETRIC_REPRESENTATION_CONTEXT() REPRESENTATION_CONTEXT('2D SPACE',''
  ) );
#1359 = PCURVE('',#1360,#1365);
#1360 = PLANE('',#1361);
#1361 = AXIS2_PLACEMENT_3D('',#1362,#1363,#1364);
#1362 = CARTESIAN_POINT('',(92.469921875,14.236666666667,-1.));
#1363 = DIRECTION('',(-1.,0.,0.));
#1364 = DIRECTION('',(0.,1.,0.));
#1365 = DEFINITIONAL_REPRESENTATION('',(#1366),#1369);
#1366 = B_SPLINE_CURVE_WITH_KNOTS('',1,(#1367,#1368),.UNSPECIFIED.,.F.,
  .F.,(2,2),(4.418333333333,15.631666666667),.PIECEWISE_BEZIER_KNOTS.);
#1367 = CARTESIAN_POINT('',(12.713333333333,-1.));
#1368 = CARTESIAN_POINT('',(1.5,-1.));
#1369 = ( GEOMETRIC_REPRESENTATION_CONTEXT(2) 
PARAMETRIC_REPRESENTATION_CONTEXT() REPRESENTATION_CONTEXT('2D SPACE',''
  ) );
#1370 = ORIENTED_EDGE('',*,*,#1371,.F.);
#1371 = EDGE_CURVE('',#1372,#1346,#1374,.T.);
#1372 = VERTEX_POINT('',#1373);
#1373 = CARTESIAN_POINT('',(90.969921875,14.236666666667,0.));
#1374 = SURFACE_CURVE('',#1375,(#1380,#1387),.PCURVE_S1.);
#1375 = CIRCLE('',#1376,1.5);
#1376 = AXIS2_PLACEMENT_3D('',#1377,#1378,#1379);
#1377 = CARTESIAN_POINT('',(90.969921875,15.736666666667,0.));
#1378 = DIRECTION('',(0.,0.,1.));
#1379 = DIRECTION('',(0.,-1.,0.));
#1380 = PCURVE('',#44,#1381);
#1381 = DEFINITIONAL_REPRESENTATION('',(#1382),#1386);
#1382 = CIRCLE('',#1383,1.5);
#1383 = AXIS2_PLACEMENT_2D('',#1384,#1385);
#1384 = CARTESIAN_POINT('',(6.969921875,-32.76333333333));
#1385 = DIRECTION('',(0.,-1.));
#1386 = ( GEOMETRIC_REPRESENTATION_CONTEXT(2) 
PARAMETRIC_REPRESENTATION_CONTEXT() REPRESENTATION_CONTEXT('2D SPACE',''
  ) );
#1387 = PCURVE('',#1388,#1393);
#1388 = CYLINDRICAL_SURFACE('',#1389,1.5);
#1389 = AXIS2_PLACEMENT_3D('',#1390,#1391,#1392);
#1390 = CARTESIAN_POINT('',(90.969921875,15.736666666667,-1.));
#1391 = DIRECTION('',(0.,0.,1.));
#1392 = DIRECTION('',(0.,-1.,0.));
#1393 = DEFINITIONAL_REPRESENTATION('',(#1394),#1398);
#1394 = LINE('',#1395,#1396);
#1395 = CARTESIAN_POINT('',(0.,1.));
#1396 = VECTOR('',#1397,1.);
#1397 = DIRECTION('',(1.,0.));
#1398 = ( GEOMETRIC_REPRESENTATION_CONTEXT(2) 
PARAMETRIC_REPRESENTATION_CONTEXT() REPRESENTATION_CONTEXT('2D SPACE',''
  ) );
#1399 = ORIENTED_EDGE('',*,*,#1400,.T.);
#1400 = EDGE_CURVE('',#1372,#1401,#1403,.T.);
#1401 = VERTEX_POINT('',#1402);
#1402 = CARTESIAN_POINT('',(69.059375,14.236666666667,0.));
#1403 = SURFACE_CURVE('',#1404,(#1408,#1414),.PCURVE_S1.);
#1404 = LINE('',#1405,#1406);
#1405 = CARTESIAN_POINT('',(75.7796875,14.236666666667,0.));
#1406 = VECTOR('',#1407,1.);
#1407 = DIRECTION('',(-1.,0.,0.));
#1408 = PCURVE('',#44,#1409);
#1409 = DEFINITIONAL_REPRESENTATION('',(#1410),#1413);
#1410 = B_SPLINE_CURVE_WITH_KNOTS('',1,(#1411,#1412),.UNSPECIFIED.,.F.,
  .F.,(2,2),(-15.190234375,6.7203125),.PIECEWISE_BEZIER_KNOTS.);
#1411 = CARTESIAN_POINT('',(6.969921875,-34.26333333333));
#1412 = CARTESIAN_POINT('',(-14.940625,-34.26333333333));
#1413 = ( GEOMETRIC_REPRESENTATION_CONTEXT(2) 
PARAMETRIC_REPRESENTATION_CONTEXT() REPRESENTATION_CONTEXT('2D SPACE',''
  ) );
#1414 = PCURVE('',#1415,#1420);
#1415 = PLANE('',#1416);
#1416 = AXIS2_PLACEMENT_3D('',#1417,#1418,#1419);
#1417 = CARTESIAN_POINT('',(67.559375,14.236666666667,-1.));
#1418 = DIRECTION('',(0.,1.,0.));
#1419 = DIRECTION('',(1.,0.,0.));
#1420 = DEFINITIONAL_REPRESENTATION('',(#1421),#1424);
#1421 = B_SPLINE_CURVE_WITH_KNOTS('',1,(#1422,#1423),.UNSPECIFIED.,.F.,
  .F.,(2,2),(-15.190234375,6.7203125),.PIECEWISE_BEZIER_KNOTS.);
#1422 = CARTESIAN_POINT('',(23.410546875,-1.));
#1423 = CARTESIAN_POINT('',(1.5,-1.));
#1424 = ( GEOMETRIC_REPRESENTATION_CONTEXT(2) 
PARAMETRIC_REPRESENTATION_CONTEXT() REPRESENTATION_CONTEXT('2D SPACE',''
  ) );
#1425 = ORIENTED_EDGE('',*,*,#1426,.F.);
#1426 = EDGE_CURVE('',#1427,#1401,#1429,.T.);
#1427 = VERTEX_POINT('',#1428);
#1428 = CARTESIAN_POINT('',(68.05859375,14.619331940791,0.));
#1429 = SURFACE_CURVE('',#1430,(#1435,#1442),.PCURVE_S1.);
#1430 = CIRCLE('',#1431,1.5);
#1431 = AXIS2_PLACEMENT_3D('',#1432,#1433,#1434);
#1432 = CARTESIAN_POINT('',(69.059375,15.736666666667,0.));
#1433 = DIRECTION('',(0.,0.,1.));
#1434 = DIRECTION('',(0.,-1.,0.));
#1435 = PCURVE('',#44,#1436);
#1436 = DEFINITIONAL_REPRESENTATION('',(#1437),#1441);
#1437 = CIRCLE('',#1438,1.5);
#1438 = AXIS2_PLACEMENT_2D('',#1439,#1440);
#1439 = CARTESIAN_POINT('',(-14.940625,-32.76333333333));
#1440 = DIRECTION('',(0.,-1.));
#1441 = ( GEOMETRIC_REPRESENTATION_CONTEXT(2) 
PARAMETRIC_REPRESENTATION_CONTEXT() REPRESENTATION_CONTEXT('2D SPACE',''
  ) );
#1442 = PCURVE('',#1443,#1448);
#1443 = CYLINDRICAL_SURFACE('',#1444,1.5);
#1444 = AXIS2_PLACEMENT_3D('',#1445,#1446,#1447);
#1445 = CARTESIAN_POINT('',(69.059375,15.736666666667,-1.));
#1446 = DIRECTION('',(0.,0.,1.));
#1447 = DIRECTION('',(0.,-1.,0.));
#1448 = DEFINITIONAL_REPRESENTATION('',(#1449),#1453);
#1449 = LINE('',#1450,#1451);
#1450 = CARTESIAN_POINT('',(-6.28318530718,1.));
#1451 = VECTOR('',#1452,1.);
#1452 = DIRECTION('',(1.,-0.));
#1453 = ( GEOMETRIC_REPRESENTATION_CONTEXT(2) 
PARAMETRIC_REPRESENTATION_CONTEXT() REPRESENTATION_CONTEXT('2D SPACE',''
  ) );
#1454 = ORIENTED_EDGE('',*,*,#1455,.F.);
#1455 = EDGE_CURVE('',#1456,#1427,#1458,.T.);
#1456 = VERTEX_POINT('',#1457);
#1457 = CARTESIAN_POINT('',(67.0578125,14.236666666667,0.));
#1458 = SURFACE_CURVE('',#1459,(#1464,#1471),.PCURVE_S1.);
#1459 = CIRCLE('',#1460,1.5);
#1460 = AXIS2_PLACEMENT_3D('',#1461,#1462,#1463);
#1461 = CARTESIAN_POINT('',(67.0578125,15.736666666667,0.));
#1462 = DIRECTION('',(0.,0.,1.));
#1463 = DIRECTION('',(0.,-1.,0.));
#1464 = PCURVE('',#44,#1465);
#1465 = DEFINITIONAL_REPRESENTATION('',(#1466),#1470);
#1466 = CIRCLE('',#1467,1.5);
#1467 = AXIS2_PLACEMENT_2D('',#1468,#1469);
#1468 = CARTESIAN_POINT('',(-16.9421875,-32.76333333333));
#1469 = DIRECTION('',(0.,-1.));
#1470 = ( GEOMETRIC_REPRESENTATION_CONTEXT(2) 
PARAMETRIC_REPRESENTATION_CONTEXT() REPRESENTATION_CONTEXT('2D SPACE',''
  ) );
#1471 = PCURVE('',#1472,#1477);
#1472 = CYLINDRICAL_SURFACE('',#1473,1.5);
#1473 = AXIS2_PLACEMENT_3D('',#1474,#1475,#1476);
#1474 = CARTESIAN_POINT('',(67.0578125,15.736666666667,-1.));
#1475 = DIRECTION('',(0.,0.,1.));
#1476 = DIRECTION('',(0.,-1.,0.));
#1477 = DEFINITIONAL_REPRESENTATION('',(#1478),#1482);
#1478 = LINE('',#1479,#1480);
#1479 = CARTESIAN_POINT('',(0.,1.));
#1480 = VECTOR('',#1481,1.);
#1481 = DIRECTION('',(1.,0.));
#1482 = ( GEOMETRIC_REPRESENTATION_CONTEXT(2) 
PARAMETRIC_REPRESENTATION_CONTEXT() REPRESENTATION_CONTEXT('2D SPACE',''
  ) );
#1483 = ORIENTED_EDGE('',*,*,#1484,.T.);
#1484 = EDGE_CURVE('',#1456,#451,#1485,.T.);
#1485 = SURFACE_CURVE('',#1486,(#1490,#1496),.PCURVE_S1.);
#1486 = LINE('',#1487,#1488);
#1487 = CARTESIAN_POINT('',(63.8236328125,14.236666666667,0.));
#1488 = VECTOR('',#1489,1.);
#1489 = DIRECTION('',(-1.,0.,0.));
#1490 = PCURVE('',#44,#1491);
#1491 = DEFINITIONAL_REPRESENTATION('',(#1492),#1495);
#1492 = B_SPLINE_CURVE_WITH_KNOTS('',1,(#1493,#1494),.UNSPECIFIED.,.F.,
  .F.,(2,2),(-3.2341796875,18.6763671875),.PIECEWISE_BEZIER_KNOTS.);
#1493 = CARTESIAN_POINT('',(-16.9421875,-34.26333333333));
#1494 = CARTESIAN_POINT('',(-38.852734375,-34.26333333333));
#1495 = ( GEOMETRIC_REPRESENTATION_CONTEXT(2) 
PARAMETRIC_REPRESENTATION_CONTEXT() REPRESENTATION_CONTEXT('2D SPACE',''
  ) );
#1496 = PCURVE('',#1497,#1502);
#1497 = PLANE('',#1498);
#1498 = AXIS2_PLACEMENT_3D('',#1499,#1500,#1501);
#1499 = CARTESIAN_POINT('',(43.647265625,14.236666666667,-1.));
#1500 = DIRECTION('',(0.,1.,0.));
#1501 = DIRECTION('',(1.,0.,0.));
#1502 = DEFINITIONAL_REPRESENTATION('',(#1503),#1506);
#1503 = B_SPLINE_CURVE_WITH_KNOTS('',1,(#1504,#1505),.UNSPECIFIED.,.F.,
  .F.,(2,2),(-3.2341796875,18.6763671875),.PIECEWISE_BEZIER_KNOTS.);
#1504 = CARTESIAN_POINT('',(23.410546875,-1.));
#1505 = CARTESIAN_POINT('',(1.5,-1.));
#1506 = ( GEOMETRIC_REPRESENTATION_CONTEXT(2) 
PARAMETRIC_REPRESENTATION_CONTEXT() REPRESENTATION_CONTEXT('2D SPACE',''
  ) );
#1507 = FACE_BOUND('',#1508,.F.);
#1508 = EDGE_LOOP('',(#1509,#1540,#1566,#1595,#1621,#1654,#1680,#1709,
    #1735,#1764,#1793,#1819,#1848,#1877,#1903,#1932,#1961,#1987,#2016,
    #2045,#2071,#2100,#2129,#2155,#2184,#2213,#2239,#2268,#2294,#2323,
    #2349,#2378,#2404,#2433,#2462,#2488,#2517,#2546,#2572,#2601,#2630,
    #2656,#2685,#2714,#2740,#2769,#2798,#2824));
#1509 = ORIENTED_EDGE('',*,*,#1510,.F.);
#1510 = EDGE_CURVE('',#1511,#1513,#1515,.T.);
#1511 = VERTEX_POINT('',#1512);
#1512 = CARTESIAN_POINT('',(32.46796875,4.346666666667,0.));
#1513 = VERTEX_POINT('',#1514);
#1514 = CARTESIAN_POINT('',(33.3935546875,4.666289323483,0.));
#1515 = SURFACE_CURVE('',#1516,(#1521,#1528),.PCURVE_S1.);
#1516 = CIRCLE('',#1517,1.5);
#1517 = AXIS2_PLACEMENT_3D('',#1518,#1519,#1520);
#1518 = CARTESIAN_POINT('',(32.46796875,5.846666666667,0.));
#1519 = DIRECTION('',(0.,0.,1.));
#1520 = DIRECTION('',(0.,-1.,0.));
#1521 = PCURVE('',#44,#1522);
#1522 = DEFINITIONAL_REPRESENTATION('',(#1523),#1527);
#1523 = CIRCLE('',#1524,1.5);
#1524 = AXIS2_PLACEMENT_2D('',#1525,#1526);
#1525 = CARTESIAN_POINT('',(-51.53203125,-42.65333333333));
#1526 = DIRECTION('',(0.,-1.));
#1527 = ( GEOMETRIC_REPRESENTATION_CONTEXT(2) 
PARAMETRIC_REPRESENTATION_CONTEXT() REPRESENTATION_CONTEXT('2D SPACE',''
  ) );
#1528 = PCURVE('',#1529,#1534);
#1529 = CYLINDRICAL_SURFACE('',#1530,1.5);
#1530 = AXIS2_PLACEMENT_3D('',#1531,#1532,#1533);
#1531 = CARTESIAN_POINT('',(32.46796875,5.846666666667,-1.));
#1532 = DIRECTION('',(0.,0.,1.));
#1533 = DIRECTION('',(0.,-1.,0.));
#1534 = DEFINITIONAL_REPRESENTATION('',(#1535),#1539);
#1535 = LINE('',#1536,#1537);
#1536 = CARTESIAN_POINT('',(0.,1.));
#1537 = VECTOR('',#1538,1.);
#1538 = DIRECTION('',(1.,0.));
#1539 = ( GEOMETRIC_REPRESENTATION_CONTEXT(2) 
PARAMETRIC_REPRESENTATION_CONTEXT() REPRESENTATION_CONTEXT('2D SPACE',''
  ) );
#1540 = ORIENTED_EDGE('',*,*,#1541,.T.);
#1541 = EDGE_CURVE('',#1511,#1542,#1544,.T.);
#1542 = VERTEX_POINT('',#1543);
#1543 = CARTESIAN_POINT('',(14.166796875,4.346666666667,0.));
#1544 = SURFACE_CURVE('',#1545,(#1549,#1555),.PCURVE_S1.);
#1545 = LINE('',#1546,#1547);
#1546 = CARTESIAN_POINT('',(48.3333984375,4.346666666667,0.));
#1547 = VECTOR('',#1548,1.);
#1548 = DIRECTION('',(-1.,0.,0.));
#1549 = PCURVE('',#44,#1550);
#1550 = DEFINITIONAL_REPRESENTATION('',(#1551),#1554);
#1551 = B_SPLINE_CURVE_WITH_KNOTS('',1,(#1552,#1553),.UNSPECIFIED.,.F.,
  .F.,(2,2),(15.8654296875,34.1666015625),.PIECEWISE_BEZIER_KNOTS.);
#1552 = CARTESIAN_POINT('',(-51.53203125,-44.15333333333));
#1553 = CARTESIAN_POINT('',(-69.833203125,-44.15333333333));
#1554 = ( GEOMETRIC_REPRESENTATION_CONTEXT(2) 
PARAMETRIC_REPRESENTATION_CONTEXT() REPRESENTATION_CONTEXT('2D SPACE',''
  ) );
#1555 = PCURVE('',#1556,#1561);
#1556 = PLANE('',#1557);
#1557 = AXIS2_PLACEMENT_3D('',#1558,#1559,#1560);
#1558 = CARTESIAN_POINT('',(12.666796875,4.346666666667,-1.));
#1559 = DIRECTION('',(0.,1.,0.));
#1560 = DIRECTION('',(1.,0.,0.));
#1561 = DEFINITIONAL_REPRESENTATION('',(#1562),#1565);
#1562 = B_SPLINE_CURVE_WITH_KNOTS('',1,(#1563,#1564),.UNSPECIFIED.,.F.,
  .F.,(2,2),(15.8654296875,34.1666015625),.PIECEWISE_BEZIER_KNOTS.);
#1563 = CARTESIAN_POINT('',(19.801171875,-1.));
#1564 = CARTESIAN_POINT('',(1.5,-1.));
#1565 = ( GEOMETRIC_REPRESENTATION_CONTEXT(2) 
PARAMETRIC_REPRESENTATION_CONTEXT() REPRESENTATION_CONTEXT('2D SPACE',''
  ) );
#1566 = ORIENTED_EDGE('',*,*,#1567,.F.);
#1567 = EDGE_CURVE('',#1568,#1542,#1570,.T.);
#1568 = VERTEX_POINT('',#1569);
#1569 = CARTESIAN_POINT('',(12.666796875,5.846666666667,0.));
#1570 = SURFACE_CURVE('',#1571,(#1576,#1583),.PCURVE_S1.);
#1571 = CIRCLE('',#1572,1.5);
#1572 = AXIS2_PLACEMENT_3D('',#1573,#1574,#1575);
#1573 = CARTESIAN_POINT('',(14.166796875,5.846666666667,0.));
#1574 = DIRECTION('',(0.,0.,1.));
#1575 = DIRECTION('',(0.,-1.,0.));
#1576 = PCURVE('',#44,#1577);
#1577 = DEFINITIONAL_REPRESENTATION('',(#1578),#1582);
#1578 = CIRCLE('',#1579,1.5);
#1579 = AXIS2_PLACEMENT_2D('',#1580,#1581);
#1580 = CARTESIAN_POINT('',(-69.833203125,-42.65333333333));
#1581 = DIRECTION('',(0.,-1.));
#1582 = ( GEOMETRIC_REPRESENTATION_CONTEXT(2) 
PARAMETRIC_REPRESENTATION_CONTEXT() REPRESENTATION_CONTEXT('2D SPACE',''
  ) );
#1583 = PCURVE('',#1584,#1589);
#1584 = CYLINDRICAL_SURFACE('',#1585,1.5);
#1585 = AXIS2_PLACEMENT_3D('',#1586,#1587,#1588);
#1586 = CARTESIAN_POINT('',(14.166796875,5.846666666667,-1.));
#1587 = DIRECTION('',(0.,0.,1.));
#1588 = DIRECTION('',(0.,-1.,0.));
#1589 = DEFINITIONAL_REPRESENTATION('',(#1590),#1594);
#1590 = LINE('',#1591,#1592);
#1591 = CARTESIAN_POINT('',(-6.28318530718,1.));
#1592 = VECTOR('',#1593,1.);
#1593 = DIRECTION('',(1.,-0.));
#1594 = ( GEOMETRIC_REPRESENTATION_CONTEXT(2) 
PARAMETRIC_REPRESENTATION_CONTEXT() REPRESENTATION_CONTEXT('2D SPACE',''
  ) );
#1595 = ORIENTED_EDGE('',*,*,#1596,.T.);
#1596 = EDGE_CURVE('',#1568,#1597,#1599,.T.);
#1597 = VERTEX_POINT('',#1598);
#1598 = CARTESIAN_POINT('',(12.666796875,6.614782346613,0.));
#1599 = SURFACE_CURVE('',#1600,(#1604,#1610),.PCURVE_S1.);
#1600 = LINE('',#1601,#1602);
#1601 = CARTESIAN_POINT('',(12.666796875,30.663333333333,0.));
#1602 = VECTOR('',#1603,1.);
#1603 = DIRECTION('',(-0.,1.,0.));
#1604 = PCURVE('',#44,#1605);
#1605 = DEFINITIONAL_REPRESENTATION('',(#1606),#1609);
#1606 = B_SPLINE_CURVE_WITH_KNOTS('',1,(#1607,#1608),.UNSPECIFIED.,.F.,
  .F.,(2,2),(-24.81666666666,-19.33666666666),.PIECEWISE_BEZIER_KNOTS.);
#1607 = CARTESIAN_POINT('',(-71.333203125,-42.65333333333));
#1608 = CARTESIAN_POINT('',(-71.333203125,-37.17333333333));
#1609 = ( GEOMETRIC_REPRESENTATION_CONTEXT(2) 
PARAMETRIC_REPRESENTATION_CONTEXT() REPRESENTATION_CONTEXT('2D SPACE',''
  ) );
#1610 = PCURVE('',#1611,#1616);
#1611 = PLANE('',#1612);
#1612 = AXIS2_PLACEMENT_3D('',#1613,#1614,#1615);
#1613 = CARTESIAN_POINT('',(12.666796875,12.826666666667,-1.));
#1614 = DIRECTION('',(1.,0.,-0.));
#1615 = DIRECTION('',(0.,-1.,0.));
#1616 = DEFINITIONAL_REPRESENTATION('',(#1617),#1620);
#1617 = B_SPLINE_CURVE_WITH_KNOTS('',1,(#1618,#1619),.UNSPECIFIED.,.F.,
  .F.,(2,2),(-24.81666666666,-19.33666666666),.PIECEWISE_BEZIER_KNOTS.);
#1618 = CARTESIAN_POINT('',(6.98,-1.));
#1619 = CARTESIAN_POINT('',(1.5,-1.));
#1620 = ( GEOMETRIC_REPRESENTATION_CONTEXT(2) 
PARAMETRIC_REPRESENTATION_CONTEXT() REPRESENTATION_CONTEXT('2D SPACE',''
  ) );
#1621 = ORIENTED_EDGE('',*,*,#1622,.T.);
#1622 = EDGE_CURVE('',#1597,#1623,#1625,.T.);
#1623 = VERTEX_POINT('',#1624);
#1624 = CARTESIAN_POINT('',(12.666796875,10.558550986721,0.));
#1625 = SURFACE_CURVE('',#1626,(#1631,#1642),.PCURVE_S1.);
#1626 = CIRCLE('',#1627,2.849791666667);
#1627 = AXIS2_PLACEMENT_3D('',#1628,#1629,#1630);
#1628 = CARTESIAN_POINT('',(10.609375,8.586666666667,0.));
#1629 = DIRECTION('',(0.,0.,-1.));
#1630 = DIRECTION('',(1.,0.,0.));
#1631 = PCURVE('',#44,#1632);
#1632 = DEFINITIONAL_REPRESENTATION('',(#1633),#1641);
#1633 = ( BOUNDED_CURVE() B_SPLINE_CURVE(2,(#1634,#1635,#1636,#1637,
#1638,#1639,#1640),.UNSPECIFIED.,.T.,.F.) B_SPLINE_CURVE_WITH_KNOTS((1,2
    ,2,2,2,1),(-2.094395102393,0.,2.094395102393,4.188790204786,
6.28318530718,8.377580409573),.UNSPECIFIED.) CURVE() 
GEOMETRIC_REPRESENTATION_ITEM() RATIONAL_B_SPLINE_CURVE((1.,0.5,1.,0.5,
1.,0.5,1.)) REPRESENTATION_ITEM('') );
#1634 = CARTESIAN_POINT('',(-70.54083333333,-39.91333333333));
#1635 = CARTESIAN_POINT('',(-70.54083333333,-44.84931729098));
#1636 = CARTESIAN_POINT('',(-74.81552083333,-42.38132531216));
#1637 = CARTESIAN_POINT('',(-79.09020833333,-39.91333333333));
#1638 = CARTESIAN_POINT('',(-74.81552083333,-37.4453413545));
#1639 = CARTESIAN_POINT('',(-70.54083333333,-34.97734937568));
#1640 = CARTESIAN_POINT('',(-70.54083333333,-39.91333333333));
#1641 = ( GEOMETRIC_REPRESENTATION_CONTEXT(2) 
PARAMETRIC_REPRESENTATION_CONTEXT() REPRESENTATION_CONTEXT('2D SPACE',''
  ) );
#1642 = PCURVE('',#1643,#1648);
#1643 = CYLINDRICAL_SURFACE('',#1644,2.849791666667);
#1644 = AXIS2_PLACEMENT_3D('',#1645,#1646,#1647);
#1645 = CARTESIAN_POINT('',(10.609375,8.586666666667,-1.));
#1646 = DIRECTION('',(-0.,-0.,-1.));
#1647 = DIRECTION('',(1.,0.,0.));
#1648 = DEFINITIONAL_REPRESENTATION('',(#1649),#1653);
#1649 = LINE('',#1650,#1651);
#1650 = CARTESIAN_POINT('',(-6.28318530718,-1.));
#1651 = VECTOR('',#1652,1.);
#1652 = DIRECTION('',(1.,-0.));
#1653 = ( GEOMETRIC_REPRESENTATION_CONTEXT(2) 
PARAMETRIC_REPRESENTATION_CONTEXT() REPRESENTATION_CONTEXT('2D SPACE',''
  ) );
#1654 = ORIENTED_EDGE('',*,*,#1655,.T.);
#1655 = EDGE_CURVE('',#1623,#1656,#1658,.T.);
#1656 = VERTEX_POINT('',#1657);
#1657 = CARTESIAN_POINT('',(12.666796875,11.326666666667,0.));
#1658 = SURFACE_CURVE('',#1659,(#1663,#1669),.PCURVE_S1.);
#1659 = LINE('',#1660,#1661);
#1660 = CARTESIAN_POINT('',(12.666796875,30.663333333333,0.));
#1661 = VECTOR('',#1662,1.);
#1662 = DIRECTION('',(-0.,1.,0.));
#1663 = PCURVE('',#44,#1664);
#1664 = DEFINITIONAL_REPRESENTATION('',(#1665),#1668);
#1665 = B_SPLINE_CURVE_WITH_KNOTS('',1,(#1666,#1667),.UNSPECIFIED.,.F.,
  .F.,(2,2),(-24.81666666666,-19.33666666666),.PIECEWISE_BEZIER_KNOTS.);
#1666 = CARTESIAN_POINT('',(-71.333203125,-42.65333333333));
#1667 = CARTESIAN_POINT('',(-71.333203125,-37.17333333333));
#1668 = ( GEOMETRIC_REPRESENTATION_CONTEXT(2) 
PARAMETRIC_REPRESENTATION_CONTEXT() REPRESENTATION_CONTEXT('2D SPACE',''
  ) );
#1669 = PCURVE('',#1670,#1675);
#1670 = PLANE('',#1671);
#1671 = AXIS2_PLACEMENT_3D('',#1672,#1673,#1674);
#1672 = CARTESIAN_POINT('',(12.666796875,12.826666666667,-1.));
#1673 = DIRECTION('',(1.,0.,-0.));
#1674 = DIRECTION('',(0.,-1.,0.));
#1675 = DEFINITIONAL_REPRESENTATION('',(#1676),#1679);
#1676 = B_SPLINE_CURVE_WITH_KNOTS('',1,(#1677,#1678),.UNSPECIFIED.,.F.,
  .F.,(2,2),(-24.81666666666,-19.33666666666),.PIECEWISE_BEZIER_KNOTS.);
#1677 = CARTESIAN_POINT('',(6.98,-1.));
#1678 = CARTESIAN_POINT('',(1.5,-1.));
#1679 = ( GEOMETRIC_REPRESENTATION_CONTEXT(2) 
PARAMETRIC_REPRESENTATION_CONTEXT() REPRESENTATION_CONTEXT('2D SPACE',''
  ) );
#1680 = ORIENTED_EDGE('',*,*,#1681,.F.);
#1681 = EDGE_CURVE('',#1682,#1656,#1684,.T.);
#1682 = VERTEX_POINT('',#1683);
#1683 = CARTESIAN_POINT('',(14.166796875,12.826666666667,0.));
#1684 = SURFACE_CURVE('',#1685,(#1690,#1697),.PCURVE_S1.);
#1685 = CIRCLE('',#1686,1.5);
#1686 = AXIS2_PLACEMENT_3D('',#1687,#1688,#1689);
#1687 = CARTESIAN_POINT('',(14.166796875,11.326666666667,0.));
#1688 = DIRECTION('',(0.,0.,1.));
#1689 = DIRECTION('',(-0.,1.,0.));
#1690 = PCURVE('',#44,#1691);
#1691 = DEFINITIONAL_REPRESENTATION('',(#1692),#1696);
#1692 = CIRCLE('',#1693,1.5);
#1693 = AXIS2_PLACEMENT_2D('',#1694,#1695);
#1694 = CARTESIAN_POINT('',(-69.833203125,-37.17333333333));
#1695 = DIRECTION('',(0.,1.));
#1696 = ( GEOMETRIC_REPRESENTATION_CONTEXT(2) 
PARAMETRIC_REPRESENTATION_CONTEXT() REPRESENTATION_CONTEXT('2D SPACE',''
  ) );
#1697 = PCURVE('',#1698,#1703);
#1698 = CYLINDRICAL_SURFACE('',#1699,1.5);
#1699 = AXIS2_PLACEMENT_3D('',#1700,#1701,#1702);
#1700 = CARTESIAN_POINT('',(14.166796875,11.326666666667,-1.));
#1701 = DIRECTION('',(0.,0.,1.));
#1702 = DIRECTION('',(-0.,1.,0.));
#1703 = DEFINITIONAL_REPRESENTATION('',(#1704),#1708);
#1704 = LINE('',#1705,#1706);
#1705 = CARTESIAN_POINT('',(0.,1.));
#1706 = VECTOR('',#1707,1.);
#1707 = DIRECTION('',(1.,0.));
#1708 = ( GEOMETRIC_REPRESENTATION_CONTEXT(2) 
PARAMETRIC_REPRESENTATION_CONTEXT() REPRESENTATION_CONTEXT('2D SPACE',''
  ) );
#1709 = ORIENTED_EDGE('',*,*,#1710,.T.);
#1710 = EDGE_CURVE('',#1682,#1711,#1713,.T.);
#1711 = VERTEX_POINT('',#1712);
#1712 = CARTESIAN_POINT('',(32.46796875,12.826666666667,0.));
#1713 = SURFACE_CURVE('',#1714,(#1718,#1724),.PCURVE_S1.);
#1714 = LINE('',#1715,#1716);
#1715 = CARTESIAN_POINT('',(58.983984375,12.826666666667,0.));
#1716 = VECTOR('',#1717,1.);
#1717 = DIRECTION('',(1.,0.,-0.));
#1718 = PCURVE('',#44,#1719);
#1719 = DEFINITIONAL_REPRESENTATION('',(#1720),#1723);
#1720 = B_SPLINE_CURVE_WITH_KNOTS('',1,(#1721,#1722),.UNSPECIFIED.,.F.,
  .F.,(2,2),(-44.8171875,-26.516015625),.PIECEWISE_BEZIER_KNOTS.);
#1721 = CARTESIAN_POINT('',(-69.833203125,-35.67333333333));
#1722 = CARTESIAN_POINT('',(-51.53203125,-35.67333333333));
#1723 = ( GEOMETRIC_REPRESENTATION_CONTEXT(2) 
PARAMETRIC_REPRESENTATION_CONTEXT() REPRESENTATION_CONTEXT('2D SPACE',''
  ) );
#1724 = PCURVE('',#1725,#1730);
#1725 = PLANE('',#1726);
#1726 = AXIS2_PLACEMENT_3D('',#1727,#1728,#1729);
#1727 = CARTESIAN_POINT('',(33.96796875,12.826666666667,-1.));
#1728 = DIRECTION('',(0.,-1.,0.));
#1729 = DIRECTION('',(-1.,0.,0.));
#1730 = DEFINITIONAL_REPRESENTATION('',(#1731),#1734);
#1731 = B_SPLINE_CURVE_WITH_KNOTS('',1,(#1732,#1733),.UNSPECIFIED.,.F.,
  .F.,(2,2),(-44.8171875,-26.516015625),.PIECEWISE_BEZIER_KNOTS.);
#1732 = CARTESIAN_POINT('',(19.801171875,-1.));
#1733 = CARTESIAN_POINT('',(1.5,-1.));
#1734 = ( GEOMETRIC_REPRESENTATION_CONTEXT(2) 
PARAMETRIC_REPRESENTATION_CONTEXT() REPRESENTATION_CONTEXT('2D SPACE',''
  ) );
#1735 = ORIENTED_EDGE('',*,*,#1736,.F.);
#1736 = EDGE_CURVE('',#1737,#1711,#1739,.T.);
#1737 = VERTEX_POINT('',#1738);
#1738 = CARTESIAN_POINT('',(33.3935546875,12.507044009851,0.));
#1739 = SURFACE_CURVE('',#1740,(#1745,#1752),.PCURVE_S1.);
#1740 = CIRCLE('',#1741,1.5);
#1741 = AXIS2_PLACEMENT_3D('',#1742,#1743,#1744);
#1742 = CARTESIAN_POINT('',(32.46796875,11.326666666667,0.));
#1743 = DIRECTION('',(0.,0.,1.));
#1744 = DIRECTION('',(1.,0.,-0.));
#1745 = PCURVE('',#44,#1746);
#1746 = DEFINITIONAL_REPRESENTATION('',(#1747),#1751);
#1747 = CIRCLE('',#1748,1.5);
#1748 = AXIS2_PLACEMENT_2D('',#1749,#1750);
#1749 = CARTESIAN_POINT('',(-51.53203125,-37.17333333333));
#1750 = DIRECTION('',(1.,0.));
#1751 = ( GEOMETRIC_REPRESENTATION_CONTEXT(2) 
PARAMETRIC_REPRESENTATION_CONTEXT() REPRESENTATION_CONTEXT('2D SPACE',''
  ) );
#1752 = PCURVE('',#1753,#1758);
#1753 = CYLINDRICAL_SURFACE('',#1754,1.5);
#1754 = AXIS2_PLACEMENT_3D('',#1755,#1756,#1757);
#1755 = CARTESIAN_POINT('',(32.46796875,11.326666666667,-1.));
#1756 = DIRECTION('',(0.,0.,1.));
#1757 = DIRECTION('',(1.,0.,-0.));
#1758 = DEFINITIONAL_REPRESENTATION('',(#1759),#1763);
#1759 = LINE('',#1760,#1761);
#1760 = CARTESIAN_POINT('',(0.,1.));
#1761 = VECTOR('',#1762,1.);
#1762 = DIRECTION('',(1.,0.));
#1763 = ( GEOMETRIC_REPRESENTATION_CONTEXT(2) 
PARAMETRIC_REPRESENTATION_CONTEXT() REPRESENTATION_CONTEXT('2D SPACE',''
  ) );
#1764 = ORIENTED_EDGE('',*,*,#1765,.F.);
#1765 = EDGE_CURVE('',#1766,#1737,#1768,.T.);
#1766 = VERTEX_POINT('',#1767);
#1767 = CARTESIAN_POINT('',(34.319140625,12.826666666667,0.));
#1768 = SURFACE_CURVE('',#1769,(#1774,#1781),.PCURVE_S1.);
#1769 = CIRCLE('',#1770,1.5);
#1770 = AXIS2_PLACEMENT_3D('',#1771,#1772,#1773);
#1771 = CARTESIAN_POINT('',(34.319140625,11.326666666667,0.));
#1772 = DIRECTION('',(0.,0.,1.));
#1773 = DIRECTION('',(-0.,1.,0.));
#1774 = PCURVE('',#44,#1775);
#1775 = DEFINITIONAL_REPRESENTATION('',(#1776),#1780);
#1776 = CIRCLE('',#1777,1.5);
#1777 = AXIS2_PLACEMENT_2D('',#1778,#1779);
#1778 = CARTESIAN_POINT('',(-49.680859375,-37.17333333333));
#1779 = DIRECTION('',(0.,1.));
#1780 = ( GEOMETRIC_REPRESENTATION_CONTEXT(2) 
PARAMETRIC_REPRESENTATION_CONTEXT() REPRESENTATION_CONTEXT('2D SPACE',''
  ) );
#1781 = PCURVE('',#1782,#1787);
#1782 = CYLINDRICAL_SURFACE('',#1783,1.5);
#1783 = AXIS2_PLACEMENT_3D('',#1784,#1785,#1786);
#1784 = CARTESIAN_POINT('',(34.319140625,11.326666666667,-1.));
#1785 = DIRECTION('',(0.,0.,1.));
#1786 = DIRECTION('',(-0.,1.,0.));
#1787 = DEFINITIONAL_REPRESENTATION('',(#1788),#1792);
#1788 = LINE('',#1789,#1790);
#1789 = CARTESIAN_POINT('',(0.,1.));
#1790 = VECTOR('',#1791,1.);
#1791 = DIRECTION('',(1.,0.));
#1792 = ( GEOMETRIC_REPRESENTATION_CONTEXT(2) 
PARAMETRIC_REPRESENTATION_CONTEXT() REPRESENTATION_CONTEXT('2D SPACE',''
  ) );
#1793 = ORIENTED_EDGE('',*,*,#1794,.T.);
#1794 = EDGE_CURVE('',#1766,#1795,#1797,.T.);
#1795 = VERTEX_POINT('',#1796);
#1796 = CARTESIAN_POINT('',(52.6203125,12.826666666667,0.));
#1797 = SURFACE_CURVE('',#1798,(#1802,#1808),.PCURVE_S1.);
#1798 = LINE('',#1799,#1800);
#1799 = CARTESIAN_POINT('',(69.06015625,12.826666666667,0.));
#1800 = VECTOR('',#1801,1.);
#1801 = DIRECTION('',(1.,0.,-0.));
#1802 = PCURVE('',#44,#1803);
#1803 = DEFINITIONAL_REPRESENTATION('',(#1804),#1807);
#1804 = B_SPLINE_CURVE_WITH_KNOTS('',1,(#1805,#1806),.UNSPECIFIED.,.F.,
  .F.,(2,2),(-34.741015625,-16.43984375),.PIECEWISE_BEZIER_KNOTS.);
#1805 = CARTESIAN_POINT('',(-49.680859375,-35.67333333333));
#1806 = CARTESIAN_POINT('',(-31.3796875,-35.67333333333));
#1807 = ( GEOMETRIC_REPRESENTATION_CONTEXT(2) 
PARAMETRIC_REPRESENTATION_CONTEXT() REPRESENTATION_CONTEXT('2D SPACE',''
  ) );
#1808 = PCURVE('',#1809,#1814);
#1809 = PLANE('',#1810);
#1810 = AXIS2_PLACEMENT_3D('',#1811,#1812,#1813);
#1811 = CARTESIAN_POINT('',(54.1203125,12.826666666667,-1.));
#1812 = DIRECTION('',(0.,-1.,0.));
#1813 = DIRECTION('',(-1.,0.,0.));
#1814 = DEFINITIONAL_REPRESENTATION('',(#1815),#1818);
#1815 = B_SPLINE_CURVE_WITH_KNOTS('',1,(#1816,#1817),.UNSPECIFIED.,.F.,
  .F.,(2,2),(-34.741015625,-16.43984375),.PIECEWISE_BEZIER_KNOTS.);
#1816 = CARTESIAN_POINT('',(19.801171875,-1.));
#1817 = CARTESIAN_POINT('',(1.5,-1.));
#1818 = ( GEOMETRIC_REPRESENTATION_CONTEXT(2) 
PARAMETRIC_REPRESENTATION_CONTEXT() REPRESENTATION_CONTEXT('2D SPACE',''
  ) );
#1819 = ORIENTED_EDGE('',*,*,#1820,.F.);
#1820 = EDGE_CURVE('',#1821,#1795,#1823,.T.);
#1821 = VERTEX_POINT('',#1822);
#1822 = CARTESIAN_POINT('',(53.62109375,12.444001392543,0.));
#1823 = SURFACE_CURVE('',#1824,(#1829,#1836),.PCURVE_S1.);
#1824 = CIRCLE('',#1825,1.5);
#1825 = AXIS2_PLACEMENT_3D('',#1826,#1827,#1828);
#1826 = CARTESIAN_POINT('',(52.6203125,11.326666666667,0.));
#1827 = DIRECTION('',(0.,0.,1.));
#1828 = DIRECTION('',(1.,0.,-0.));
#1829 = PCURVE('',#44,#1830);
#1830 = DEFINITIONAL_REPRESENTATION('',(#1831),#1835);
#1831 = CIRCLE('',#1832,1.5);
#1832 = AXIS2_PLACEMENT_2D('',#1833,#1834);
#1833 = CARTESIAN_POINT('',(-31.3796875,-37.17333333333));
#1834 = DIRECTION('',(1.,0.));
#1835 = ( GEOMETRIC_REPRESENTATION_CONTEXT(2) 
PARAMETRIC_REPRESENTATION_CONTEXT() REPRESENTATION_CONTEXT('2D SPACE',''
  ) );
#1836 = PCURVE('',#1837,#1842);
#1837 = CYLINDRICAL_SURFACE('',#1838,1.5);
#1838 = AXIS2_PLACEMENT_3D('',#1839,#1840,#1841);
#1839 = CARTESIAN_POINT('',(52.6203125,11.326666666667,-1.));
#1840 = DIRECTION('',(0.,0.,1.));
#1841 = DIRECTION('',(1.,0.,-0.));
#1842 = DEFINITIONAL_REPRESENTATION('',(#1843),#1847);
#1843 = LINE('',#1844,#1845);
#1844 = CARTESIAN_POINT('',(0.,1.));
#1845 = VECTOR('',#1846,1.);
#1846 = DIRECTION('',(1.,0.));
#1847 = ( GEOMETRIC_REPRESENTATION_CONTEXT(2) 
PARAMETRIC_REPRESENTATION_CONTEXT() REPRESENTATION_CONTEXT('2D SPACE',''
  ) );
#1848 = ORIENTED_EDGE('',*,*,#1849,.F.);
#1849 = EDGE_CURVE('',#1850,#1821,#1852,.T.);
#1850 = VERTEX_POINT('',#1851);
#1851 = CARTESIAN_POINT('',(54.621875,12.826666666667,0.));
#1852 = SURFACE_CURVE('',#1853,(#1858,#1865),.PCURVE_S1.);
#1853 = CIRCLE('',#1854,1.5);
#1854 = AXIS2_PLACEMENT_3D('',#1855,#1856,#1857);
#1855 = CARTESIAN_POINT('',(54.621875,11.326666666667,0.));
#1856 = DIRECTION('',(0.,0.,1.));
#1857 = DIRECTION('',(-0.,1.,0.));
#1858 = PCURVE('',#44,#1859);
#1859 = DEFINITIONAL_REPRESENTATION('',(#1860),#1864);
#1860 = CIRCLE('',#1861,1.5);
#1861 = AXIS2_PLACEMENT_2D('',#1862,#1863);
#1862 = CARTESIAN_POINT('',(-29.378125,-37.17333333333));
#1863 = DIRECTION('',(0.,1.));
#1864 = ( GEOMETRIC_REPRESENTATION_CONTEXT(2) 
PARAMETRIC_REPRESENTATION_CONTEXT() REPRESENTATION_CONTEXT('2D SPACE',''
  ) );
#1865 = PCURVE('',#1866,#1871);
#1866 = CYLINDRICAL_SURFACE('',#1867,1.5);
#1867 = AXIS2_PLACEMENT_3D('',#1868,#1869,#1870);
#1868 = CARTESIAN_POINT('',(54.621875,11.326666666667,-1.));
#1869 = DIRECTION('',(0.,0.,1.));
#1870 = DIRECTION('',(-0.,1.,0.));
#1871 = DEFINITIONAL_REPRESENTATION('',(#1872),#1876);
#1872 = LINE('',#1873,#1874);
#1873 = CARTESIAN_POINT('',(0.,1.));
#1874 = VECTOR('',#1875,1.);
#1875 = DIRECTION('',(1.,0.));
#1876 = ( GEOMETRIC_REPRESENTATION_CONTEXT(2) 
PARAMETRIC_REPRESENTATION_CONTEXT() REPRESENTATION_CONTEXT('2D SPACE',''
  ) );
#1877 = ORIENTED_EDGE('',*,*,#1878,.T.);
#1878 = EDGE_CURVE('',#1850,#1879,#1881,.T.);
#1879 = VERTEX_POINT('',#1880);
#1880 = CARTESIAN_POINT('',(72.923046875,12.826666666667,0.));
#1881 = SURFACE_CURVE('',#1882,(#1886,#1892),.PCURVE_S1.);
#1882 = LINE('',#1883,#1884);
#1883 = CARTESIAN_POINT('',(79.2115234375,12.826666666667,0.));
#1884 = VECTOR('',#1885,1.);
#1885 = DIRECTION('',(1.,0.,-0.));
#1886 = PCURVE('',#44,#1887);
#1887 = DEFINITIONAL_REPRESENTATION('',(#1888),#1891);
#1888 = B_SPLINE_CURVE_WITH_KNOTS('',1,(#1889,#1890),.UNSPECIFIED.,.F.,
  .F.,(2,2),(-24.5896484375,-6.2884765625),.PIECEWISE_BEZIER_KNOTS.);
#1889 = CARTESIAN_POINT('',(-29.378125,-35.67333333333));
#1890 = CARTESIAN_POINT('',(-11.076953125,-35.67333333333));
#1891 = ( GEOMETRIC_REPRESENTATION_CONTEXT(2) 
PARAMETRIC_REPRESENTATION_CONTEXT() REPRESENTATION_CONTEXT('2D SPACE',''
  ) );
#1892 = PCURVE('',#1893,#1898);
#1893 = PLANE('',#1894);
#1894 = AXIS2_PLACEMENT_3D('',#1895,#1896,#1897);
#1895 = CARTESIAN_POINT('',(74.423046875,12.826666666667,-1.));
#1896 = DIRECTION('',(0.,-1.,0.));
#1897 = DIRECTION('',(-1.,0.,0.));
#1898 = DEFINITIONAL_REPRESENTATION('',(#1899),#1902);
#1899 = B_SPLINE_CURVE_WITH_KNOTS('',1,(#1900,#1901),.UNSPECIFIED.,.F.,
  .F.,(2,2),(-24.5896484375,-6.2884765625),.PIECEWISE_BEZIER_KNOTS.);
#1900 = CARTESIAN_POINT('',(19.801171875,-1.));
#1901 = CARTESIAN_POINT('',(1.5,-1.));
#1902 = ( GEOMETRIC_REPRESENTATION_CONTEXT(2) 
PARAMETRIC_REPRESENTATION_CONTEXT() REPRESENTATION_CONTEXT('2D SPACE',''
  ) );
#1903 = ORIENTED_EDGE('',*,*,#1904,.F.);
#1904 = EDGE_CURVE('',#1905,#1879,#1907,.T.);
#1905 = VERTEX_POINT('',#1906);
#1906 = CARTESIAN_POINT('',(73.8486328125,12.507044009851,0.));
#1907 = SURFACE_CURVE('',#1908,(#1913,#1920),.PCURVE_S1.);
#1908 = CIRCLE('',#1909,1.5);
#1909 = AXIS2_PLACEMENT_3D('',#1910,#1911,#1912);
#1910 = CARTESIAN_POINT('',(72.923046875,11.326666666667,0.));
#1911 = DIRECTION('',(0.,0.,1.));
#1912 = DIRECTION('',(1.,0.,-0.));
#1913 = PCURVE('',#44,#1914);
#1914 = DEFINITIONAL_REPRESENTATION('',(#1915),#1919);
#1915 = CIRCLE('',#1916,1.5);
#1916 = AXIS2_PLACEMENT_2D('',#1917,#1918);
#1917 = CARTESIAN_POINT('',(-11.076953125,-37.17333333333));
#1918 = DIRECTION('',(1.,0.));
#1919 = ( GEOMETRIC_REPRESENTATION_CONTEXT(2) 
PARAMETRIC_REPRESENTATION_CONTEXT() REPRESENTATION_CONTEXT('2D SPACE',''
  ) );
#1920 = PCURVE('',#1921,#1926);
#1921 = CYLINDRICAL_SURFACE('',#1922,1.5);
#1922 = AXIS2_PLACEMENT_3D('',#1923,#1924,#1925);
#1923 = CARTESIAN_POINT('',(72.923046875,11.326666666667,-1.));
#1924 = DIRECTION('',(0.,0.,1.));
#1925 = DIRECTION('',(1.,0.,-0.));
#1926 = DEFINITIONAL_REPRESENTATION('',(#1927),#1931);
#1927 = LINE('',#1928,#1929);
#1928 = CARTESIAN_POINT('',(0.,1.));
#1929 = VECTOR('',#1930,1.);
#1930 = DIRECTION('',(1.,0.));
#1931 = ( GEOMETRIC_REPRESENTATION_CONTEXT(2) 
PARAMETRIC_REPRESENTATION_CONTEXT() REPRESENTATION_CONTEXT('2D SPACE',''
  ) );
#1932 = ORIENTED_EDGE('',*,*,#1933,.F.);
#1933 = EDGE_CURVE('',#1934,#1905,#1936,.T.);
#1934 = VERTEX_POINT('',#1935);
#1935 = CARTESIAN_POINT('',(74.77421875,12.826666666667,0.));
#1936 = SURFACE_CURVE('',#1937,(#1942,#1949),.PCURVE_S1.);
#1937 = CIRCLE('',#1938,1.5);
#1938 = AXIS2_PLACEMENT_3D('',#1939,#1940,#1941);
#1939 = CARTESIAN_POINT('',(74.77421875,11.326666666667,0.));
#1940 = DIRECTION('',(0.,0.,1.));
#1941 = DIRECTION('',(-0.,1.,0.));
#1942 = PCURVE('',#44,#1943);
#1943 = DEFINITIONAL_REPRESENTATION('',(#1944),#1948);
#1944 = CIRCLE('',#1945,1.5);
#1945 = AXIS2_PLACEMENT_2D('',#1946,#1947);
#1946 = CARTESIAN_POINT('',(-9.22578125,-37.17333333333));
#1947 = DIRECTION('',(0.,1.));
#1948 = ( GEOMETRIC_REPRESENTATION_CONTEXT(2) 
PARAMETRIC_REPRESENTATION_CONTEXT() REPRESENTATION_CONTEXT('2D SPACE',''
  ) );
#1949 = PCURVE('',#1950,#1955);
#1950 = CYLINDRICAL_SURFACE('',#1951,1.5);
#1951 = AXIS2_PLACEMENT_3D('',#1952,#1953,#1954);
#1952 = CARTESIAN_POINT('',(74.77421875,11.326666666667,-1.));
#1953 = DIRECTION('',(0.,0.,1.));
#1954 = DIRECTION('',(-0.,1.,0.));
#1955 = DEFINITIONAL_REPRESENTATION('',(#1956),#1960);
#1956 = LINE('',#1957,#1958);
#1957 = CARTESIAN_POINT('',(0.,1.));
#1958 = VECTOR('',#1959,1.);
#1959 = DIRECTION('',(1.,0.));
#1960 = ( GEOMETRIC_REPRESENTATION_CONTEXT(2) 
PARAMETRIC_REPRESENTATION_CONTEXT() REPRESENTATION_CONTEXT('2D SPACE',''
  ) );
#1961 = ORIENTED_EDGE('',*,*,#1962,.T.);
#1962 = EDGE_CURVE('',#1934,#1963,#1965,.T.);
#1963 = VERTEX_POINT('',#1964);
#1964 = CARTESIAN_POINT('',(93.075390625,12.826666666667,0.));
#1965 = SURFACE_CURVE('',#1966,(#1970,#1976),.PCURVE_S1.);
#1966 = LINE('',#1967,#1968);
#1967 = CARTESIAN_POINT('',(89.2876953125,12.826666666667,0.));
#1968 = VECTOR('',#1969,1.);
#1969 = DIRECTION('',(1.,0.,-0.));
#1970 = PCURVE('',#44,#1971);
#1971 = DEFINITIONAL_REPRESENTATION('',(#1972),#1975);
#1972 = B_SPLINE_CURVE_WITH_KNOTS('',1,(#1973,#1974),.UNSPECIFIED.,.F.,
  .F.,(2,2),(-14.5134765625,3.7876953125),.PIECEWISE_BEZIER_KNOTS.);
#1973 = CARTESIAN_POINT('',(-9.22578125,-35.67333333333));
#1974 = CARTESIAN_POINT('',(9.075390625,-35.67333333333));
#1975 = ( GEOMETRIC_REPRESENTATION_CONTEXT(2) 
PARAMETRIC_REPRESENTATION_CONTEXT() REPRESENTATION_CONTEXT('2D SPACE',''
  ) );
#1976 = PCURVE('',#1977,#1982);
#1977 = PLANE('',#1978);
#1978 = AXIS2_PLACEMENT_3D('',#1979,#1980,#1981);
#1979 = CARTESIAN_POINT('',(94.575390625,12.826666666667,-1.));
#1980 = DIRECTION('',(0.,-1.,0.));
#1981 = DIRECTION('',(-1.,0.,0.));
#1982 = DEFINITIONAL_REPRESENTATION('',(#1983),#1986);
#1983 = B_SPLINE_CURVE_WITH_KNOTS('',1,(#1984,#1985),.UNSPECIFIED.,.F.,
  .F.,(2,2),(-14.5134765625,3.7876953125),.PIECEWISE_BEZIER_KNOTS.);
#1984 = CARTESIAN_POINT('',(19.801171875,-1.));
#1985 = CARTESIAN_POINT('',(1.5,-1.));
#1986 = ( GEOMETRIC_REPRESENTATION_CONTEXT(2) 
PARAMETRIC_REPRESENTATION_CONTEXT() REPRESENTATION_CONTEXT('2D SPACE',''
  ) );
#1987 = ORIENTED_EDGE('',*,*,#1988,.F.);
#1988 = EDGE_CURVE('',#1989,#1963,#1991,.T.);
#1989 = VERTEX_POINT('',#1990);
#1990 = CARTESIAN_POINT('',(94.076171875,12.444001392543,0.));
#1991 = SURFACE_CURVE('',#1992,(#1997,#2004),.PCURVE_S1.);
#1992 = CIRCLE('',#1993,1.5);
#1993 = AXIS2_PLACEMENT_3D('',#1994,#1995,#1996);
#1994 = CARTESIAN_POINT('',(93.075390625,11.326666666667,0.));
#1995 = DIRECTION('',(0.,0.,1.));
#1996 = DIRECTION('',(1.,0.,-0.));
#1997 = PCURVE('',#44,#1998);
#1998 = DEFINITIONAL_REPRESENTATION('',(#1999),#2003);
#1999 = CIRCLE('',#2000,1.5);
#2000 = AXIS2_PLACEMENT_2D('',#2001,#2002);
#2001 = CARTESIAN_POINT('',(9.075390625,-37.17333333333));
#2002 = DIRECTION('',(1.,0.));
#2003 = ( GEOMETRIC_REPRESENTATION_CONTEXT(2) 
PARAMETRIC_REPRESENTATION_CONTEXT() REPRESENTATION_CONTEXT('2D SPACE',''
  ) );
#2004 = PCURVE('',#2005,#2010);
#2005 = CYLINDRICAL_SURFACE('',#2006,1.5);
#2006 = AXIS2_PLACEMENT_3D('',#2007,#2008,#2009);
#2007 = CARTESIAN_POINT('',(93.075390625,11.326666666667,-1.));
#2008 = DIRECTION('',(0.,0.,1.));
#2009 = DIRECTION('',(1.,0.,-0.));
#2010 = DEFINITIONAL_REPRESENTATION('',(#2011),#2015);
#2011 = LINE('',#2012,#2013);
#2012 = CARTESIAN_POINT('',(0.,1.));
#2013 = VECTOR('',#2014,1.);
#2014 = DIRECTION('',(1.,0.));
#2015 = ( GEOMETRIC_REPRESENTATION_CONTEXT(2) 
PARAMETRIC_REPRESENTATION_CONTEXT() REPRESENTATION_CONTEXT('2D SPACE',''
  ) );
#2016 = ORIENTED_EDGE('',*,*,#2017,.F.);
#2017 = EDGE_CURVE('',#2018,#1989,#2020,.T.);
#2018 = VERTEX_POINT('',#2019);
#2019 = CARTESIAN_POINT('',(95.076953125,12.826666666667,0.));
#2020 = SURFACE_CURVE('',#2021,(#2026,#2033),.PCURVE_S1.);
#2021 = CIRCLE('',#2022,1.5);
#2022 = AXIS2_PLACEMENT_3D('',#2023,#2024,#2025);
#2023 = CARTESIAN_POINT('',(95.076953125,11.326666666667,0.));
#2024 = DIRECTION('',(0.,0.,1.));
#2025 = DIRECTION('',(-0.,1.,0.));
#2026 = PCURVE('',#44,#2027);
#2027 = DEFINITIONAL_REPRESENTATION('',(#2028),#2032);
#2028 = CIRCLE('',#2029,1.5);
#2029 = AXIS2_PLACEMENT_2D('',#2030,#2031);
#2030 = CARTESIAN_POINT('',(11.076953125,-37.17333333333));
#2031 = DIRECTION('',(0.,1.));
#2032 = ( GEOMETRIC_REPRESENTATION_CONTEXT(2) 
PARAMETRIC_REPRESENTATION_CONTEXT() REPRESENTATION_CONTEXT('2D SPACE',''
  ) );
#2033 = PCURVE('',#2034,#2039);
#2034 = CYLINDRICAL_SURFACE('',#2035,1.5);
#2035 = AXIS2_PLACEMENT_3D('',#2036,#2037,#2038);
#2036 = CARTESIAN_POINT('',(95.076953125,11.326666666667,-1.));
#2037 = DIRECTION('',(0.,0.,1.));
#2038 = DIRECTION('',(-0.,1.,0.));
#2039 = DEFINITIONAL_REPRESENTATION('',(#2040),#2044);
#2040 = LINE('',#2041,#2042);
#2041 = CARTESIAN_POINT('',(0.,1.));
#2042 = VECTOR('',#2043,1.);
#2043 = DIRECTION('',(1.,0.));
#2044 = ( GEOMETRIC_REPRESENTATION_CONTEXT(2) 
PARAMETRIC_REPRESENTATION_CONTEXT() REPRESENTATION_CONTEXT('2D SPACE',''
  ) );
#2045 = ORIENTED_EDGE('',*,*,#2046,.T.);
#2046 = EDGE_CURVE('',#2018,#2047,#2049,.T.);
#2047 = VERTEX_POINT('',#2048);
#2048 = CARTESIAN_POINT('',(113.378125,12.826666666667,0.));
#2049 = SURFACE_CURVE('',#2050,(#2054,#2060),.PCURVE_S1.);
#2050 = LINE('',#2051,#2052);
#2051 = CARTESIAN_POINT('',(99.4390625,12.826666666667,0.));
#2052 = VECTOR('',#2053,1.);
#2053 = DIRECTION('',(1.,0.,-0.));
#2054 = PCURVE('',#44,#2055);
#2055 = DEFINITIONAL_REPRESENTATION('',(#2056),#2059);
#2056 = B_SPLINE_CURVE_WITH_KNOTS('',1,(#2057,#2058),.UNSPECIFIED.,.F.,
  .F.,(2,2),(-4.362109375,13.9390625),.PIECEWISE_BEZIER_KNOTS.);
#2057 = CARTESIAN_POINT('',(11.076953125,-35.67333333333));
#2058 = CARTESIAN_POINT('',(29.378125,-35.67333333333));
#2059 = ( GEOMETRIC_REPRESENTATION_CONTEXT(2) 
PARAMETRIC_REPRESENTATION_CONTEXT() REPRESENTATION_CONTEXT('2D SPACE',''
  ) );
#2060 = PCURVE('',#2061,#2066);
#2061 = PLANE('',#2062);
#2062 = AXIS2_PLACEMENT_3D('',#2063,#2064,#2065);
#2063 = CARTESIAN_POINT('',(114.878125,12.826666666667,-1.));
#2064 = DIRECTION('',(0.,-1.,0.));
#2065 = DIRECTION('',(-1.,0.,0.));
#2066 = DEFINITIONAL_REPRESENTATION('',(#2067),#2070);
#2067 = B_SPLINE_CURVE_WITH_KNOTS('',1,(#2068,#2069),.UNSPECIFIED.,.F.,
  .F.,(2,2),(-4.362109375,13.9390625),.PIECEWISE_BEZIER_KNOTS.);
#2068 = CARTESIAN_POINT('',(19.801171875,-1.));
#2069 = CARTESIAN_POINT('',(1.5,-1.));
#2070 = ( GEOMETRIC_REPRESENTATION_CONTEXT(2) 
PARAMETRIC_REPRESENTATION_CONTEXT() REPRESENTATION_CONTEXT('2D SPACE',''
  ) );
#2071 = ORIENTED_EDGE('',*,*,#2072,.F.);
#2072 = EDGE_CURVE('',#2073,#2047,#2075,.T.);
#2073 = VERTEX_POINT('',#2074);
#2074 = CARTESIAN_POINT('',(114.3037109375,12.507044009851,0.));
#2075 = SURFACE_CURVE('',#2076,(#2081,#2088),.PCURVE_S1.);
#2076 = CIRCLE('',#2077,1.5);
#2077 = AXIS2_PLACEMENT_3D('',#2078,#2079,#2080);
#2078 = CARTESIAN_POINT('',(113.378125,11.326666666667,0.));
#2079 = DIRECTION('',(0.,0.,1.));
#2080 = DIRECTION('',(1.,0.,-0.));
#2081 = PCURVE('',#44,#2082);
#2082 = DEFINITIONAL_REPRESENTATION('',(#2083),#2087);
#2083 = CIRCLE('',#2084,1.5);
#2084 = AXIS2_PLACEMENT_2D('',#2085,#2086);
#2085 = CARTESIAN_POINT('',(29.378125,-37.17333333333));
#2086 = DIRECTION('',(1.,0.));
#2087 = ( GEOMETRIC_REPRESENTATION_CONTEXT(2) 
PARAMETRIC_REPRESENTATION_CONTEXT() REPRESENTATION_CONTEXT('2D SPACE',''
  ) );
#2088 = PCURVE('',#2089,#2094);
#2089 = CYLINDRICAL_SURFACE('',#2090,1.5);
#2090 = AXIS2_PLACEMENT_3D('',#2091,#2092,#2093);
#2091 = CARTESIAN_POINT('',(113.378125,11.326666666667,-1.));
#2092 = DIRECTION('',(0.,0.,1.));
#2093 = DIRECTION('',(1.,0.,-0.));
#2094 = DEFINITIONAL_REPRESENTATION('',(#2095),#2099);
#2095 = LINE('',#2096,#2097);
#2096 = CARTESIAN_POINT('',(0.,1.));
#2097 = VECTOR('',#2098,1.);
#2098 = DIRECTION('',(1.,0.));
#2099 = ( GEOMETRIC_REPRESENTATION_CONTEXT(2) 
PARAMETRIC_REPRESENTATION_CONTEXT() REPRESENTATION_CONTEXT('2D SPACE',''
  ) );
#2100 = ORIENTED_EDGE('',*,*,#2101,.F.);
#2101 = EDGE_CURVE('',#2102,#2073,#2104,.T.);
#2102 = VERTEX_POINT('',#2103);
#2103 = CARTESIAN_POINT('',(115.229296875,12.826666666667,0.));
#2104 = SURFACE_CURVE('',#2105,(#2110,#2117),.PCURVE_S1.);
#2105 = CIRCLE('',#2106,1.5);
#2106 = AXIS2_PLACEMENT_3D('',#2107,#2108,#2109);
#2107 = CARTESIAN_POINT('',(115.229296875,11.326666666667,0.));
#2108 = DIRECTION('',(0.,0.,1.));
#2109 = DIRECTION('',(-0.,1.,0.));
#2110 = PCURVE('',#44,#2111);
#2111 = DEFINITIONAL_REPRESENTATION('',(#2112),#2116);
#2112 = CIRCLE('',#2113,1.5);
#2113 = AXIS2_PLACEMENT_2D('',#2114,#2115);
#2114 = CARTESIAN_POINT('',(31.229296875,-37.17333333333));
#2115 = DIRECTION('',(0.,1.));
#2116 = ( GEOMETRIC_REPRESENTATION_CONTEXT(2) 
PARAMETRIC_REPRESENTATION_CONTEXT() REPRESENTATION_CONTEXT('2D SPACE',''
  ) );
#2117 = PCURVE('',#2118,#2123);
#2118 = CYLINDRICAL_SURFACE('',#2119,1.5);
#2119 = AXIS2_PLACEMENT_3D('',#2120,#2121,#2122);
#2120 = CARTESIAN_POINT('',(115.229296875,11.326666666667,-1.));
#2121 = DIRECTION('',(0.,0.,1.));
#2122 = DIRECTION('',(-0.,1.,0.));
#2123 = DEFINITIONAL_REPRESENTATION('',(#2124),#2128);
#2124 = LINE('',#2125,#2126);
#2125 = CARTESIAN_POINT('',(0.,1.));
#2126 = VECTOR('',#2127,1.);
#2127 = DIRECTION('',(1.,0.));
#2128 = ( GEOMETRIC_REPRESENTATION_CONTEXT(2) 
PARAMETRIC_REPRESENTATION_CONTEXT() REPRESENTATION_CONTEXT('2D SPACE',''
  ) );
#2129 = ORIENTED_EDGE('',*,*,#2130,.T.);
#2130 = EDGE_CURVE('',#2102,#2131,#2133,.T.);
#2131 = VERTEX_POINT('',#2132);
#2132 = CARTESIAN_POINT('',(133.53046875,12.826666666667,0.));
#2133 = SURFACE_CURVE('',#2134,(#2138,#2144),.PCURVE_S1.);
#2134 = LINE('',#2135,#2136);
#2135 = CARTESIAN_POINT('',(109.515234375,12.826666666667,0.));
#2136 = VECTOR('',#2137,1.);
#2137 = DIRECTION('',(1.,0.,-0.));
#2138 = PCURVE('',#44,#2139);
#2139 = DEFINITIONAL_REPRESENTATION('',(#2140),#2143);
#2140 = B_SPLINE_CURVE_WITH_KNOTS('',1,(#2141,#2142),.UNSPECIFIED.,.F.,
  .F.,(2,2),(5.7140625,24.015234375),.PIECEWISE_BEZIER_KNOTS.);
#2141 = CARTESIAN_POINT('',(31.229296875,-35.67333333333));
#2142 = CARTESIAN_POINT('',(49.53046875,-35.67333333333));
#2143 = ( GEOMETRIC_REPRESENTATION_CONTEXT(2) 
PARAMETRIC_REPRESENTATION_CONTEXT() REPRESENTATION_CONTEXT('2D SPACE',''
  ) );
#2144 = PCURVE('',#2145,#2150);
#2145 = PLANE('',#2146);
#2146 = AXIS2_PLACEMENT_3D('',#2147,#2148,#2149);
#2147 = CARTESIAN_POINT('',(135.03046875,12.826666666667,-1.));
#2148 = DIRECTION('',(0.,-1.,0.));
#2149 = DIRECTION('',(-1.,0.,0.));
#2150 = DEFINITIONAL_REPRESENTATION('',(#2151),#2154);
#2151 = B_SPLINE_CURVE_WITH_KNOTS('',1,(#2152,#2153),.UNSPECIFIED.,.F.,
  .F.,(2,2),(5.7140625,24.015234375),.PIECEWISE_BEZIER_KNOTS.);
#2152 = CARTESIAN_POINT('',(19.801171875,-1.));
#2153 = CARTESIAN_POINT('',(1.5,-1.));
#2154 = ( GEOMETRIC_REPRESENTATION_CONTEXT(2) 
PARAMETRIC_REPRESENTATION_CONTEXT() REPRESENTATION_CONTEXT('2D SPACE',''
  ) );
#2155 = ORIENTED_EDGE('',*,*,#2156,.F.);
#2156 = EDGE_CURVE('',#2157,#2131,#2159,.T.);
#2157 = VERTEX_POINT('',#2158);
#2158 = CARTESIAN_POINT('',(134.53125,12.44400139254,0.));
#2159 = SURFACE_CURVE('',#2160,(#2165,#2172),.PCURVE_S1.);
#2160 = CIRCLE('',#2161,1.5);
#2161 = AXIS2_PLACEMENT_3D('',#2162,#2163,#2164);
#2162 = CARTESIAN_POINT('',(133.53046875,11.326666666667,0.));
#2163 = DIRECTION('',(0.,0.,1.));
#2164 = DIRECTION('',(1.,0.,-0.));
#2165 = PCURVE('',#44,#2166);
#2166 = DEFINITIONAL_REPRESENTATION('',(#2167),#2171);
#2167 = CIRCLE('',#2168,1.5);
#2168 = AXIS2_PLACEMENT_2D('',#2169,#2170);
#2169 = CARTESIAN_POINT('',(49.53046875,-37.17333333333));
#2170 = DIRECTION('',(1.,0.));
#2171 = ( GEOMETRIC_REPRESENTATION_CONTEXT(2) 
PARAMETRIC_REPRESENTATION_CONTEXT() REPRESENTATION_CONTEXT('2D SPACE',''
  ) );
#2172 = PCURVE('',#2173,#2178);
#2173 = CYLINDRICAL_SURFACE('',#2174,1.5);
#2174 = AXIS2_PLACEMENT_3D('',#2175,#2176,#2177);
#2175 = CARTESIAN_POINT('',(133.53046875,11.326666666667,-1.));
#2176 = DIRECTION('',(0.,0.,1.));
#2177 = DIRECTION('',(1.,0.,-0.));
#2178 = DEFINITIONAL_REPRESENTATION('',(#2179),#2183);
#2179 = LINE('',#2180,#2181);
#2180 = CARTESIAN_POINT('',(0.,1.));
#2181 = VECTOR('',#2182,1.);
#2182 = DIRECTION('',(1.,0.));
#2183 = ( GEOMETRIC_REPRESENTATION_CONTEXT(2) 
PARAMETRIC_REPRESENTATION_CONTEXT() REPRESENTATION_CONTEXT('2D SPACE',''
  ) );
#2184 = ORIENTED_EDGE('',*,*,#2185,.F.);
#2185 = EDGE_CURVE('',#2186,#2157,#2188,.T.);
#2186 = VERTEX_POINT('',#2187);
#2187 = CARTESIAN_POINT('',(135.53203125,12.826666666667,0.));
#2188 = SURFACE_CURVE('',#2189,(#2194,#2201),.PCURVE_S1.);
#2189 = CIRCLE('',#2190,1.5);
#2190 = AXIS2_PLACEMENT_3D('',#2191,#2192,#2193);
#2191 = CARTESIAN_POINT('',(135.53203125,11.326666666667,0.));
#2192 = DIRECTION('',(0.,0.,1.));
#2193 = DIRECTION('',(-0.,1.,0.));
#2194 = PCURVE('',#44,#2195);
#2195 = DEFINITIONAL_REPRESENTATION('',(#2196),#2200);
#2196 = CIRCLE('',#2197,1.5);
#2197 = AXIS2_PLACEMENT_2D('',#2198,#2199);
#2198 = CARTESIAN_POINT('',(51.53203125,-37.17333333333));
#2199 = DIRECTION('',(0.,1.));
#2200 = ( GEOMETRIC_REPRESENTATION_CONTEXT(2) 
PARAMETRIC_REPRESENTATION_CONTEXT() REPRESENTATION_CONTEXT('2D SPACE',''
  ) );
#2201 = PCURVE('',#2202,#2207);
#2202 = CYLINDRICAL_SURFACE('',#2203,1.5);
#2203 = AXIS2_PLACEMENT_3D('',#2204,#2205,#2206);
#2204 = CARTESIAN_POINT('',(135.53203125,11.326666666667,-1.));
#2205 = DIRECTION('',(0.,0.,1.));
#2206 = DIRECTION('',(-0.,1.,0.));
#2207 = DEFINITIONAL_REPRESENTATION('',(#2208),#2212);
#2208 = LINE('',#2209,#2210);
#2209 = CARTESIAN_POINT('',(0.,1.));
#2210 = VECTOR('',#2211,1.);
#2211 = DIRECTION('',(1.,0.));
#2212 = ( GEOMETRIC_REPRESENTATION_CONTEXT(2) 
PARAMETRIC_REPRESENTATION_CONTEXT() REPRESENTATION_CONTEXT('2D SPACE',''
  ) );
#2213 = ORIENTED_EDGE('',*,*,#2214,.T.);
#2214 = EDGE_CURVE('',#2186,#2215,#2217,.T.);
#2215 = VERTEX_POINT('',#2216);
#2216 = CARTESIAN_POINT('',(153.833203125,12.826666666667,0.));
#2217 = SURFACE_CURVE('',#2218,(#2222,#2228),.PCURVE_S1.);
#2218 = LINE('',#2219,#2220);
#2219 = CARTESIAN_POINT('',(119.6666015625,12.826666666667,0.));
#2220 = VECTOR('',#2221,1.);
#2221 = DIRECTION('',(1.,0.,-0.));
#2222 = PCURVE('',#44,#2223);
#2223 = DEFINITIONAL_REPRESENTATION('',(#2224),#2227);
#2224 = B_SPLINE_CURVE_WITH_KNOTS('',1,(#2225,#2226),.UNSPECIFIED.,.F.,
  .F.,(2,2),(15.8654296875,34.1666015625),.PIECEWISE_BEZIER_KNOTS.);
#2225 = CARTESIAN_POINT('',(51.53203125,-35.67333333333));
#2226 = CARTESIAN_POINT('',(69.833203125,-35.67333333333));
#2227 = ( GEOMETRIC_REPRESENTATION_CONTEXT(2) 
PARAMETRIC_REPRESENTATION_CONTEXT() REPRESENTATION_CONTEXT('2D SPACE',''
  ) );
#2228 = PCURVE('',#2229,#2234);
#2229 = PLANE('',#2230);
#2230 = AXIS2_PLACEMENT_3D('',#2231,#2232,#2233);
#2231 = CARTESIAN_POINT('',(155.333203125,12.826666666667,-1.));
#2232 = DIRECTION('',(0.,-1.,0.));
#2233 = DIRECTION('',(-1.,0.,0.));
#2234 = DEFINITIONAL_REPRESENTATION('',(#2235),#2238);
#2235 = B_SPLINE_CURVE_WITH_KNOTS('',1,(#2236,#2237),.UNSPECIFIED.,.F.,
  .F.,(2,2),(15.8654296875,34.1666015625),.PIECEWISE_BEZIER_KNOTS.);
#2236 = CARTESIAN_POINT('',(19.801171875,-1.));
#2237 = CARTESIAN_POINT('',(1.5,-1.));
#2238 = ( GEOMETRIC_REPRESENTATION_CONTEXT(2) 
PARAMETRIC_REPRESENTATION_CONTEXT() REPRESENTATION_CONTEXT('2D SPACE',''
  ) );
#2239 = ORIENTED_EDGE('',*,*,#2240,.F.);
#2240 = EDGE_CURVE('',#2241,#2215,#2243,.T.);
#2241 = VERTEX_POINT('',#2242);
#2242 = CARTESIAN_POINT('',(155.333203125,11.326666666667,0.));
#2243 = SURFACE_CURVE('',#2244,(#2249,#2256),.PCURVE_S1.);
#2244 = CIRCLE('',#2245,1.5);
#2245 = AXIS2_PLACEMENT_3D('',#2246,#2247,#2248);
#2246 = CARTESIAN_POINT('',(153.833203125,11.326666666667,0.));
#2247 = DIRECTION('',(0.,0.,1.));
#2248 = DIRECTION('',(1.,0.,-0.));
#2249 = PCURVE('',#44,#2250);
#2250 = DEFINITIONAL_REPRESENTATION('',(#2251),#2255);
#2251 = CIRCLE('',#2252,1.5);
#2252 = AXIS2_PLACEMENT_2D('',#2253,#2254);
#2253 = CARTESIAN_POINT('',(69.833203125,-37.17333333333));
#2254 = DIRECTION('',(1.,0.));
#2255 = ( GEOMETRIC_REPRESENTATION_CONTEXT(2) 
PARAMETRIC_REPRESENTATION_CONTEXT() REPRESENTATION_CONTEXT('2D SPACE',''
  ) );
#2256 = PCURVE('',#2257,#2262);
#2257 = CYLINDRICAL_SURFACE('',#2258,1.5);
#2258 = AXIS2_PLACEMENT_3D('',#2259,#2260,#2261);
#2259 = CARTESIAN_POINT('',(153.833203125,11.326666666667,-1.));
#2260 = DIRECTION('',(0.,0.,1.));
#2261 = DIRECTION('',(1.,0.,-0.));
#2262 = DEFINITIONAL_REPRESENTATION('',(#2263),#2267);
#2263 = LINE('',#2264,#2265);
#2264 = CARTESIAN_POINT('',(0.,1.));
#2265 = VECTOR('',#2266,1.);
#2266 = DIRECTION('',(1.,0.));
#2267 = ( GEOMETRIC_REPRESENTATION_CONTEXT(2) 
PARAMETRIC_REPRESENTATION_CONTEXT() REPRESENTATION_CONTEXT('2D SPACE',''
  ) );
#2268 = ORIENTED_EDGE('',*,*,#2269,.T.);
#2269 = EDGE_CURVE('',#2241,#2270,#2272,.T.);
#2270 = VERTEX_POINT('',#2271);
#2271 = CARTESIAN_POINT('',(155.333203125,10.558550986721,0.));
#2272 = SURFACE_CURVE('',#2273,(#2277,#2283),.PCURVE_S1.);
#2273 = LINE('',#2274,#2275);
#2274 = CARTESIAN_POINT('',(155.333203125,26.423333333333,0.));
#2275 = VECTOR('',#2276,1.);
#2276 = DIRECTION('',(0.,-1.,0.));
#2277 = PCURVE('',#44,#2278);
#2278 = DEFINITIONAL_REPRESENTATION('',(#2279),#2282);
#2279 = B_SPLINE_CURVE_WITH_KNOTS('',1,(#2280,#2281),.UNSPECIFIED.,.F.,
  .F.,(2,2),(15.096666666667,20.576666666667),.PIECEWISE_BEZIER_KNOTS.);
#2280 = CARTESIAN_POINT('',(71.333203125,-37.17333333333));
#2281 = CARTESIAN_POINT('',(71.333203125,-42.65333333333));
#2282 = ( GEOMETRIC_REPRESENTATION_CONTEXT(2) 
PARAMETRIC_REPRESENTATION_CONTEXT() REPRESENTATION_CONTEXT('2D SPACE',''
  ) );
#2283 = PCURVE('',#2284,#2289);
#2284 = PLANE('',#2285);
#2285 = AXIS2_PLACEMENT_3D('',#2286,#2287,#2288);
#2286 = CARTESIAN_POINT('',(155.333203125,4.346666666667,-1.));
#2287 = DIRECTION('',(-1.,0.,0.));
#2288 = DIRECTION('',(0.,1.,0.));
#2289 = DEFINITIONAL_REPRESENTATION('',(#2290),#2293);
#2290 = B_SPLINE_CURVE_WITH_KNOTS('',1,(#2291,#2292),.UNSPECIFIED.,.F.,
  .F.,(2,2),(15.096666666667,20.576666666667),.PIECEWISE_BEZIER_KNOTS.);
#2291 = CARTESIAN_POINT('',(6.98,-1.));
#2292 = CARTESIAN_POINT('',(1.5,-1.));
#2293 = ( GEOMETRIC_REPRESENTATION_CONTEXT(2) 
PARAMETRIC_REPRESENTATION_CONTEXT() REPRESENTATION_CONTEXT('2D SPACE',''
  ) );
#2294 = ORIENTED_EDGE('',*,*,#2295,.F.);
#2295 = EDGE_CURVE('',#2296,#2270,#2298,.T.);
#2296 = VERTEX_POINT('',#2297);
#2297 = CARTESIAN_POINT('',(155.333203125,6.614782346612,0.));
#2298 = SURFACE_CURVE('',#2299,(#2304,#2311),.PCURVE_S1.);
#2299 = CIRCLE('',#2300,2.849791666667);
#2300 = AXIS2_PLACEMENT_3D('',#2301,#2302,#2303);
#2301 = CARTESIAN_POINT('',(157.390625,8.586666666667,0.));
#2302 = DIRECTION('',(0.,0.,1.));
#2303 = DIRECTION('',(-0.721955186783,-0.691939815503,0.));
#2304 = PCURVE('',#44,#2305);
#2305 = DEFINITIONAL_REPRESENTATION('',(#2306),#2310);
#2306 = CIRCLE('',#2307,2.849791666667);
#2307 = AXIS2_PLACEMENT_2D('',#2308,#2309);
#2308 = CARTESIAN_POINT('',(73.390625,-39.91333333333));
#2309 = DIRECTION('',(-0.721955186783,-0.691939815503));
#2310 = ( GEOMETRIC_REPRESENTATION_CONTEXT(2) 
PARAMETRIC_REPRESENTATION_CONTEXT() REPRESENTATION_CONTEXT('2D SPACE',''
  ) );
#2311 = PCURVE('',#2312,#2317);
#2312 = CYLINDRICAL_SURFACE('',#2313,2.849791666667);
#2313 = AXIS2_PLACEMENT_3D('',#2314,#2315,#2316);
#2314 = CARTESIAN_POINT('',(157.390625,8.586666666667,-1.));
#2315 = DIRECTION('',(-0.,-0.,-1.));
#2316 = DIRECTION('',(1.,0.,0.));
#2317 = DEFINITIONAL_REPRESENTATION('',(#2318),#2322);
#2318 = LINE('',#2319,#2320);
#2319 = CARTESIAN_POINT('',(-3.905765150655,-1.));
#2320 = VECTOR('',#2321,1.);
#2321 = DIRECTION('',(-1.,-0.));
#2322 = ( GEOMETRIC_REPRESENTATION_CONTEXT(2) 
PARAMETRIC_REPRESENTATION_CONTEXT() REPRESENTATION_CONTEXT('2D SPACE',''
  ) );
#2323 = ORIENTED_EDGE('',*,*,#2324,.T.);
#2324 = EDGE_CURVE('',#2296,#2325,#2327,.T.);
#2325 = VERTEX_POINT('',#2326);
#2326 = CARTESIAN_POINT('',(155.333203125,5.846666666667,0.));
#2327 = SURFACE_CURVE('',#2328,(#2332,#2338),.PCURVE_S1.);
#2328 = LINE('',#2329,#2330);
#2329 = CARTESIAN_POINT('',(155.333203125,26.423333333333,0.));
#2330 = VECTOR('',#2331,1.);
#2331 = DIRECTION('',(0.,-1.,0.));
#2332 = PCURVE('',#44,#2333);
#2333 = DEFINITIONAL_REPRESENTATION('',(#2334),#2337);
#2334 = B_SPLINE_CURVE_WITH_KNOTS('',1,(#2335,#2336),.UNSPECIFIED.,.F.,
  .F.,(2,2),(15.096666666667,20.576666666667),.PIECEWISE_BEZIER_KNOTS.);
#2335 = CARTESIAN_POINT('',(71.333203125,-37.17333333333));
#2336 = CARTESIAN_POINT('',(71.333203125,-42.65333333333));
#2337 = ( GEOMETRIC_REPRESENTATION_CONTEXT(2) 
PARAMETRIC_REPRESENTATION_CONTEXT() REPRESENTATION_CONTEXT('2D SPACE',''
  ) );
#2338 = PCURVE('',#2339,#2344);
#2339 = PLANE('',#2340);
#2340 = AXIS2_PLACEMENT_3D('',#2341,#2342,#2343);
#2341 = CARTESIAN_POINT('',(155.333203125,4.346666666667,-1.));
#2342 = DIRECTION('',(-1.,0.,0.));
#2343 = DIRECTION('',(0.,1.,0.));
#2344 = DEFINITIONAL_REPRESENTATION('',(#2345),#2348);
#2345 = B_SPLINE_CURVE_WITH_KNOTS('',1,(#2346,#2347),.UNSPECIFIED.,.F.,
  .F.,(2,2),(15.096666666667,20.576666666667),.PIECEWISE_BEZIER_KNOTS.);
#2346 = CARTESIAN_POINT('',(6.98,-1.));
#2347 = CARTESIAN_POINT('',(1.5,-1.));
#2348 = ( GEOMETRIC_REPRESENTATION_CONTEXT(2) 
PARAMETRIC_REPRESENTATION_CONTEXT() REPRESENTATION_CONTEXT('2D SPACE',''
  ) );
#2349 = ORIENTED_EDGE('',*,*,#2350,.F.);
#2350 = EDGE_CURVE('',#2351,#2325,#2353,.T.);
#2351 = VERTEX_POINT('',#2352);
#2352 = CARTESIAN_POINT('',(153.833203125,4.346666666667,0.));
#2353 = SURFACE_CURVE('',#2354,(#2359,#2366),.PCURVE_S1.);
#2354 = CIRCLE('',#2355,1.5);
#2355 = AXIS2_PLACEMENT_3D('',#2356,#2357,#2358);
#2356 = CARTESIAN_POINT('',(153.833203125,5.846666666667,0.));
#2357 = DIRECTION('',(0.,0.,1.));
#2358 = DIRECTION('',(0.,-1.,0.));
#2359 = PCURVE('',#44,#2360);
#2360 = DEFINITIONAL_REPRESENTATION('',(#2361),#2365);
#2361 = CIRCLE('',#2362,1.5);
#2362 = AXIS2_PLACEMENT_2D('',#2363,#2364);
#2363 = CARTESIAN_POINT('',(69.833203125,-42.65333333333));
#2364 = DIRECTION('',(0.,-1.));
#2365 = ( GEOMETRIC_REPRESENTATION_CONTEXT(2) 
PARAMETRIC_REPRESENTATION_CONTEXT() REPRESENTATION_CONTEXT('2D SPACE',''
  ) );
#2366 = PCURVE('',#2367,#2372);
#2367 = CYLINDRICAL_SURFACE('',#2368,1.5);
#2368 = AXIS2_PLACEMENT_3D('',#2369,#2370,#2371);
#2369 = CARTESIAN_POINT('',(153.833203125,5.846666666667,-1.));
#2370 = DIRECTION('',(0.,0.,1.));
#2371 = DIRECTION('',(0.,-1.,0.));
#2372 = DEFINITIONAL_REPRESENTATION('',(#2373),#2377);
#2373 = LINE('',#2374,#2375);
#2374 = CARTESIAN_POINT('',(0.,1.));
#2375 = VECTOR('',#2376,1.);
#2376 = DIRECTION('',(1.,0.));
#2377 = ( GEOMETRIC_REPRESENTATION_CONTEXT(2) 
PARAMETRIC_REPRESENTATION_CONTEXT() REPRESENTATION_CONTEXT('2D SPACE',''
  ) );
#2378 = ORIENTED_EDGE('',*,*,#2379,.T.);
#2379 = EDGE_CURVE('',#2351,#2380,#2382,.T.);
#2380 = VERTEX_POINT('',#2381);
#2381 = CARTESIAN_POINT('',(135.53203125,4.346666666667,0.));
#2382 = SURFACE_CURVE('',#2383,(#2387,#2393),.PCURVE_S1.);
#2383 = LINE('',#2384,#2385);
#2384 = CARTESIAN_POINT('',(109.016015625,4.346666666667,0.));
#2385 = VECTOR('',#2386,1.);
#2386 = DIRECTION('',(-1.,0.,0.));
#2387 = PCURVE('',#44,#2388);
#2388 = DEFINITIONAL_REPRESENTATION('',(#2389),#2392);
#2389 = B_SPLINE_CURVE_WITH_KNOTS('',1,(#2390,#2391),.UNSPECIFIED.,.F.,
  .F.,(2,2),(-44.8171875,-26.516015625),.PIECEWISE_BEZIER_KNOTS.);
#2390 = CARTESIAN_POINT('',(69.833203125,-44.15333333333));
#2391 = CARTESIAN_POINT('',(51.53203125,-44.15333333333));
#2392 = ( GEOMETRIC_REPRESENTATION_CONTEXT(2) 
PARAMETRIC_REPRESENTATION_CONTEXT() REPRESENTATION_CONTEXT('2D SPACE',''
  ) );
#2393 = PCURVE('',#2394,#2399);
#2394 = PLANE('',#2395);
#2395 = AXIS2_PLACEMENT_3D('',#2396,#2397,#2398);
#2396 = CARTESIAN_POINT('',(134.03203125,4.346666666667,-1.));
#2397 = DIRECTION('',(0.,1.,0.));
#2398 = DIRECTION('',(1.,0.,0.));
#2399 = DEFINITIONAL_REPRESENTATION('',(#2400),#2403);
#2400 = B_SPLINE_CURVE_WITH_KNOTS('',1,(#2401,#2402),.UNSPECIFIED.,.F.,
  .F.,(2,2),(-44.8171875,-26.516015625),.PIECEWISE_BEZIER_KNOTS.);
#2401 = CARTESIAN_POINT('',(19.801171875,-1.));
#2402 = CARTESIAN_POINT('',(1.5,-1.));
#2403 = ( GEOMETRIC_REPRESENTATION_CONTEXT(2) 
PARAMETRIC_REPRESENTATION_CONTEXT() REPRESENTATION_CONTEXT('2D SPACE',''
  ) );
#2404 = ORIENTED_EDGE('',*,*,#2405,.F.);
#2405 = EDGE_CURVE('',#2406,#2380,#2408,.T.);
#2406 = VERTEX_POINT('',#2407);
#2407 = CARTESIAN_POINT('',(134.53125,4.729331940793,0.));
#2408 = SURFACE_CURVE('',#2409,(#2414,#2421),.PCURVE_S1.);
#2409 = CIRCLE('',#2410,1.5);
#2410 = AXIS2_PLACEMENT_3D('',#2411,#2412,#2413);
#2411 = CARTESIAN_POINT('',(135.53203125,5.846666666667,0.));
#2412 = DIRECTION('',(0.,0.,1.));
#2413 = DIRECTION('',(0.,-1.,0.));
#2414 = PCURVE('',#44,#2415);
#2415 = DEFINITIONAL_REPRESENTATION('',(#2416),#2420);
#2416 = CIRCLE('',#2417,1.5);
#2417 = AXIS2_PLACEMENT_2D('',#2418,#2419);
#2418 = CARTESIAN_POINT('',(51.53203125,-42.65333333333));
#2419 = DIRECTION('',(0.,-1.));
#2420 = ( GEOMETRIC_REPRESENTATION_CONTEXT(2) 
PARAMETRIC_REPRESENTATION_CONTEXT() REPRESENTATION_CONTEXT('2D SPACE',''
  ) );
#2421 = PCURVE('',#2422,#2427);
#2422 = CYLINDRICAL_SURFACE('',#2423,1.5);
#2423 = AXIS2_PLACEMENT_3D('',#2424,#2425,#2426);
#2424 = CARTESIAN_POINT('',(135.53203125,5.846666666667,-1.));
#2425 = DIRECTION('',(0.,0.,1.));
#2426 = DIRECTION('',(0.,-1.,0.));
#2427 = DEFINITIONAL_REPRESENTATION('',(#2428),#2432);
#2428 = LINE('',#2429,#2430);
#2429 = CARTESIAN_POINT('',(-6.28318530718,1.));
#2430 = VECTOR('',#2431,1.);
#2431 = DIRECTION('',(1.,-0.));
#2432 = ( GEOMETRIC_REPRESENTATION_CONTEXT(2) 
PARAMETRIC_REPRESENTATION_CONTEXT() REPRESENTATION_CONTEXT('2D SPACE',''
  ) );
#2433 = ORIENTED_EDGE('',*,*,#2434,.F.);
#2434 = EDGE_CURVE('',#2435,#2406,#2437,.T.);
#2435 = VERTEX_POINT('',#2436);
#2436 = CARTESIAN_POINT('',(133.53046875,4.346666666667,0.));
#2437 = SURFACE_CURVE('',#2438,(#2443,#2450),.PCURVE_S1.);
#2438 = CIRCLE('',#2439,1.5);
#2439 = AXIS2_PLACEMENT_3D('',#2440,#2441,#2442);
#2440 = CARTESIAN_POINT('',(133.53046875,5.846666666667,0.));
#2441 = DIRECTION('',(0.,0.,1.));
#2442 = DIRECTION('',(0.,-1.,0.));
#2443 = PCURVE('',#44,#2444);
#2444 = DEFINITIONAL_REPRESENTATION('',(#2445),#2449);
#2445 = CIRCLE('',#2446,1.5);
#2446 = AXIS2_PLACEMENT_2D('',#2447,#2448);
#2447 = CARTESIAN_POINT('',(49.53046875,-42.65333333333));
#2448 = DIRECTION('',(0.,-1.));
#2449 = ( GEOMETRIC_REPRESENTATION_CONTEXT(2) 
PARAMETRIC_REPRESENTATION_CONTEXT() REPRESENTATION_CONTEXT('2D SPACE',''
  ) );
#2450 = PCURVE('',#2451,#2456);
#2451 = CYLINDRICAL_SURFACE('',#2452,1.5);
#2452 = AXIS2_PLACEMENT_3D('',#2453,#2454,#2455);
#2453 = CARTESIAN_POINT('',(133.53046875,5.846666666667,-1.));
#2454 = DIRECTION('',(0.,0.,1.));
#2455 = DIRECTION('',(0.,-1.,0.));
#2456 = DEFINITIONAL_REPRESENTATION('',(#2457),#2461);
#2457 = LINE('',#2458,#2459);
#2458 = CARTESIAN_POINT('',(0.,1.));
#2459 = VECTOR('',#2460,1.);
#2460 = DIRECTION('',(1.,0.));
#2461 = ( GEOMETRIC_REPRESENTATION_CONTEXT(2) 
PARAMETRIC_REPRESENTATION_CONTEXT() REPRESENTATION_CONTEXT('2D SPACE',''
  ) );
#2462 = ORIENTED_EDGE('',*,*,#2463,.T.);
#2463 = EDGE_CURVE('',#2435,#2464,#2466,.T.);
#2464 = VERTEX_POINT('',#2465);
#2465 = CARTESIAN_POINT('',(115.229296875,4.346666666667,0.));
#2466 = SURFACE_CURVE('',#2467,(#2471,#2477),.PCURVE_S1.);
#2467 = LINE('',#2468,#2469);
#2468 = CARTESIAN_POINT('',(98.8646484375,4.346666666667,0.));
#2469 = VECTOR('',#2470,1.);
#2470 = DIRECTION('',(-1.,0.,0.));
#2471 = PCURVE('',#44,#2472);
#2472 = DEFINITIONAL_REPRESENTATION('',(#2473),#2476);
#2473 = B_SPLINE_CURVE_WITH_KNOTS('',1,(#2474,#2475),.UNSPECIFIED.,.F.,
  .F.,(2,2),(-34.6658203125,-16.3646484375),.PIECEWISE_BEZIER_KNOTS.);
#2474 = CARTESIAN_POINT('',(49.53046875,-44.15333333333));
#2475 = CARTESIAN_POINT('',(31.229296875,-44.15333333333));
#2476 = ( GEOMETRIC_REPRESENTATION_CONTEXT(2) 
PARAMETRIC_REPRESENTATION_CONTEXT() REPRESENTATION_CONTEXT('2D SPACE',''
  ) );
#2477 = PCURVE('',#2478,#2483);
#2478 = PLANE('',#2479);
#2479 = AXIS2_PLACEMENT_3D('',#2480,#2481,#2482);
#2480 = CARTESIAN_POINT('',(113.729296875,4.346666666667,-1.));
#2481 = DIRECTION('',(0.,1.,0.));
#2482 = DIRECTION('',(1.,0.,0.));
#2483 = DEFINITIONAL_REPRESENTATION('',(#2484),#2487);
#2484 = B_SPLINE_CURVE_WITH_KNOTS('',1,(#2485,#2486),.UNSPECIFIED.,.F.,
  .F.,(2,2),(-34.6658203125,-16.3646484375),.PIECEWISE_BEZIER_KNOTS.);
#2485 = CARTESIAN_POINT('',(19.801171875,-1.));
#2486 = CARTESIAN_POINT('',(1.5,-1.));
#2487 = ( GEOMETRIC_REPRESENTATION_CONTEXT(2) 
PARAMETRIC_REPRESENTATION_CONTEXT() REPRESENTATION_CONTEXT('2D SPACE',''
  ) );
#2488 = ORIENTED_EDGE('',*,*,#2489,.F.);
#2489 = EDGE_CURVE('',#2490,#2464,#2492,.T.);
#2490 = VERTEX_POINT('',#2491);
#2491 = CARTESIAN_POINT('',(114.3037109375,4.666289323483,0.));
#2492 = SURFACE_CURVE('',#2493,(#2498,#2505),.PCURVE_S1.);
#2493 = CIRCLE('',#2494,1.5);
#2494 = AXIS2_PLACEMENT_3D('',#2495,#2496,#2497);
#2495 = CARTESIAN_POINT('',(115.229296875,5.846666666667,0.));
#2496 = DIRECTION('',(0.,0.,1.));
#2497 = DIRECTION('',(0.,-1.,0.));
#2498 = PCURVE('',#44,#2499);
#2499 = DEFINITIONAL_REPRESENTATION('',(#2500),#2504);
#2500 = CIRCLE('',#2501,1.5);
#2501 = AXIS2_PLACEMENT_2D('',#2502,#2503);
#2502 = CARTESIAN_POINT('',(31.229296875,-42.65333333333));
#2503 = DIRECTION('',(0.,-1.));
#2504 = ( GEOMETRIC_REPRESENTATION_CONTEXT(2) 
PARAMETRIC_REPRESENTATION_CONTEXT() REPRESENTATION_CONTEXT('2D SPACE',''
  ) );
#2505 = PCURVE('',#2506,#2511);
#2506 = CYLINDRICAL_SURFACE('',#2507,1.5);
#2507 = AXIS2_PLACEMENT_3D('',#2508,#2509,#2510);
#2508 = CARTESIAN_POINT('',(115.229296875,5.846666666667,-1.));
#2509 = DIRECTION('',(0.,0.,1.));
#2510 = DIRECTION('',(0.,-1.,0.));
#2511 = DEFINITIONAL_REPRESENTATION('',(#2512),#2516);
#2512 = LINE('',#2513,#2514);
#2513 = CARTESIAN_POINT('',(-6.28318530718,1.));
#2514 = VECTOR('',#2515,1.);
#2515 = DIRECTION('',(1.,-0.));
#2516 = ( GEOMETRIC_REPRESENTATION_CONTEXT(2) 
PARAMETRIC_REPRESENTATION_CONTEXT() REPRESENTATION_CONTEXT('2D SPACE',''
  ) );
#2517 = ORIENTED_EDGE('',*,*,#2518,.F.);
#2518 = EDGE_CURVE('',#2519,#2490,#2521,.T.);
#2519 = VERTEX_POINT('',#2520);
#2520 = CARTESIAN_POINT('',(113.378125,4.346666666667,0.));
#2521 = SURFACE_CURVE('',#2522,(#2527,#2534),.PCURVE_S1.);
#2522 = CIRCLE('',#2523,1.5);
#2523 = AXIS2_PLACEMENT_3D('',#2524,#2525,#2526);
#2524 = CARTESIAN_POINT('',(113.378125,5.846666666667,0.));
#2525 = DIRECTION('',(0.,0.,1.));
#2526 = DIRECTION('',(0.,-1.,0.));
#2527 = PCURVE('',#44,#2528);
#2528 = DEFINITIONAL_REPRESENTATION('',(#2529),#2533);
#2529 = CIRCLE('',#2530,1.5);
#2530 = AXIS2_PLACEMENT_2D('',#2531,#2532);
#2531 = CARTESIAN_POINT('',(29.378125,-42.65333333333));
#2532 = DIRECTION('',(0.,-1.));
#2533 = ( GEOMETRIC_REPRESENTATION_CONTEXT(2) 
PARAMETRIC_REPRESENTATION_CONTEXT() REPRESENTATION_CONTEXT('2D SPACE',''
  ) );
#2534 = PCURVE('',#2535,#2540);
#2535 = CYLINDRICAL_SURFACE('',#2536,1.5);
#2536 = AXIS2_PLACEMENT_3D('',#2537,#2538,#2539);
#2537 = CARTESIAN_POINT('',(113.378125,5.846666666667,-1.));
#2538 = DIRECTION('',(0.,0.,1.));
#2539 = DIRECTION('',(0.,-1.,0.));
#2540 = DEFINITIONAL_REPRESENTATION('',(#2541),#2545);
#2541 = LINE('',#2542,#2543);
#2542 = CARTESIAN_POINT('',(0.,1.));
#2543 = VECTOR('',#2544,1.);
#2544 = DIRECTION('',(1.,0.));
#2545 = ( GEOMETRIC_REPRESENTATION_CONTEXT(2) 
PARAMETRIC_REPRESENTATION_CONTEXT() REPRESENTATION_CONTEXT('2D SPACE',''
  ) );
#2546 = ORIENTED_EDGE('',*,*,#2547,.T.);
#2547 = EDGE_CURVE('',#2519,#2548,#2550,.T.);
#2548 = VERTEX_POINT('',#2549);
#2549 = CARTESIAN_POINT('',(95.076953125,4.346666666667,0.));
#2550 = SURFACE_CURVE('',#2551,(#2555,#2561),.PCURVE_S1.);
#2551 = LINE('',#2552,#2553);
#2552 = CARTESIAN_POINT('',(88.7884765625,4.346666666667,0.));
#2553 = VECTOR('',#2554,1.);
#2554 = DIRECTION('',(-1.,0.,0.));
#2555 = PCURVE('',#44,#2556);
#2556 = DEFINITIONAL_REPRESENTATION('',(#2557),#2560);
#2557 = B_SPLINE_CURVE_WITH_KNOTS('',1,(#2558,#2559),.UNSPECIFIED.,.F.,
  .F.,(2,2),(-24.5896484375,-6.2884765625),.PIECEWISE_BEZIER_KNOTS.);
#2558 = CARTESIAN_POINT('',(29.378125,-44.15333333333));
#2559 = CARTESIAN_POINT('',(11.076953125,-44.15333333333));
#2560 = ( GEOMETRIC_REPRESENTATION_CONTEXT(2) 
PARAMETRIC_REPRESENTATION_CONTEXT() REPRESENTATION_CONTEXT('2D SPACE',''
  ) );
#2561 = PCURVE('',#2562,#2567);
#2562 = PLANE('',#2563);
#2563 = AXIS2_PLACEMENT_3D('',#2564,#2565,#2566);
#2564 = CARTESIAN_POINT('',(93.576953125,4.346666666667,-1.));
#2565 = DIRECTION('',(0.,1.,0.));
#2566 = DIRECTION('',(1.,0.,0.));
#2567 = DEFINITIONAL_REPRESENTATION('',(#2568),#2571);
#2568 = B_SPLINE_CURVE_WITH_KNOTS('',1,(#2569,#2570),.UNSPECIFIED.,.F.,
  .F.,(2,2),(-24.5896484375,-6.2884765625),.PIECEWISE_BEZIER_KNOTS.);
#2569 = CARTESIAN_POINT('',(19.801171875,-1.));
#2570 = CARTESIAN_POINT('',(1.5,-1.));
#2571 = ( GEOMETRIC_REPRESENTATION_CONTEXT(2) 
PARAMETRIC_REPRESENTATION_CONTEXT() REPRESENTATION_CONTEXT('2D SPACE',''
  ) );
#2572 = ORIENTED_EDGE('',*,*,#2573,.F.);
#2573 = EDGE_CURVE('',#2574,#2548,#2576,.T.);
#2574 = VERTEX_POINT('',#2575);
#2575 = CARTESIAN_POINT('',(94.076171875,4.729331940791,0.));
#2576 = SURFACE_CURVE('',#2577,(#2582,#2589),.PCURVE_S1.);
#2577 = CIRCLE('',#2578,1.5);
#2578 = AXIS2_PLACEMENT_3D('',#2579,#2580,#2581);
#2579 = CARTESIAN_POINT('',(95.076953125,5.846666666667,0.));
#2580 = DIRECTION('',(0.,0.,1.));
#2581 = DIRECTION('',(0.,-1.,0.));
#2582 = PCURVE('',#44,#2583);
#2583 = DEFINITIONAL_REPRESENTATION('',(#2584),#2588);
#2584 = CIRCLE('',#2585,1.5);
#2585 = AXIS2_PLACEMENT_2D('',#2586,#2587);
#2586 = CARTESIAN_POINT('',(11.076953125,-42.65333333333));
#2587 = DIRECTION('',(0.,-1.));
#2588 = ( GEOMETRIC_REPRESENTATION_CONTEXT(2) 
PARAMETRIC_REPRESENTATION_CONTEXT() REPRESENTATION_CONTEXT('2D SPACE',''
  ) );
#2589 = PCURVE('',#2590,#2595);
#2590 = CYLINDRICAL_SURFACE('',#2591,1.5);
#2591 = AXIS2_PLACEMENT_3D('',#2592,#2593,#2594);
#2592 = CARTESIAN_POINT('',(95.076953125,5.846666666667,-1.));
#2593 = DIRECTION('',(0.,0.,1.));
#2594 = DIRECTION('',(0.,-1.,0.));
#2595 = DEFINITIONAL_REPRESENTATION('',(#2596),#2600);
#2596 = LINE('',#2597,#2598);
#2597 = CARTESIAN_POINT('',(-6.28318530718,1.));
#2598 = VECTOR('',#2599,1.);
#2599 = DIRECTION('',(1.,-0.));
#2600 = ( GEOMETRIC_REPRESENTATION_CONTEXT(2) 
PARAMETRIC_REPRESENTATION_CONTEXT() REPRESENTATION_CONTEXT('2D SPACE',''
  ) );
#2601 = ORIENTED_EDGE('',*,*,#2602,.F.);
#2602 = EDGE_CURVE('',#2603,#2574,#2605,.T.);
#2603 = VERTEX_POINT('',#2604);
#2604 = CARTESIAN_POINT('',(93.075390625,4.346666666667,0.));
#2605 = SURFACE_CURVE('',#2606,(#2611,#2618),.PCURVE_S1.);
#2606 = CIRCLE('',#2607,1.5);
#2607 = AXIS2_PLACEMENT_3D('',#2608,#2609,#2610);
#2608 = CARTESIAN_POINT('',(93.075390625,5.846666666667,0.));
#2609 = DIRECTION('',(0.,0.,1.));
#2610 = DIRECTION('',(0.,-1.,0.));
#2611 = PCURVE('',#44,#2612);
#2612 = DEFINITIONAL_REPRESENTATION('',(#2613),#2617);
#2613 = CIRCLE('',#2614,1.5);
#2614 = AXIS2_PLACEMENT_2D('',#2615,#2616);
#2615 = CARTESIAN_POINT('',(9.075390625,-42.65333333333));
#2616 = DIRECTION('',(0.,-1.));
#2617 = ( GEOMETRIC_REPRESENTATION_CONTEXT(2) 
PARAMETRIC_REPRESENTATION_CONTEXT() REPRESENTATION_CONTEXT('2D SPACE',''
  ) );
#2618 = PCURVE('',#2619,#2624);
#2619 = CYLINDRICAL_SURFACE('',#2620,1.5);
#2620 = AXIS2_PLACEMENT_3D('',#2621,#2622,#2623);
#2621 = CARTESIAN_POINT('',(93.075390625,5.846666666667,-1.));
#2622 = DIRECTION('',(0.,0.,1.));
#2623 = DIRECTION('',(0.,-1.,0.));
#2624 = DEFINITIONAL_REPRESENTATION('',(#2625),#2629);
#2625 = LINE('',#2626,#2627);
#2626 = CARTESIAN_POINT('',(0.,1.));
#2627 = VECTOR('',#2628,1.);
#2628 = DIRECTION('',(1.,0.));
#2629 = ( GEOMETRIC_REPRESENTATION_CONTEXT(2) 
PARAMETRIC_REPRESENTATION_CONTEXT() REPRESENTATION_CONTEXT('2D SPACE',''
  ) );
#2630 = ORIENTED_EDGE('',*,*,#2631,.T.);
#2631 = EDGE_CURVE('',#2603,#2632,#2634,.T.);
#2632 = VERTEX_POINT('',#2633);
#2633 = CARTESIAN_POINT('',(74.77421875,4.346666666667,0.));
#2634 = SURFACE_CURVE('',#2635,(#2639,#2645),.PCURVE_S1.);
#2635 = LINE('',#2636,#2637);
#2636 = CARTESIAN_POINT('',(78.637109375,4.346666666667,0.));
#2637 = VECTOR('',#2638,1.);
#2638 = DIRECTION('',(-1.,0.,0.));
#2639 = PCURVE('',#44,#2640);
#2640 = DEFINITIONAL_REPRESENTATION('',(#2641),#2644);
#2641 = B_SPLINE_CURVE_WITH_KNOTS('',1,(#2642,#2643),.UNSPECIFIED.,.F.,
  .F.,(2,2),(-14.43828125,3.862890625),.PIECEWISE_BEZIER_KNOTS.);
#2642 = CARTESIAN_POINT('',(9.075390625,-44.15333333333));
#2643 = CARTESIAN_POINT('',(-9.22578125,-44.15333333333));
#2644 = ( GEOMETRIC_REPRESENTATION_CONTEXT(2) 
PARAMETRIC_REPRESENTATION_CONTEXT() REPRESENTATION_CONTEXT('2D SPACE',''
  ) );
#2645 = PCURVE('',#2646,#2651);
#2646 = PLANE('',#2647);
#2647 = AXIS2_PLACEMENT_3D('',#2648,#2649,#2650);
#2648 = CARTESIAN_POINT('',(73.27421875,4.346666666667,-1.));
#2649 = DIRECTION('',(0.,1.,0.));
#2650 = DIRECTION('',(1.,0.,0.));
#2651 = DEFINITIONAL_REPRESENTATION('',(#2652),#2655);
#2652 = B_SPLINE_CURVE_WITH_KNOTS('',1,(#2653,#2654),.UNSPECIFIED.,.F.,
  .F.,(2,2),(-14.43828125,3.862890625),.PIECEWISE_BEZIER_KNOTS.);
#2653 = CARTESIAN_POINT('',(19.801171875,-1.));
#2654 = CARTESIAN_POINT('',(1.5,-1.));
#2655 = ( GEOMETRIC_REPRESENTATION_CONTEXT(2) 
PARAMETRIC_REPRESENTATION_CONTEXT() REPRESENTATION_CONTEXT('2D SPACE',''
  ) );
#2656 = ORIENTED_EDGE('',*,*,#2657,.F.);
#2657 = EDGE_CURVE('',#2658,#2632,#2660,.T.);
#2658 = VERTEX_POINT('',#2659);
#2659 = CARTESIAN_POINT('',(73.8486328125,4.666289323482,0.));
#2660 = SURFACE_CURVE('',#2661,(#2666,#2673),.PCURVE_S1.);
#2661 = CIRCLE('',#2662,1.5);
#2662 = AXIS2_PLACEMENT_3D('',#2663,#2664,#2665);
#2663 = CARTESIAN_POINT('',(74.77421875,5.846666666667,0.));
#2664 = DIRECTION('',(0.,0.,1.));
#2665 = DIRECTION('',(0.,-1.,0.));
#2666 = PCURVE('',#44,#2667);
#2667 = DEFINITIONAL_REPRESENTATION('',(#2668),#2672);
#2668 = CIRCLE('',#2669,1.5);
#2669 = AXIS2_PLACEMENT_2D('',#2670,#2671);
#2670 = CARTESIAN_POINT('',(-9.22578125,-42.65333333333));
#2671 = DIRECTION('',(0.,-1.));
#2672 = ( GEOMETRIC_REPRESENTATION_CONTEXT(2) 
PARAMETRIC_REPRESENTATION_CONTEXT() REPRESENTATION_CONTEXT('2D SPACE',''
  ) );
#2673 = PCURVE('',#2674,#2679);
#2674 = CYLINDRICAL_SURFACE('',#2675,1.5);
#2675 = AXIS2_PLACEMENT_3D('',#2676,#2677,#2678);
#2676 = CARTESIAN_POINT('',(74.77421875,5.846666666667,-1.));
#2677 = DIRECTION('',(0.,0.,1.));
#2678 = DIRECTION('',(0.,-1.,0.));
#2679 = DEFINITIONAL_REPRESENTATION('',(#2680),#2684);
#2680 = LINE('',#2681,#2682);
#2681 = CARTESIAN_POINT('',(-6.28318530718,1.));
#2682 = VECTOR('',#2683,1.);
#2683 = DIRECTION('',(1.,-0.));
#2684 = ( GEOMETRIC_REPRESENTATION_CONTEXT(2) 
PARAMETRIC_REPRESENTATION_CONTEXT() REPRESENTATION_CONTEXT('2D SPACE',''
  ) );
#2685 = ORIENTED_EDGE('',*,*,#2686,.F.);
#2686 = EDGE_CURVE('',#2687,#2658,#2689,.T.);
#2687 = VERTEX_POINT('',#2688);
#2688 = CARTESIAN_POINT('',(72.923046875,4.346666666667,0.));
#2689 = SURFACE_CURVE('',#2690,(#2695,#2702),.PCURVE_S1.);
#2690 = CIRCLE('',#2691,1.5);
#2691 = AXIS2_PLACEMENT_3D('',#2692,#2693,#2694);
#2692 = CARTESIAN_POINT('',(72.923046875,5.846666666667,0.));
#2693 = DIRECTION('',(0.,0.,1.));
#2694 = DIRECTION('',(0.,-1.,0.));
#2695 = PCURVE('',#44,#2696);
#2696 = DEFINITIONAL_REPRESENTATION('',(#2697),#2701);
#2697 = CIRCLE('',#2698,1.5);
#2698 = AXIS2_PLACEMENT_2D('',#2699,#2700);
#2699 = CARTESIAN_POINT('',(-11.076953125,-42.65333333333));
#2700 = DIRECTION('',(0.,-1.));
#2701 = ( GEOMETRIC_REPRESENTATION_CONTEXT(2) 
PARAMETRIC_REPRESENTATION_CONTEXT() REPRESENTATION_CONTEXT('2D SPACE',''
  ) );
#2702 = PCURVE('',#2703,#2708);
#2703 = CYLINDRICAL_SURFACE('',#2704,1.5);
#2704 = AXIS2_PLACEMENT_3D('',#2705,#2706,#2707);
#2705 = CARTESIAN_POINT('',(72.923046875,5.846666666667,-1.));
#2706 = DIRECTION('',(0.,0.,1.));
#2707 = DIRECTION('',(0.,-1.,0.));
#2708 = DEFINITIONAL_REPRESENTATION('',(#2709),#2713);
#2709 = LINE('',#2710,#2711);
#2710 = CARTESIAN_POINT('',(0.,1.));
#2711 = VECTOR('',#2712,1.);
#2712 = DIRECTION('',(1.,0.));
#2713 = ( GEOMETRIC_REPRESENTATION_CONTEXT(2) 
PARAMETRIC_REPRESENTATION_CONTEXT() REPRESENTATION_CONTEXT('2D SPACE',''
  ) );
#2714 = ORIENTED_EDGE('',*,*,#2715,.T.);
#2715 = EDGE_CURVE('',#2687,#2716,#2718,.T.);
#2716 = VERTEX_POINT('',#2717);
#2717 = CARTESIAN_POINT('',(54.621875,4.346666666667,0.));
#2718 = SURFACE_CURVE('',#2719,(#2723,#2729),.PCURVE_S1.);
#2719 = LINE('',#2720,#2721);
#2720 = CARTESIAN_POINT('',(68.5609375,4.346666666667,0.));
#2721 = VECTOR('',#2722,1.);
#2722 = DIRECTION('',(-1.,0.,0.));
#2723 = PCURVE('',#44,#2724);
#2724 = DEFINITIONAL_REPRESENTATION('',(#2725),#2728);
#2725 = B_SPLINE_CURVE_WITH_KNOTS('',1,(#2726,#2727),.UNSPECIFIED.,.F.,
  .F.,(2,2),(-4.362109375,13.9390625),.PIECEWISE_BEZIER_KNOTS.);
#2726 = CARTESIAN_POINT('',(-11.076953125,-44.15333333333));
#2727 = CARTESIAN_POINT('',(-29.378125,-44.15333333333));
#2728 = ( GEOMETRIC_REPRESENTATION_CONTEXT(2) 
PARAMETRIC_REPRESENTATION_CONTEXT() REPRESENTATION_CONTEXT('2D SPACE',''
  ) );
#2729 = PCURVE('',#2730,#2735);
#2730 = PLANE('',#2731);
#2731 = AXIS2_PLACEMENT_3D('',#2732,#2733,#2734);
#2732 = CARTESIAN_POINT('',(53.121875,4.346666666667,-1.));
#2733 = DIRECTION('',(0.,1.,0.));
#2734 = DIRECTION('',(1.,0.,0.));
#2735 = DEFINITIONAL_REPRESENTATION('',(#2736),#2739);
#2736 = B_SPLINE_CURVE_WITH_KNOTS('',1,(#2737,#2738),.UNSPECIFIED.,.F.,
  .F.,(2,2),(-4.362109375,13.9390625),.PIECEWISE_BEZIER_KNOTS.);
#2737 = CARTESIAN_POINT('',(19.801171875,-1.));
#2738 = CARTESIAN_POINT('',(1.5,-1.));
#2739 = ( GEOMETRIC_REPRESENTATION_CONTEXT(2) 
PARAMETRIC_REPRESENTATION_CONTEXT() REPRESENTATION_CONTEXT('2D SPACE',''
  ) );
#2740 = ORIENTED_EDGE('',*,*,#2741,.F.);
#2741 = EDGE_CURVE('',#2742,#2716,#2744,.T.);
#2742 = VERTEX_POINT('',#2743);
#2743 = CARTESIAN_POINT('',(53.62109375,4.729331940791,0.));
#2744 = SURFACE_CURVE('',#2745,(#2750,#2757),.PCURVE_S1.);
#2745 = CIRCLE('',#2746,1.5);
#2746 = AXIS2_PLACEMENT_3D('',#2747,#2748,#2749);
#2747 = CARTESIAN_POINT('',(54.621875,5.846666666667,0.));
#2748 = DIRECTION('',(0.,0.,1.));
#2749 = DIRECTION('',(0.,-1.,0.));
#2750 = PCURVE('',#44,#2751);
#2751 = DEFINITIONAL_REPRESENTATION('',(#2752),#2756);
#2752 = CIRCLE('',#2753,1.5);
#2753 = AXIS2_PLACEMENT_2D('',#2754,#2755);
#2754 = CARTESIAN_POINT('',(-29.378125,-42.65333333333));
#2755 = DIRECTION('',(0.,-1.));
#2756 = ( GEOMETRIC_REPRESENTATION_CONTEXT(2) 
PARAMETRIC_REPRESENTATION_CONTEXT() REPRESENTATION_CONTEXT('2D SPACE',''
  ) );
#2757 = PCURVE('',#2758,#2763);
#2758 = CYLINDRICAL_SURFACE('',#2759,1.5);
#2759 = AXIS2_PLACEMENT_3D('',#2760,#2761,#2762);
#2760 = CARTESIAN_POINT('',(54.621875,5.846666666667,-1.));
#2761 = DIRECTION('',(0.,0.,1.));
#2762 = DIRECTION('',(0.,-1.,0.));
#2763 = DEFINITIONAL_REPRESENTATION('',(#2764),#2768);
#2764 = LINE('',#2765,#2766);
#2765 = CARTESIAN_POINT('',(-6.28318530718,1.));
#2766 = VECTOR('',#2767,1.);
#2767 = DIRECTION('',(1.,-0.));
#2768 = ( GEOMETRIC_REPRESENTATION_CONTEXT(2) 
PARAMETRIC_REPRESENTATION_CONTEXT() REPRESENTATION_CONTEXT('2D SPACE',''
  ) );
#2769 = ORIENTED_EDGE('',*,*,#2770,.F.);
#2770 = EDGE_CURVE('',#2771,#2742,#2773,.T.);
#2771 = VERTEX_POINT('',#2772);
#2772 = CARTESIAN_POINT('',(52.6203125,4.346666666667,0.));
#2773 = SURFACE_CURVE('',#2774,(#2779,#2786),.PCURVE_S1.);
#2774 = CIRCLE('',#2775,1.5);
#2775 = AXIS2_PLACEMENT_3D('',#2776,#2777,#2778);
#2776 = CARTESIAN_POINT('',(52.6203125,5.846666666667,0.));
#2777 = DIRECTION('',(0.,0.,1.));
#2778 = DIRECTION('',(0.,-1.,0.));
#2779 = PCURVE('',#44,#2780);
#2780 = DEFINITIONAL_REPRESENTATION('',(#2781),#2785);
#2781 = CIRCLE('',#2782,1.5);
#2782 = AXIS2_PLACEMENT_2D('',#2783,#2784);
#2783 = CARTESIAN_POINT('',(-31.3796875,-42.65333333333));
#2784 = DIRECTION('',(0.,-1.));
#2785 = ( GEOMETRIC_REPRESENTATION_CONTEXT(2) 
PARAMETRIC_REPRESENTATION_CONTEXT() REPRESENTATION_CONTEXT('2D SPACE',''
  ) );
#2786 = PCURVE('',#2787,#2792);
#2787 = CYLINDRICAL_SURFACE('',#2788,1.5);
#2788 = AXIS2_PLACEMENT_3D('',#2789,#2790,#2791);
#2789 = CARTESIAN_POINT('',(52.6203125,5.846666666667,-1.));
#2790 = DIRECTION('',(0.,0.,1.));
#2791 = DIRECTION('',(0.,-1.,0.));
#2792 = DEFINITIONAL_REPRESENTATION('',(#2793),#2797);
#2793 = LINE('',#2794,#2795);
#2794 = CARTESIAN_POINT('',(0.,1.));
#2795 = VECTOR('',#2796,1.);
#2796 = DIRECTION('',(1.,0.));
#2797 = ( GEOMETRIC_REPRESENTATION_CONTEXT(2) 
PARAMETRIC_REPRESENTATION_CONTEXT() REPRESENTATION_CONTEXT('2D SPACE',''
  ) );
#2798 = ORIENTED_EDGE('',*,*,#2799,.T.);
#2799 = EDGE_CURVE('',#2771,#2800,#2802,.T.);
#2800 = VERTEX_POINT('',#2801);
#2801 = CARTESIAN_POINT('',(34.319140625,4.346666666667,0.));
#2802 = SURFACE_CURVE('',#2803,(#2807,#2813),.PCURVE_S1.);
#2803 = LINE('',#2804,#2805);
#2804 = CARTESIAN_POINT('',(58.4095703125,4.346666666667,0.));
#2805 = VECTOR('',#2806,1.);
#2806 = DIRECTION('',(-1.,0.,0.));
#2807 = PCURVE('',#44,#2808);
#2808 = DEFINITIONAL_REPRESENTATION('',(#2809),#2812);
#2809 = B_SPLINE_CURVE_WITH_KNOTS('',1,(#2810,#2811),.UNSPECIFIED.,.F.,
  .F.,(2,2),(5.7892578125,24.0904296875),.PIECEWISE_BEZIER_KNOTS.);
#2810 = CARTESIAN_POINT('',(-31.3796875,-44.15333333333));
#2811 = CARTESIAN_POINT('',(-49.680859375,-44.15333333333));
#2812 = ( GEOMETRIC_REPRESENTATION_CONTEXT(2) 
PARAMETRIC_REPRESENTATION_CONTEXT() REPRESENTATION_CONTEXT('2D SPACE',''
  ) );
#2813 = PCURVE('',#2814,#2819);
#2814 = PLANE('',#2815);
#2815 = AXIS2_PLACEMENT_3D('',#2816,#2817,#2818);
#2816 = CARTESIAN_POINT('',(32.819140625,4.346666666667,-1.));
#2817 = DIRECTION('',(0.,1.,0.));
#2818 = DIRECTION('',(1.,0.,0.));
#2819 = DEFINITIONAL_REPRESENTATION('',(#2820),#2823);
#2820 = B_SPLINE_CURVE_WITH_KNOTS('',1,(#2821,#2822),.UNSPECIFIED.,.F.,
  .F.,(2,2),(5.7892578125,24.0904296875),.PIECEWISE_BEZIER_KNOTS.);
#2821 = CARTESIAN_POINT('',(19.801171875,-1.));
#2822 = CARTESIAN_POINT('',(1.5,-1.));
#2823 = ( GEOMETRIC_REPRESENTATION_CONTEXT(2) 
PARAMETRIC_REPRESENTATION_CONTEXT() REPRESENTATION_CONTEXT('2D SPACE',''
  ) );
#2824 = ORIENTED_EDGE('',*,*,#2825,.F.);
#2825 = EDGE_CURVE('',#1513,#2800,#2826,.T.);
#2826 = SURFACE_CURVE('',#2827,(#2832,#2839),.PCURVE_S1.);
#2827 = CIRCLE('',#2828,1.5);
#2828 = AXIS2_PLACEMENT_3D('',#2829,#2830,#2831);
#2829 = CARTESIAN_POINT('',(34.319140625,5.846666666667,0.));
#2830 = DIRECTION('',(0.,0.,1.));
#2831 = DIRECTION('',(0.,-1.,0.));
#2832 = PCURVE('',#44,#2833);
#2833 = DEFINITIONAL_REPRESENTATION('',(#2834),#2838);
#2834 = CIRCLE('',#2835,1.5);
#2835 = AXIS2_PLACEMENT_2D('',#2836,#2837);
#2836 = CARTESIAN_POINT('',(-49.680859375,-42.65333333333));
#2837 = DIRECTION('',(0.,-1.));
#2838 = ( GEOMETRIC_REPRESENTATION_CONTEXT(2) 
PARAMETRIC_REPRESENTATION_CONTEXT() REPRESENTATION_CONTEXT('2D SPACE',''
  ) );
#2839 = PCURVE('',#2840,#2845);
#2840 = CYLINDRICAL_SURFACE('',#2841,1.5);
#2841 = AXIS2_PLACEMENT_3D('',#2842,#2843,#2844);
#2842 = CARTESIAN_POINT('',(34.319140625,5.846666666667,-1.));
#2843 = DIRECTION('',(0.,0.,1.));
#2844 = DIRECTION('',(0.,-1.,0.));
#2845 = DEFINITIONAL_REPRESENTATION('',(#2846),#2850);
#2846 = LINE('',#2847,#2848);
#2847 = CARTESIAN_POINT('',(-6.28318530718,1.));
#2848 = VECTOR('',#2849,1.);
#2849 = DIRECTION('',(1.,-0.));
#2850 = ( GEOMETRIC_REPRESENTATION_CONTEXT(2) 
PARAMETRIC_REPRESENTATION_CONTEXT() REPRESENTATION_CONTEXT('2D SPACE',''
  ) );
#2851 = FACE_BOUND('',#2852,.F.);
#2852 = EDGE_LOOP('',(#2853));
#2853 = ORIENTED_EDGE('',*,*,#2854,.T.);
#2854 = EDGE_CURVE('',#2855,#2855,#2857,.T.);
#2855 = VERTEX_POINT('',#2856);
#2856 = CARTESIAN_POINT('',(105.2984375,20.053333333333,0.));
#2857 = SURFACE_CURVE('',#2858,(#2863,#2874),.PCURVE_S1.);
#2858 = CIRCLE('',#2859,4.905859375);
#2859 = AXIS2_PLACEMENT_3D('',#2860,#2861,#2862);
#2860 = CARTESIAN_POINT('',(100.392578125,20.053333333333,0.));
#2861 = DIRECTION('',(0.,0.,-1.));
#2862 = DIRECTION('',(1.,0.,0.));
#2863 = PCURVE('',#44,#2864);
#2864 = DEFINITIONAL_REPRESENTATION('',(#2865),#2873);
#2865 = ( BOUNDED_CURVE() B_SPLINE_CURVE(2,(#2866,#2867,#2868,#2869,
#2870,#2871,#2872),.UNSPECIFIED.,.T.,.F.) B_SPLINE_CURVE_WITH_KNOTS((1,2
    ,2,2,2,1),(-2.094395102393,0.,2.094395102393,4.188790204786,
6.28318530718,8.377580409573),.UNSPECIFIED.) CURVE() 
GEOMETRIC_REPRESENTATION_ITEM() RATIONAL_B_SPLINE_CURVE((1.,0.5,1.,0.5,
1.,0.5,1.)) REPRESENTATION_ITEM('') );
#2866 = CARTESIAN_POINT('',(21.2984375,-28.44666666666));
#2867 = CARTESIAN_POINT('',(21.2984375,-36.94386435895));
#2868 = CARTESIAN_POINT('',(13.9396484375,-32.69526551281));
#2869 = CARTESIAN_POINT('',(6.580859375,-28.44666666666));
#2870 = CARTESIAN_POINT('',(13.9396484375,-24.19806782052));
#2871 = CARTESIAN_POINT('',(21.2984375,-19.94946897437));
#2872 = CARTESIAN_POINT('',(21.2984375,-28.44666666666));
#2873 = ( GEOMETRIC_REPRESENTATION_CONTEXT(2) 
PARAMETRIC_REPRESENTATION_CONTEXT() REPRESENTATION_CONTEXT('2D SPACE',''
  ) );
#2874 = PCURVE('',#2875,#2880);
#2875 = CYLINDRICAL_SURFACE('',#2876,4.905859375);
#2876 = AXIS2_PLACEMENT_3D('',#2877,#2878,#2879);
#2877 = CARTESIAN_POINT('',(100.392578125,20.053333333333,-1.));
#2878 = DIRECTION('',(-0.,-0.,-1.));
#2879 = DIRECTION('',(1.,0.,0.));
#2880 = DEFINITIONAL_REPRESENTATION('',(#2881),#2885);
#2881 = LINE('',#2882,#2883);
#2882 = CARTESIAN_POINT('',(-6.28318530718,-1.));
#2883 = VECTOR('',#2884,1.);
#2884 = DIRECTION('',(1.,-0.));
#2885 = ( GEOMETRIC_REPRESENTATION_CONTEXT(2) 
PARAMETRIC_REPRESENTATION_CONTEXT() REPRESENTATION_CONTEXT('2D SPACE',''
  ) );
#2886 = FACE_BOUND('',#2887,.F.);
#2887 = EDGE_LOOP('',(#2888,#2919,#2945,#2974,#3000,#3029,#3055,#3084));
#2888 = ORIENTED_EDGE('',*,*,#2889,.F.);
#2889 = EDGE_CURVE('',#2890,#2892,#2894,.T.);
#2890 = VERTEX_POINT('',#2891);
#2891 = CARTESIAN_POINT('',(147.516796875,13.52,0.));
#2892 = VERTEX_POINT('',#2893);
#2893 = CARTESIAN_POINT('',(149.016796875,15.02,0.));
#2894 = SURFACE_CURVE('',#2895,(#2900,#2907),.PCURVE_S1.);
#2895 = CIRCLE('',#2896,1.5);
#2896 = AXIS2_PLACEMENT_3D('',#2897,#2898,#2899);
#2897 = CARTESIAN_POINT('',(147.516796875,15.02,0.));
#2898 = DIRECTION('',(0.,0.,1.));
#2899 = DIRECTION('',(0.,-1.,0.));
#2900 = PCURVE('',#44,#2901);
#2901 = DEFINITIONAL_REPRESENTATION('',(#2902),#2906);
#2902 = CIRCLE('',#2903,1.5);
#2903 = AXIS2_PLACEMENT_2D('',#2904,#2905);
#2904 = CARTESIAN_POINT('',(63.516796875,-33.48));
#2905 = DIRECTION('',(0.,-1.));
#2906 = ( GEOMETRIC_REPRESENTATION_CONTEXT(2) 
PARAMETRIC_REPRESENTATION_CONTEXT() REPRESENTATION_CONTEXT('2D SPACE',''
  ) );
#2907 = PCURVE('',#2908,#2913);
#2908 = CYLINDRICAL_SURFACE('',#2909,1.5);
#2909 = AXIS2_PLACEMENT_3D('',#2910,#2911,#2912);
#2910 = CARTESIAN_POINT('',(147.516796875,15.02,-1.));
#2911 = DIRECTION('',(0.,0.,1.));
#2912 = DIRECTION('',(0.,-1.,0.));
#2913 = DEFINITIONAL_REPRESENTATION('',(#2914),#2918);
#2914 = LINE('',#2915,#2916);
#2915 = CARTESIAN_POINT('',(0.,1.));
#2916 = VECTOR('',#2917,1.);
#2917 = DIRECTION('',(1.,0.));
#2918 = ( GEOMETRIC_REPRESENTATION_CONTEXT(2) 
PARAMETRIC_REPRESENTATION_CONTEXT() REPRESENTATION_CONTEXT('2D SPACE',''
  ) );
#2919 = ORIENTED_EDGE('',*,*,#2920,.T.);
#2920 = EDGE_CURVE('',#2890,#2921,#2923,.T.);
#2921 = VERTEX_POINT('',#2922);
#2922 = CARTESIAN_POINT('',(109.06328125,13.52,0.));
#2923 = SURFACE_CURVE('',#2924,(#2928,#2934),.PCURVE_S1.);
#2924 = LINE('',#2925,#2926);
#2925 = CARTESIAN_POINT('',(95.781640625,13.52,0.));
#2926 = VECTOR('',#2927,1.);
#2927 = DIRECTION('',(-1.,0.,0.));
#2928 = PCURVE('',#44,#2929);
#2929 = DEFINITIONAL_REPRESENTATION('',(#2930),#2933);
#2930 = B_SPLINE_CURVE_WITH_KNOTS('',1,(#2931,#2932),.UNSPECIFIED.,.F.,
  .F.,(2,2),(-51.73515625,-13.281640625),.PIECEWISE_BEZIER_KNOTS.);
#2931 = CARTESIAN_POINT('',(63.516796875,-34.98));
#2932 = CARTESIAN_POINT('',(25.06328125,-34.98));
#2933 = ( GEOMETRIC_REPRESENTATION_CONTEXT(2) 
PARAMETRIC_REPRESENTATION_CONTEXT() REPRESENTATION_CONTEXT('2D SPACE',''
  ) );
#2934 = PCURVE('',#2935,#2940);
#2935 = PLANE('',#2936);
#2936 = AXIS2_PLACEMENT_3D('',#2937,#2938,#2939);
#2937 = CARTESIAN_POINT('',(107.56328125,13.52,-1.));
#2938 = DIRECTION('',(0.,1.,0.));
#2939 = DIRECTION('',(1.,0.,0.));
#2940 = DEFINITIONAL_REPRESENTATION('',(#2941),#2944);
#2941 = B_SPLINE_CURVE_WITH_KNOTS('',1,(#2942,#2943),.UNSPECIFIED.,.F.,
  .F.,(2,2),(-51.73515625,-13.281640625),.PIECEWISE_BEZIER_KNOTS.);
#2942 = CARTESIAN_POINT('',(39.953515625,-1.));
#2943 = CARTESIAN_POINT('',(1.5,-1.));
#2944 = ( GEOMETRIC_REPRESENTATION_CONTEXT(2) 
PARAMETRIC_REPRESENTATION_CONTEXT() REPRESENTATION_CONTEXT('2D SPACE',''
  ) );
#2945 = ORIENTED_EDGE('',*,*,#2946,.F.);
#2946 = EDGE_CURVE('',#2947,#2921,#2949,.T.);
#2947 = VERTEX_POINT('',#2948);
#2948 = CARTESIAN_POINT('',(107.56328125,15.02,0.));
#2949 = SURFACE_CURVE('',#2950,(#2955,#2962),.PCURVE_S1.);
#2950 = CIRCLE('',#2951,1.5);
#2951 = AXIS2_PLACEMENT_3D('',#2952,#2953,#2954);
#2952 = CARTESIAN_POINT('',(109.06328125,15.02,0.));
#2953 = DIRECTION('',(0.,0.,1.));
#2954 = DIRECTION('',(0.,-1.,0.));
#2955 = PCURVE('',#44,#2956);
#2956 = DEFINITIONAL_REPRESENTATION('',(#2957),#2961);
#2957 = CIRCLE('',#2958,1.5);
#2958 = AXIS2_PLACEMENT_2D('',#2959,#2960);
#2959 = CARTESIAN_POINT('',(25.06328125,-33.48));
#2960 = DIRECTION('',(0.,-1.));
#2961 = ( GEOMETRIC_REPRESENTATION_CONTEXT(2) 
PARAMETRIC_REPRESENTATION_CONTEXT() REPRESENTATION_CONTEXT('2D SPACE',''
  ) );
#2962 = PCURVE('',#2963,#2968);
#2963 = CYLINDRICAL_SURFACE('',#2964,1.5);
#2964 = AXIS2_PLACEMENT_3D('',#2965,#2966,#2967);
#2965 = CARTESIAN_POINT('',(109.06328125,15.02,-1.));
#2966 = DIRECTION('',(0.,0.,1.));
#2967 = DIRECTION('',(0.,-1.,0.));
#2968 = DEFINITIONAL_REPRESENTATION('',(#2969),#2973);
#2969 = LINE('',#2970,#2971);
#2970 = CARTESIAN_POINT('',(-6.28318530718,1.));
#2971 = VECTOR('',#2972,1.);
#2972 = DIRECTION('',(1.,-0.));
#2973 = ( GEOMETRIC_REPRESENTATION_CONTEXT(2) 
PARAMETRIC_REPRESENTATION_CONTEXT() REPRESENTATION_CONTEXT('2D SPACE',''
  ) );
#2974 = ORIENTED_EDGE('',*,*,#2975,.T.);
#2975 = EDGE_CURVE('',#2947,#2976,#2978,.T.);
#2976 = VERTEX_POINT('',#2977);
#2977 = CARTESIAN_POINT('',(107.56328125,25.23,0.));
#2978 = SURFACE_CURVE('',#2979,(#2983,#2989),.PCURVE_S1.);
#2979 = LINE('',#2980,#2981);
#2980 = CARTESIAN_POINT('',(107.56328125,37.615,0.));
#2981 = VECTOR('',#2982,1.);
#2982 = DIRECTION('',(-0.,1.,0.));
#2983 = PCURVE('',#44,#2984);
#2984 = DEFINITIONAL_REPRESENTATION('',(#2985),#2988);
#2985 = B_SPLINE_CURVE_WITH_KNOTS('',1,(#2986,#2987),.UNSPECIFIED.,.F.,
  .F.,(2,2),(-22.595,-12.385),.PIECEWISE_BEZIER_KNOTS.);
#2986 = CARTESIAN_POINT('',(23.56328125,-33.48));
#2987 = CARTESIAN_POINT('',(23.56328125,-23.27));
#2988 = ( GEOMETRIC_REPRESENTATION_CONTEXT(2) 
PARAMETRIC_REPRESENTATION_CONTEXT() REPRESENTATION_CONTEXT('2D SPACE',''
  ) );
#2989 = PCURVE('',#2990,#2995);
#2990 = PLANE('',#2991);
#2991 = AXIS2_PLACEMENT_3D('',#2992,#2993,#2994);
#2992 = CARTESIAN_POINT('',(107.56328125,26.73,-1.));
#2993 = DIRECTION('',(1.,0.,-0.));
#2994 = DIRECTION('',(0.,-1.,0.));
#2995 = DEFINITIONAL_REPRESENTATION('',(#2996),#2999);
#2996 = B_SPLINE_CURVE_WITH_KNOTS('',1,(#2997,#2998),.UNSPECIFIED.,.F.,
  .F.,(2,2),(-22.595,-12.385),.PIECEWISE_BEZIER_KNOTS.);
#2997 = CARTESIAN_POINT('',(11.71,-1.));
#2998 = CARTESIAN_POINT('',(1.5,-1.));
#2999 = ( GEOMETRIC_REPRESENTATION_CONTEXT(2) 
PARAMETRIC_REPRESENTATION_CONTEXT() REPRESENTATION_CONTEXT('2D SPACE',''
  ) );
#3000 = ORIENTED_EDGE('',*,*,#3001,.F.);
#3001 = EDGE_CURVE('',#3002,#2976,#3004,.T.);
#3002 = VERTEX_POINT('',#3003);
#3003 = CARTESIAN_POINT('',(109.06328125,26.73,0.));
#3004 = SURFACE_CURVE('',#3005,(#3010,#3017),.PCURVE_S1.);
#3005 = CIRCLE('',#3006,1.5);
#3006 = AXIS2_PLACEMENT_3D('',#3007,#3008,#3009);
#3007 = CARTESIAN_POINT('',(109.06328125,25.23,0.));
#3008 = DIRECTION('',(0.,0.,1.));
#3009 = DIRECTION('',(-0.,1.,0.));
#3010 = PCURVE('',#44,#3011);
#3011 = DEFINITIONAL_REPRESENTATION('',(#3012),#3016);
#3012 = CIRCLE('',#3013,1.5);
#3013 = AXIS2_PLACEMENT_2D('',#3014,#3015);
#3014 = CARTESIAN_POINT('',(25.06328125,-23.27));
#3015 = DIRECTION('',(0.,1.));
#3016 = ( GEOMETRIC_REPRESENTATION_CONTEXT(2) 
PARAMETRIC_REPRESENTATION_CONTEXT() REPRESENTATION_CONTEXT('2D SPACE',''
  ) );
#3017 = PCURVE('',#3018,#3023);
#3018 = CYLINDRICAL_SURFACE('',#3019,1.5);
#3019 = AXIS2_PLACEMENT_3D('',#3020,#3021,#3022);
#3020 = CARTESIAN_POINT('',(109.06328125,25.23,-1.));
#3021 = DIRECTION('',(0.,0.,1.));
#3022 = DIRECTION('',(-0.,1.,0.));
#3023 = DEFINITIONAL_REPRESENTATION('',(#3024),#3028);
#3024 = LINE('',#3025,#3026);
#3025 = CARTESIAN_POINT('',(0.,1.));
#3026 = VECTOR('',#3027,1.);
#3027 = DIRECTION('',(1.,0.));
#3028 = ( GEOMETRIC_REPRESENTATION_CONTEXT(2) 
PARAMETRIC_REPRESENTATION_CONTEXT() REPRESENTATION_CONTEXT('2D SPACE',''
  ) );
#3029 = ORIENTED_EDGE('',*,*,#3030,.T.);
#3030 = EDGE_CURVE('',#3002,#3031,#3033,.T.);
#3031 = VERTEX_POINT('',#3032);
#3032 = CARTESIAN_POINT('',(147.516796875,26.73,0.));
#3033 = SURFACE_CURVE('',#3034,(#3038,#3044),.PCURVE_S1.);
#3034 = LINE('',#3035,#3036);
#3035 = CARTESIAN_POINT('',(116.5083984375,26.73,0.));
#3036 = VECTOR('',#3037,1.);
#3037 = DIRECTION('',(1.,0.,-0.));
#3038 = PCURVE('',#44,#3039);
#3039 = DEFINITIONAL_REPRESENTATION('',(#3040),#3043);
#3040 = B_SPLINE_CURVE_WITH_KNOTS('',1,(#3041,#3042),.UNSPECIFIED.,.F.,
  .F.,(2,2),(-7.4451171875,31.0083984375),.PIECEWISE_BEZIER_KNOTS.);
#3041 = CARTESIAN_POINT('',(25.06328125,-21.77));
#3042 = CARTESIAN_POINT('',(63.516796875,-21.77));
#3043 = ( GEOMETRIC_REPRESENTATION_CONTEXT(2) 
PARAMETRIC_REPRESENTATION_CONTEXT() REPRESENTATION_CONTEXT('2D SPACE',''
  ) );
#3044 = PCURVE('',#3045,#3050);
#3045 = PLANE('',#3046);
#3046 = AXIS2_PLACEMENT_3D('',#3047,#3048,#3049);
#3047 = CARTESIAN_POINT('',(149.016796875,26.73,-1.));
#3048 = DIRECTION('',(0.,-1.,0.));
#3049 = DIRECTION('',(-1.,0.,0.));
#3050 = DEFINITIONAL_REPRESENTATION('',(#3051),#3054);
#3051 = B_SPLINE_CURVE_WITH_KNOTS('',1,(#3052,#3053),.UNSPECIFIED.,.F.,
  .F.,(2,2),(-7.4451171875,31.0083984375),.PIECEWISE_BEZIER_KNOTS.);
#3052 = CARTESIAN_POINT('',(39.953515625,-1.));
#3053 = CARTESIAN_POINT('',(1.5,-1.));
#3054 = ( GEOMETRIC_REPRESENTATION_CONTEXT(2) 
PARAMETRIC_REPRESENTATION_CONTEXT() REPRESENTATION_CONTEXT('2D SPACE',''
  ) );
#3055 = ORIENTED_EDGE('',*,*,#3056,.F.);
#3056 = EDGE_CURVE('',#3057,#3031,#3059,.T.);
#3057 = VERTEX_POINT('',#3058);
#3058 = CARTESIAN_POINT('',(149.016796875,25.23,0.));
#3059 = SURFACE_CURVE('',#3060,(#3065,#3072),.PCURVE_S1.);
#3060 = CIRCLE('',#3061,1.5);
#3061 = AXIS2_PLACEMENT_3D('',#3062,#3063,#3064);
#3062 = CARTESIAN_POINT('',(147.516796875,25.23,0.));
#3063 = DIRECTION('',(0.,0.,1.));
#3064 = DIRECTION('',(1.,0.,-0.));
#3065 = PCURVE('',#44,#3066);
#3066 = DEFINITIONAL_REPRESENTATION('',(#3067),#3071);
#3067 = CIRCLE('',#3068,1.5);
#3068 = AXIS2_PLACEMENT_2D('',#3069,#3070);
#3069 = CARTESIAN_POINT('',(63.516796875,-23.27));
#3070 = DIRECTION('',(1.,0.));
#3071 = ( GEOMETRIC_REPRESENTATION_CONTEXT(2) 
PARAMETRIC_REPRESENTATION_CONTEXT() REPRESENTATION_CONTEXT('2D SPACE',''
  ) );
#3072 = PCURVE('',#3073,#3078);
#3073 = CYLINDRICAL_SURFACE('',#3074,1.5);
#3074 = AXIS2_PLACEMENT_3D('',#3075,#3076,#3077);
#3075 = CARTESIAN_POINT('',(147.516796875,25.23,-1.));
#3076 = DIRECTION('',(0.,0.,1.));
#3077 = DIRECTION('',(1.,0.,-0.));
#3078 = DEFINITIONAL_REPRESENTATION('',(#3079),#3083);
#3079 = LINE('',#3080,#3081);
#3080 = CARTESIAN_POINT('',(0.,1.));
#3081 = VECTOR('',#3082,1.);
#3082 = DIRECTION('',(1.,0.));
#3083 = ( GEOMETRIC_REPRESENTATION_CONTEXT(2) 
PARAMETRIC_REPRESENTATION_CONTEXT() REPRESENTATION_CONTEXT('2D SPACE',''
  ) );
#3084 = ORIENTED_EDGE('',*,*,#3085,.T.);
#3085 = EDGE_CURVE('',#3057,#2892,#3086,.T.);
#3086 = SURFACE_CURVE('',#3087,(#3091,#3097),.PCURVE_S1.);
#3087 = LINE('',#3088,#3089);
#3088 = CARTESIAN_POINT('',(149.016796875,31.01,0.));
#3089 = VECTOR('',#3090,1.);
#3090 = DIRECTION('',(0.,-1.,0.));
#3091 = PCURVE('',#44,#3092);
#3092 = DEFINITIONAL_REPRESENTATION('',(#3093),#3096);
#3093 = B_SPLINE_CURVE_WITH_KNOTS('',1,(#3094,#3095),.UNSPECIFIED.,.F.,
  .F.,(2,2),(5.78,15.99),.PIECEWISE_BEZIER_KNOTS.);
#3094 = CARTESIAN_POINT('',(65.016796875,-23.27));
#3095 = CARTESIAN_POINT('',(65.016796875,-33.48));
#3096 = ( GEOMETRIC_REPRESENTATION_CONTEXT(2) 
PARAMETRIC_REPRESENTATION_CONTEXT() REPRESENTATION_CONTEXT('2D SPACE',''
  ) );
#3097 = PCURVE('',#3098,#3103);
#3098 = PLANE('',#3099);
#3099 = AXIS2_PLACEMENT_3D('',#3100,#3101,#3102);
#3100 = CARTESIAN_POINT('',(149.016796875,13.52,-1.));
#3101 = DIRECTION('',(-1.,0.,0.));
#3102 = DIRECTION('',(0.,1.,0.));
#3103 = DEFINITIONAL_REPRESENTATION('',(#3104),#3107);
#3104 = B_SPLINE_CURVE_WITH_KNOTS('',1,(#3105,#3106),.UNSPECIFIED.,.F.,
  .F.,(2,2),(5.78,15.99),.PIECEWISE_BEZIER_KNOTS.);
#3105 = CARTESIAN_POINT('',(11.71,-1.));
#3106 = CARTESIAN_POINT('',(1.5,-1.));
#3107 = ( GEOMETRIC_REPRESENTATION_CONTEXT(2) 
PARAMETRIC_REPRESENTATION_CONTEXT() REPRESENTATION_CONTEXT('2D SPACE',''
  ) );
#3108 = FACE_BOUND('',#3109,.F.);
#3109 = EDGE_LOOP('',(#3110));
#3110 = ORIENTED_EDGE('',*,*,#3111,.T.);
#3111 = EDGE_CURVE('',#3112,#3112,#3114,.T.);
#3112 = VERTEX_POINT('',#3113);
#3113 = CARTESIAN_POINT('',(105.2984375,35.103333333333,0.));
#3114 = SURFACE_CURVE('',#3115,(#3120,#3131),.PCURVE_S1.);
#3115 = CIRCLE('',#3116,4.905859375);
#3116 = AXIS2_PLACEMENT_3D('',#3117,#3118,#3119);
#3117 = CARTESIAN_POINT('',(100.392578125,35.103333333333,0.));
#3118 = DIRECTION('',(0.,0.,-1.));
#3119 = DIRECTION('',(1.,0.,0.));
#3120 = PCURVE('',#44,#3121);
#3121 = DEFINITIONAL_REPRESENTATION('',(#3122),#3130);
#3122 = ( BOUNDED_CURVE() B_SPLINE_CURVE(2,(#3123,#3124,#3125,#3126,
#3127,#3128,#3129),.UNSPECIFIED.,.T.,.F.) B_SPLINE_CURVE_WITH_KNOTS((1,2
    ,2,2,2,1),(-2.094395102393,0.,2.094395102393,4.188790204786,
6.28318530718,8.377580409573),.UNSPECIFIED.) CURVE() 
GEOMETRIC_REPRESENTATION_ITEM() RATIONAL_B_SPLINE_CURVE((1.,0.5,1.,0.5,
1.,0.5,1.)) REPRESENTATION_ITEM('') );
#3123 = CARTESIAN_POINT('',(21.2984375,-13.39666666666));
#3124 = CARTESIAN_POINT('',(21.2984375,-21.89386435895));
#3125 = CARTESIAN_POINT('',(13.9396484375,-17.64526551281));
#3126 = CARTESIAN_POINT('',(6.580859375,-13.39666666666));
#3127 = CARTESIAN_POINT('',(13.9396484375,-9.148067820523));
#3128 = CARTESIAN_POINT('',(21.2984375,-4.899468974379));
#3129 = CARTESIAN_POINT('',(21.2984375,-13.39666666666));
#3130 = ( GEOMETRIC_REPRESENTATION_CONTEXT(2) 
PARAMETRIC_REPRESENTATION_CONTEXT() REPRESENTATION_CONTEXT('2D SPACE',''
  ) );
#3131 = PCURVE('',#3132,#3137);
#3132 = CYLINDRICAL_SURFACE('',#3133,4.905859375);
#3133 = AXIS2_PLACEMENT_3D('',#3134,#3135,#3136);
#3134 = CARTESIAN_POINT('',(100.392578125,35.103333333333,-1.));
#3135 = DIRECTION('',(-0.,-0.,-1.));
#3136 = DIRECTION('',(1.,0.,0.));
#3137 = DEFINITIONAL_REPRESENTATION('',(#3138),#3142);
#3138 = LINE('',#3139,#3140);
#3139 = CARTESIAN_POINT('',(-6.28318530718,-1.));
#3140 = VECTOR('',#3141,1.);
#3141 = DIRECTION('',(1.,-0.));
#3142 = ( GEOMETRIC_REPRESENTATION_CONTEXT(2) 
PARAMETRIC_REPRESENTATION_CONTEXT() REPRESENTATION_CONTEXT('2D SPACE',''
  ) );
#3143 = FACE_BOUND('',#3144,.F.);
#3144 = EDGE_LOOP('',(#3145,#3176,#3202,#3231,#3257,#3286,#3312,#3341));
#3145 = ORIENTED_EDGE('',*,*,#3146,.F.);
#3146 = EDGE_CURVE('',#3147,#3149,#3151,.T.);
#3147 = VERTEX_POINT('',#3148);
#3148 = CARTESIAN_POINT('',(147.516796875,28.426666666667,0.));
#3149 = VERTEX_POINT('',#3150);
#3150 = CARTESIAN_POINT('',(149.016796875,29.926666666667,0.));
#3151 = SURFACE_CURVE('',#3152,(#3157,#3164),.PCURVE_S1.);
#3152 = CIRCLE('',#3153,1.5);
#3153 = AXIS2_PLACEMENT_3D('',#3154,#3155,#3156);
#3154 = CARTESIAN_POINT('',(147.516796875,29.926666666667,0.));
#3155 = DIRECTION('',(0.,0.,1.));
#3156 = DIRECTION('',(0.,-1.,0.));
#3157 = PCURVE('',#44,#3158);
#3158 = DEFINITIONAL_REPRESENTATION('',(#3159),#3163);
#3159 = CIRCLE('',#3160,1.5);
#3160 = AXIS2_PLACEMENT_2D('',#3161,#3162);
#3161 = CARTESIAN_POINT('',(63.516796875,-18.57333333333));
#3162 = DIRECTION('',(0.,-1.));
#3163 = ( GEOMETRIC_REPRESENTATION_CONTEXT(2) 
PARAMETRIC_REPRESENTATION_CONTEXT() REPRESENTATION_CONTEXT('2D SPACE',''
  ) );
#3164 = PCURVE('',#3165,#3170);
#3165 = CYLINDRICAL_SURFACE('',#3166,1.5);
#3166 = AXIS2_PLACEMENT_3D('',#3167,#3168,#3169);
#3167 = CARTESIAN_POINT('',(147.516796875,29.926666666667,-1.));
#3168 = DIRECTION('',(0.,0.,1.));
#3169 = DIRECTION('',(0.,-1.,0.));
#3170 = DEFINITIONAL_REPRESENTATION('',(#3171),#3175);
#3171 = LINE('',#3172,#3173);
#3172 = CARTESIAN_POINT('',(0.,1.));
#3173 = VECTOR('',#3174,1.);
#3174 = DIRECTION('',(1.,0.));
#3175 = ( GEOMETRIC_REPRESENTATION_CONTEXT(2) 
PARAMETRIC_REPRESENTATION_CONTEXT() REPRESENTATION_CONTEXT('2D SPACE',''
  ) );
#3176 = ORIENTED_EDGE('',*,*,#3177,.T.);
#3177 = EDGE_CURVE('',#3147,#3178,#3180,.T.);
#3178 = VERTEX_POINT('',#3179);
#3179 = CARTESIAN_POINT('',(109.06328125,28.426666666667,0.));
#3180 = SURFACE_CURVE('',#3181,(#3185,#3191),.PCURVE_S1.);
#3181 = LINE('',#3182,#3183);
#3182 = CARTESIAN_POINT('',(95.781640625,28.426666666667,0.));
#3183 = VECTOR('',#3184,1.);
#3184 = DIRECTION('',(-1.,0.,0.));
#3185 = PCURVE('',#44,#3186);
#3186 = DEFINITIONAL_REPRESENTATION('',(#3187),#3190);
#3187 = B_SPLINE_CURVE_WITH_KNOTS('',1,(#3188,#3189),.UNSPECIFIED.,.F.,
  .F.,(2,2),(-51.73515625,-13.281640625),.PIECEWISE_BEZIER_KNOTS.);
#3188 = CARTESIAN_POINT('',(63.516796875,-20.07333333333));
#3189 = CARTESIAN_POINT('',(25.06328125,-20.07333333333));
#3190 = ( GEOMETRIC_REPRESENTATION_CONTEXT(2) 
PARAMETRIC_REPRESENTATION_CONTEXT() REPRESENTATION_CONTEXT('2D SPACE',''
  ) );
#3191 = PCURVE('',#3192,#3197);
#3192 = PLANE('',#3193);
#3193 = AXIS2_PLACEMENT_3D('',#3194,#3195,#3196);
#3194 = CARTESIAN_POINT('',(107.56328125,28.426666666667,-1.));
#3195 = DIRECTION('',(0.,1.,0.));
#3196 = DIRECTION('',(1.,0.,0.));
#3197 = DEFINITIONAL_REPRESENTATION('',(#3198),#3201);
#3198 = B_SPLINE_CURVE_WITH_KNOTS('',1,(#3199,#3200),.UNSPECIFIED.,.F.,
  .F.,(2,2),(-51.73515625,-13.281640625),.PIECEWISE_BEZIER_KNOTS.);
#3199 = CARTESIAN_POINT('',(39.953515625,-1.));
#3200 = CARTESIAN_POINT('',(1.5,-1.));
#3201 = ( GEOMETRIC_REPRESENTATION_CONTEXT(2) 
PARAMETRIC_REPRESENTATION_CONTEXT() REPRESENTATION_CONTEXT('2D SPACE',''
  ) );
#3202 = ORIENTED_EDGE('',*,*,#3203,.F.);
#3203 = EDGE_CURVE('',#3204,#3178,#3206,.T.);
#3204 = VERTEX_POINT('',#3205);
#3205 = CARTESIAN_POINT('',(107.56328125,29.926666666667,0.));
#3206 = SURFACE_CURVE('',#3207,(#3212,#3219),.PCURVE_S1.);
#3207 = CIRCLE('',#3208,1.5);
#3208 = AXIS2_PLACEMENT_3D('',#3209,#3210,#3211);
#3209 = CARTESIAN_POINT('',(109.06328125,29.926666666667,0.));
#3210 = DIRECTION('',(0.,0.,1.));
#3211 = DIRECTION('',(0.,-1.,0.));
#3212 = PCURVE('',#44,#3213);
#3213 = DEFINITIONAL_REPRESENTATION('',(#3214),#3218);
#3214 = CIRCLE('',#3215,1.5);
#3215 = AXIS2_PLACEMENT_2D('',#3216,#3217);
#3216 = CARTESIAN_POINT('',(25.06328125,-18.57333333333));
#3217 = DIRECTION('',(0.,-1.));
#3218 = ( GEOMETRIC_REPRESENTATION_CONTEXT(2) 
PARAMETRIC_REPRESENTATION_CONTEXT() REPRESENTATION_CONTEXT('2D SPACE',''
  ) );
#3219 = PCURVE('',#3220,#3225);
#3220 = CYLINDRICAL_SURFACE('',#3221,1.5);
#3221 = AXIS2_PLACEMENT_3D('',#3222,#3223,#3224);
#3222 = CARTESIAN_POINT('',(109.06328125,29.926666666667,-1.));
#3223 = DIRECTION('',(0.,0.,1.));
#3224 = DIRECTION('',(0.,-1.,0.));
#3225 = DEFINITIONAL_REPRESENTATION('',(#3226),#3230);
#3226 = LINE('',#3227,#3228);
#3227 = CARTESIAN_POINT('',(-6.28318530718,1.));
#3228 = VECTOR('',#3229,1.);
#3229 = DIRECTION('',(1.,-0.));
#3230 = ( GEOMETRIC_REPRESENTATION_CONTEXT(2) 
PARAMETRIC_REPRESENTATION_CONTEXT() REPRESENTATION_CONTEXT('2D SPACE',''
  ) );
#3231 = ORIENTED_EDGE('',*,*,#3232,.T.);
#3232 = EDGE_CURVE('',#3204,#3233,#3235,.T.);
#3233 = VERTEX_POINT('',#3234);
#3234 = CARTESIAN_POINT('',(107.56328125,40.136666666667,0.));
#3235 = SURFACE_CURVE('',#3236,(#3240,#3246),.PCURVE_S1.);
#3236 = LINE('',#3237,#3238);
#3237 = CARTESIAN_POINT('',(107.56328125,45.068333333333,0.));
#3238 = VECTOR('',#3239,1.);
#3239 = DIRECTION('',(-0.,1.,0.));
#3240 = PCURVE('',#44,#3241);
#3241 = DEFINITIONAL_REPRESENTATION('',(#3242),#3245);
#3242 = B_SPLINE_CURVE_WITH_KNOTS('',1,(#3243,#3244),.UNSPECIFIED.,.F.,
  .F.,(2,2),(-15.14166666666,-4.931666666667),.PIECEWISE_BEZIER_KNOTS.);
#3243 = CARTESIAN_POINT('',(23.56328125,-18.57333333333));
#3244 = CARTESIAN_POINT('',(23.56328125,-8.363333333333));
#3245 = ( GEOMETRIC_REPRESENTATION_CONTEXT(2) 
PARAMETRIC_REPRESENTATION_CONTEXT() REPRESENTATION_CONTEXT('2D SPACE',''
  ) );
#3246 = PCURVE('',#3247,#3252);
#3247 = PLANE('',#3248);
#3248 = AXIS2_PLACEMENT_3D('',#3249,#3250,#3251);
#3249 = CARTESIAN_POINT('',(107.56328125,41.636666666667,-1.));
#3250 = DIRECTION('',(1.,0.,-0.));
#3251 = DIRECTION('',(0.,-1.,0.));
#3252 = DEFINITIONAL_REPRESENTATION('',(#3253),#3256);
#3253 = B_SPLINE_CURVE_WITH_KNOTS('',1,(#3254,#3255),.UNSPECIFIED.,.F.,
  .F.,(2,2),(-15.14166666666,-4.931666666667),.PIECEWISE_BEZIER_KNOTS.);
#3254 = CARTESIAN_POINT('',(11.71,-1.));
#3255 = CARTESIAN_POINT('',(1.5,-1.));
#3256 = ( GEOMETRIC_REPRESENTATION_CONTEXT(2) 
PARAMETRIC_REPRESENTATION_CONTEXT() REPRESENTATION_CONTEXT('2D SPACE',''
  ) );
#3257 = ORIENTED_EDGE('',*,*,#3258,.F.);
#3258 = EDGE_CURVE('',#3259,#3233,#3261,.T.);
#3259 = VERTEX_POINT('',#3260);
#3260 = CARTESIAN_POINT('',(109.06328125,41.636666666667,0.));
#3261 = SURFACE_CURVE('',#3262,(#3267,#3274),.PCURVE_S1.);
#3262 = CIRCLE('',#3263,1.5);
#3263 = AXIS2_PLACEMENT_3D('',#3264,#3265,#3266);
#3264 = CARTESIAN_POINT('',(109.06328125,40.136666666667,0.));
#3265 = DIRECTION('',(0.,0.,1.));
#3266 = DIRECTION('',(-0.,1.,0.));
#3267 = PCURVE('',#44,#3268);
#3268 = DEFINITIONAL_REPRESENTATION('',(#3269),#3273);
#3269 = CIRCLE('',#3270,1.5);
#3270 = AXIS2_PLACEMENT_2D('',#3271,#3272);
#3271 = CARTESIAN_POINT('',(25.06328125,-8.363333333333));
#3272 = DIRECTION('',(0.,1.));
#3273 = ( GEOMETRIC_REPRESENTATION_CONTEXT(2) 
PARAMETRIC_REPRESENTATION_CONTEXT() REPRESENTATION_CONTEXT('2D SPACE',''
  ) );
#3274 = PCURVE('',#3275,#3280);
#3275 = CYLINDRICAL_SURFACE('',#3276,1.5);
#3276 = AXIS2_PLACEMENT_3D('',#3277,#3278,#3279);
#3277 = CARTESIAN_POINT('',(109.06328125,40.136666666667,-1.));
#3278 = DIRECTION('',(0.,0.,1.));
#3279 = DIRECTION('',(-0.,1.,0.));
#3280 = DEFINITIONAL_REPRESENTATION('',(#3281),#3285);
#3281 = LINE('',#3282,#3283);
#3282 = CARTESIAN_POINT('',(0.,1.));
#3283 = VECTOR('',#3284,1.);
#3284 = DIRECTION('',(1.,0.));
#3285 = ( GEOMETRIC_REPRESENTATION_CONTEXT(2) 
PARAMETRIC_REPRESENTATION_CONTEXT() REPRESENTATION_CONTEXT('2D SPACE',''
  ) );
#3286 = ORIENTED_EDGE('',*,*,#3287,.T.);
#3287 = EDGE_CURVE('',#3259,#3288,#3290,.T.);
#3288 = VERTEX_POINT('',#3289);
#3289 = CARTESIAN_POINT('',(147.516796875,41.636666666667,0.));
#3290 = SURFACE_CURVE('',#3291,(#3295,#3301),.PCURVE_S1.);
#3291 = LINE('',#3292,#3293);
#3292 = CARTESIAN_POINT('',(116.5083984375,41.636666666667,0.));
#3293 = VECTOR('',#3294,1.);
#3294 = DIRECTION('',(1.,0.,-0.));
#3295 = PCURVE('',#44,#3296);
#3296 = DEFINITIONAL_REPRESENTATION('',(#3297),#3300);
#3297 = B_SPLINE_CURVE_WITH_KNOTS('',1,(#3298,#3299),.UNSPECIFIED.,.F.,
  .F.,(2,2),(-7.4451171875,31.0083984375),.PIECEWISE_BEZIER_KNOTS.);
#3298 = CARTESIAN_POINT('',(25.06328125,-6.863333333333));
#3299 = CARTESIAN_POINT('',(63.516796875,-6.863333333333));
#3300 = ( GEOMETRIC_REPRESENTATION_CONTEXT(2) 
PARAMETRIC_REPRESENTATION_CONTEXT() REPRESENTATION_CONTEXT('2D SPACE',''
  ) );
#3301 = PCURVE('',#3302,#3307);
#3302 = PLANE('',#3303);
#3303 = AXIS2_PLACEMENT_3D('',#3304,#3305,#3306);
#3304 = CARTESIAN_POINT('',(149.016796875,41.636666666667,-1.));
#3305 = DIRECTION('',(0.,-1.,0.));
#3306 = DIRECTION('',(-1.,0.,0.));
#3307 = DEFINITIONAL_REPRESENTATION('',(#3308),#3311);
#3308 = B_SPLINE_CURVE_WITH_KNOTS('',1,(#3309,#3310),.UNSPECIFIED.,.F.,
  .F.,(2,2),(-7.4451171875,31.0083984375),.PIECEWISE_BEZIER_KNOTS.);
#3309 = CARTESIAN_POINT('',(39.953515625,-1.));
#3310 = CARTESIAN_POINT('',(1.5,-1.));
#3311 = ( GEOMETRIC_REPRESENTATION_CONTEXT(2) 
PARAMETRIC_REPRESENTATION_CONTEXT() REPRESENTATION_CONTEXT('2D SPACE',''
  ) );
#3312 = ORIENTED_EDGE('',*,*,#3313,.F.);
#3313 = EDGE_CURVE('',#3314,#3288,#3316,.T.);
#3314 = VERTEX_POINT('',#3315);
#3315 = CARTESIAN_POINT('',(149.016796875,40.136666666667,0.));
#3316 = SURFACE_CURVE('',#3317,(#3322,#3329),.PCURVE_S1.);
#3317 = CIRCLE('',#3318,1.5);
#3318 = AXIS2_PLACEMENT_3D('',#3319,#3320,#3321);
#3319 = CARTESIAN_POINT('',(147.516796875,40.136666666667,0.));
#3320 = DIRECTION('',(0.,0.,1.));
#3321 = DIRECTION('',(1.,0.,-0.));
#3322 = PCURVE('',#44,#3323);
#3323 = DEFINITIONAL_REPRESENTATION('',(#3324),#3328);
#3324 = CIRCLE('',#3325,1.5);
#3325 = AXIS2_PLACEMENT_2D('',#3326,#3327);
#3326 = CARTESIAN_POINT('',(63.516796875,-8.363333333333));
#3327 = DIRECTION('',(1.,0.));
#3328 = ( GEOMETRIC_REPRESENTATION_CONTEXT(2) 
PARAMETRIC_REPRESENTATION_CONTEXT() REPRESENTATION_CONTEXT('2D SPACE',''
  ) );
#3329 = PCURVE('',#3330,#3335);
#3330 = CYLINDRICAL_SURFACE('',#3331,1.5);
#3331 = AXIS2_PLACEMENT_3D('',#3332,#3333,#3334);
#3332 = CARTESIAN_POINT('',(147.516796875,40.136666666667,-1.));
#3333 = DIRECTION('',(0.,0.,1.));
#3334 = DIRECTION('',(1.,0.,-0.));
#3335 = DEFINITIONAL_REPRESENTATION('',(#3336),#3340);
#3336 = LINE('',#3337,#3338);
#3337 = CARTESIAN_POINT('',(0.,1.));
#3338 = VECTOR('',#3339,1.);
#3339 = DIRECTION('',(1.,0.));
#3340 = ( GEOMETRIC_REPRESENTATION_CONTEXT(2) 
PARAMETRIC_REPRESENTATION_CONTEXT() REPRESENTATION_CONTEXT('2D SPACE',''
  ) );
#3341 = ORIENTED_EDGE('',*,*,#3342,.T.);
#3342 = EDGE_CURVE('',#3314,#3149,#3343,.T.);
#3343 = SURFACE_CURVE('',#3344,(#3348,#3354),.PCURVE_S1.);
#3344 = LINE('',#3345,#3346);
#3345 = CARTESIAN_POINT('',(149.016796875,38.463333333333,0.));
#3346 = VECTOR('',#3347,1.);
#3347 = DIRECTION('',(0.,-1.,0.));
#3348 = PCURVE('',#44,#3349);
#3349 = DEFINITIONAL_REPRESENTATION('',(#3350),#3353);
#3350 = B_SPLINE_CURVE_WITH_KNOTS('',1,(#3351,#3352),.UNSPECIFIED.,.F.,
  .F.,(2,2),(-1.673333333333,8.536666666667),.PIECEWISE_BEZIER_KNOTS.);
#3351 = CARTESIAN_POINT('',(65.016796875,-8.363333333333));
#3352 = CARTESIAN_POINT('',(65.016796875,-18.57333333333));
#3353 = ( GEOMETRIC_REPRESENTATION_CONTEXT(2) 
PARAMETRIC_REPRESENTATION_CONTEXT() REPRESENTATION_CONTEXT('2D SPACE',''
  ) );
#3354 = PCURVE('',#3355,#3360);
#3355 = PLANE('',#3356);
#3356 = AXIS2_PLACEMENT_3D('',#3357,#3358,#3359);
#3357 = CARTESIAN_POINT('',(149.016796875,28.426666666667,-1.));
#3358 = DIRECTION('',(-1.,0.,0.));
#3359 = DIRECTION('',(0.,1.,0.));
#3360 = DEFINITIONAL_REPRESENTATION('',(#3361),#3364);
#3361 = B_SPLINE_CURVE_WITH_KNOTS('',1,(#3362,#3363),.UNSPECIFIED.,.F.,
  .F.,(2,2),(-1.673333333333,8.536666666667),.PIECEWISE_BEZIER_KNOTS.);
#3362 = CARTESIAN_POINT('',(11.71,-1.));
#3363 = CARTESIAN_POINT('',(1.5,-1.));
#3364 = ( GEOMETRIC_REPRESENTATION_CONTEXT(2) 
PARAMETRIC_REPRESENTATION_CONTEXT() REPRESENTATION_CONTEXT('2D SPACE',''
  ) );
#3365 = FACE_BOUND('',#3366,.F.);
#3366 = EDGE_LOOP('',(#3367,#3398,#3424,#3453,#3479,#3508,#3534,#3563));
#3367 = ORIENTED_EDGE('',*,*,#3368,.F.);
#3368 = EDGE_CURVE('',#3369,#3371,#3373,.T.);
#3369 = VERTEX_POINT('',#3370);
#3370 = CARTESIAN_POINT('',(157.544140625,14.666666666667,0.));
#3371 = VERTEX_POINT('',#3372);
#3372 = CARTESIAN_POINT('',(159.544140625,16.666666666667,0.));
#3373 = SURFACE_CURVE('',#3374,(#3379,#3386),.PCURVE_S1.);
#3374 = CIRCLE('',#3375,2.);
#3375 = AXIS2_PLACEMENT_3D('',#3376,#3377,#3378);
#3376 = CARTESIAN_POINT('',(157.544140625,16.666666666667,0.));
#3377 = DIRECTION('',(0.,0.,1.));
#3378 = DIRECTION('',(0.,-1.,0.));
#3379 = PCURVE('',#44,#3380);
#3380 = DEFINITIONAL_REPRESENTATION('',(#3381),#3385);
#3381 = CIRCLE('',#3382,2.);
#3382 = AXIS2_PLACEMENT_2D('',#3383,#3384);
#3383 = CARTESIAN_POINT('',(73.544140625,-31.83333333333));
#3384 = DIRECTION('',(0.,-1.));
#3385 = ( GEOMETRIC_REPRESENTATION_CONTEXT(2) 
PARAMETRIC_REPRESENTATION_CONTEXT() REPRESENTATION_CONTEXT('2D SPACE',''
  ) );
#3386 = PCURVE('',#3387,#3392);
#3387 = CYLINDRICAL_SURFACE('',#3388,2.);
#3388 = AXIS2_PLACEMENT_3D('',#3389,#3390,#3391);
#3389 = CARTESIAN_POINT('',(157.544140625,16.666666666667,-1.));
#3390 = DIRECTION('',(0.,0.,1.));
#3391 = DIRECTION('',(0.,-1.,0.));
#3392 = DEFINITIONAL_REPRESENTATION('',(#3393),#3397);
#3393 = LINE('',#3394,#3395);
#3394 = CARTESIAN_POINT('',(0.,1.));
#3395 = VECTOR('',#3396,1.);
#3396 = DIRECTION('',(1.,0.));
#3397 = ( GEOMETRIC_REPRESENTATION_CONTEXT(2) 
PARAMETRIC_REPRESENTATION_CONTEXT() REPRESENTATION_CONTEXT('2D SPACE',''
  ) );
#3398 = ORIENTED_EDGE('',*,*,#3399,.T.);
#3399 = EDGE_CURVE('',#3369,#3400,#3402,.T.);
#3400 = VERTEX_POINT('',#3401);
#3401 = CARTESIAN_POINT('',(151.221484375,14.666666666667,0.));
#3402 = SURFACE_CURVE('',#3403,(#3407,#3413),.PCURVE_S1.);
#3403 = LINE('',#3404,#3405);
#3404 = CARTESIAN_POINT('',(116.6107421875,14.666666666667,0.));
#3405 = VECTOR('',#3406,1.);
#3406 = DIRECTION('',(-1.,0.,0.));
#3407 = PCURVE('',#44,#3408);
#3408 = DEFINITIONAL_REPRESENTATION('',(#3409),#3412);
#3409 = B_SPLINE_CURVE_WITH_KNOTS('',1,(#3410,#3411),.UNSPECIFIED.,.F.,
  .F.,(2,2),(-40.9333984375,-34.6107421875),.PIECEWISE_BEZIER_KNOTS.);
#3410 = CARTESIAN_POINT('',(73.544140625,-33.83333333333));
#3411 = CARTESIAN_POINT('',(67.221484375,-33.83333333333));
#3412 = ( GEOMETRIC_REPRESENTATION_CONTEXT(2) 
PARAMETRIC_REPRESENTATION_CONTEXT() REPRESENTATION_CONTEXT('2D SPACE',''
  ) );
#3413 = PCURVE('',#3414,#3419);
#3414 = PLANE('',#3415);
#3415 = AXIS2_PLACEMENT_3D('',#3416,#3417,#3418);
#3416 = CARTESIAN_POINT('',(149.221484375,14.666666666667,-1.));
#3417 = DIRECTION('',(0.,1.,0.));
#3418 = DIRECTION('',(1.,0.,0.));
#3419 = DEFINITIONAL_REPRESENTATION('',(#3420),#3423);
#3420 = B_SPLINE_CURVE_WITH_KNOTS('',1,(#3421,#3422),.UNSPECIFIED.,.F.,
  .F.,(2,2),(-40.9333984375,-34.6107421875),.PIECEWISE_BEZIER_KNOTS.);
#3421 = CARTESIAN_POINT('',(8.32265625,-1.));
#3422 = CARTESIAN_POINT('',(2.,-1.));
#3423 = ( GEOMETRIC_REPRESENTATION_CONTEXT(2) 
PARAMETRIC_REPRESENTATION_CONTEXT() REPRESENTATION_CONTEXT('2D SPACE',''
  ) );
#3424 = ORIENTED_EDGE('',*,*,#3425,.F.);
#3425 = EDGE_CURVE('',#3426,#3400,#3428,.T.);
#3426 = VERTEX_POINT('',#3427);
#3427 = CARTESIAN_POINT('',(149.221484375,16.666666666667,0.));
#3428 = SURFACE_CURVE('',#3429,(#3434,#3441),.PCURVE_S1.);
#3429 = CIRCLE('',#3430,2.);
#3430 = AXIS2_PLACEMENT_3D('',#3431,#3432,#3433);
#3431 = CARTESIAN_POINT('',(151.221484375,16.666666666667,0.));
#3432 = DIRECTION('',(0.,0.,1.));
#3433 = DIRECTION('',(0.,-1.,0.));
#3434 = PCURVE('',#44,#3435);
#3435 = DEFINITIONAL_REPRESENTATION('',(#3436),#3440);
#3436 = CIRCLE('',#3437,2.);
#3437 = AXIS2_PLACEMENT_2D('',#3438,#3439);
#3438 = CARTESIAN_POINT('',(67.221484375,-31.83333333333));
#3439 = DIRECTION('',(0.,-1.));
#3440 = ( GEOMETRIC_REPRESENTATION_CONTEXT(2) 
PARAMETRIC_REPRESENTATION_CONTEXT() REPRESENTATION_CONTEXT('2D SPACE',''
  ) );
#3441 = PCURVE('',#3442,#3447);
#3442 = CYLINDRICAL_SURFACE('',#3443,2.);
#3443 = AXIS2_PLACEMENT_3D('',#3444,#3445,#3446);
#3444 = CARTESIAN_POINT('',(151.221484375,16.666666666667,-1.));
#3445 = DIRECTION('',(0.,0.,1.));
#3446 = DIRECTION('',(0.,-1.,0.));
#3447 = DEFINITIONAL_REPRESENTATION('',(#3448),#3452);
#3448 = LINE('',#3449,#3450);
#3449 = CARTESIAN_POINT('',(-6.28318530718,1.));
#3450 = VECTOR('',#3451,1.);
#3451 = DIRECTION('',(1.,-0.));
#3452 = ( GEOMETRIC_REPRESENTATION_CONTEXT(2) 
PARAMETRIC_REPRESENTATION_CONTEXT() REPRESENTATION_CONTEXT('2D SPACE',''
  ) );
#3453 = ORIENTED_EDGE('',*,*,#3454,.T.);
#3454 = EDGE_CURVE('',#3426,#3455,#3457,.T.);
#3455 = VERTEX_POINT('',#3456);
#3456 = CARTESIAN_POINT('',(149.221484375,33.903333333333,0.));
#3457 = SURFACE_CURVE('',#3458,(#3462,#3468),.PCURVE_S1.);
#3458 = LINE('',#3459,#3460);
#3459 = CARTESIAN_POINT('',(149.221484375,42.201666666667,0.));
#3460 = VECTOR('',#3461,1.);
#3461 = DIRECTION('',(-0.,1.,0.));
#3462 = PCURVE('',#44,#3463);
#3463 = DEFINITIONAL_REPRESENTATION('',(#3464),#3467);
#3464 = B_SPLINE_CURVE_WITH_KNOTS('',1,(#3465,#3466),.UNSPECIFIED.,.F.,
  .F.,(2,2),(-25.535,-8.298333333333),.PIECEWISE_BEZIER_KNOTS.);
#3465 = CARTESIAN_POINT('',(65.221484375,-31.83333333333));
#3466 = CARTESIAN_POINT('',(65.221484375,-14.59666666666));
#3467 = ( GEOMETRIC_REPRESENTATION_CONTEXT(2) 
PARAMETRIC_REPRESENTATION_CONTEXT() REPRESENTATION_CONTEXT('2D SPACE',''
  ) );
#3468 = PCURVE('',#3469,#3474);
#3469 = PLANE('',#3470);
#3470 = AXIS2_PLACEMENT_3D('',#3471,#3472,#3473);
#3471 = CARTESIAN_POINT('',(149.221484375,35.903333333333,-1.));
#3472 = DIRECTION('',(1.,0.,-0.));
#3473 = DIRECTION('',(0.,-1.,0.));
#3474 = DEFINITIONAL_REPRESENTATION('',(#3475),#3478);
#3475 = B_SPLINE_CURVE_WITH_KNOTS('',1,(#3476,#3477),.UNSPECIFIED.,.F.,
  .F.,(2,2),(-25.535,-8.298333333333),.PIECEWISE_BEZIER_KNOTS.);
#3476 = CARTESIAN_POINT('',(19.236666666667,-1.));
#3477 = CARTESIAN_POINT('',(2.,-1.));
#3478 = ( GEOMETRIC_REPRESENTATION_CONTEXT(2) 
PARAMETRIC_REPRESENTATION_CONTEXT() REPRESENTATION_CONTEXT('2D SPACE',''
  ) );
#3479 = ORIENTED_EDGE('',*,*,#3480,.F.);
#3480 = EDGE_CURVE('',#3481,#3455,#3483,.T.);
#3481 = VERTEX_POINT('',#3482);
#3482 = CARTESIAN_POINT('',(151.221484375,35.903333333333,0.));
#3483 = SURFACE_CURVE('',#3484,(#3489,#3496),.PCURVE_S1.);
#3484 = CIRCLE('',#3485,2.);
#3485 = AXIS2_PLACEMENT_3D('',#3486,#3487,#3488);
#3486 = CARTESIAN_POINT('',(151.221484375,33.903333333333,0.));
#3487 = DIRECTION('',(0.,0.,1.));
#3488 = DIRECTION('',(-0.,1.,0.));
#3489 = PCURVE('',#44,#3490);
#3490 = DEFINITIONAL_REPRESENTATION('',(#3491),#3495);
#3491 = CIRCLE('',#3492,2.);
#3492 = AXIS2_PLACEMENT_2D('',#3493,#3494);
#3493 = CARTESIAN_POINT('',(67.221484375,-14.59666666666));
#3494 = DIRECTION('',(0.,1.));
#3495 = ( GEOMETRIC_REPRESENTATION_CONTEXT(2) 
PARAMETRIC_REPRESENTATION_CONTEXT() REPRESENTATION_CONTEXT('2D SPACE',''
  ) );
#3496 = PCURVE('',#3497,#3502);
#3497 = CYLINDRICAL_SURFACE('',#3498,2.);
#3498 = AXIS2_PLACEMENT_3D('',#3499,#3500,#3501);
#3499 = CARTESIAN_POINT('',(151.221484375,33.903333333333,-1.));
#3500 = DIRECTION('',(0.,0.,1.));
#3501 = DIRECTION('',(-0.,1.,0.));
#3502 = DEFINITIONAL_REPRESENTATION('',(#3503),#3507);
#3503 = LINE('',#3504,#3505);
#3504 = CARTESIAN_POINT('',(0.,1.));
#3505 = VECTOR('',#3506,1.);
#3506 = DIRECTION('',(1.,0.));
#3507 = ( GEOMETRIC_REPRESENTATION_CONTEXT(2) 
PARAMETRIC_REPRESENTATION_CONTEXT() REPRESENTATION_CONTEXT('2D SPACE',''
  ) );
#3508 = ORIENTED_EDGE('',*,*,#3509,.T.);
#3509 = EDGE_CURVE('',#3481,#3510,#3512,.T.);
#3510 = VERTEX_POINT('',#3511);
#3511 = CARTESIAN_POINT('',(157.544140625,35.903333333333,0.));
#3512 = SURFACE_CURVE('',#3513,(#3517,#3523),.PCURVE_S1.);
#3513 = LINE('',#3514,#3515);
#3514 = CARTESIAN_POINT('',(121.7720703125,35.903333333333,0.));
#3515 = VECTOR('',#3516,1.);
#3516 = DIRECTION('',(1.,0.,-0.));
#3517 = PCURVE('',#44,#3518);
#3518 = DEFINITIONAL_REPRESENTATION('',(#3519),#3522);
#3519 = B_SPLINE_CURVE_WITH_KNOTS('',1,(#3520,#3521),.UNSPECIFIED.,.F.,
  .F.,(2,2),(29.4494140625,35.7720703125),.PIECEWISE_BEZIER_KNOTS.);
#3520 = CARTESIAN_POINT('',(67.221484375,-12.59666666666));
#3521 = CARTESIAN_POINT('',(73.544140625,-12.59666666666));
#3522 = ( GEOMETRIC_REPRESENTATION_CONTEXT(2) 
PARAMETRIC_REPRESENTATION_CONTEXT() REPRESENTATION_CONTEXT('2D SPACE',''
  ) );
#3523 = PCURVE('',#3524,#3529);
#3524 = PLANE('',#3525);
#3525 = AXIS2_PLACEMENT_3D('',#3526,#3527,#3528);
#3526 = CARTESIAN_POINT('',(159.544140625,35.903333333333,-1.));
#3527 = DIRECTION('',(0.,-1.,0.));
#3528 = DIRECTION('',(-1.,0.,0.));
#3529 = DEFINITIONAL_REPRESENTATION('',(#3530),#3533);
#3530 = B_SPLINE_CURVE_WITH_KNOTS('',1,(#3531,#3532),.UNSPECIFIED.,.F.,
  .F.,(2,2),(29.4494140625,35.7720703125),.PIECEWISE_BEZIER_KNOTS.);
#3531 = CARTESIAN_POINT('',(8.32265625,-1.));
#3532 = CARTESIAN_POINT('',(2.,-1.));
#3533 = ( GEOMETRIC_REPRESENTATION_CONTEXT(2) 
PARAMETRIC_REPRESENTATION_CONTEXT() REPRESENTATION_CONTEXT('2D SPACE',''
  ) );
#3534 = ORIENTED_EDGE('',*,*,#3535,.F.);
#3535 = EDGE_CURVE('',#3536,#3510,#3538,.T.);
#3536 = VERTEX_POINT('',#3537);
#3537 = CARTESIAN_POINT('',(159.544140625,33.903333333333,0.));
#3538 = SURFACE_CURVE('',#3539,(#3544,#3551),.PCURVE_S1.);
#3539 = CIRCLE('',#3540,2.);
#3540 = AXIS2_PLACEMENT_3D('',#3541,#3542,#3543);
#3541 = CARTESIAN_POINT('',(157.544140625,33.903333333333,0.));
#3542 = DIRECTION('',(0.,0.,1.));
#3543 = DIRECTION('',(1.,0.,-0.));
#3544 = PCURVE('',#44,#3545);
#3545 = DEFINITIONAL_REPRESENTATION('',(#3546),#3550);
#3546 = CIRCLE('',#3547,2.);
#3547 = AXIS2_PLACEMENT_2D('',#3548,#3549);
#3548 = CARTESIAN_POINT('',(73.544140625,-14.59666666666));
#3549 = DIRECTION('',(1.,0.));
#3550 = ( GEOMETRIC_REPRESENTATION_CONTEXT(2) 
PARAMETRIC_REPRESENTATION_CONTEXT() REPRESENTATION_CONTEXT('2D SPACE',''
  ) );
#3551 = PCURVE('',#3552,#3557);
#3552 = CYLINDRICAL_SURFACE('',#3553,2.);
#3553 = AXIS2_PLACEMENT_3D('',#3554,#3555,#3556);
#3554 = CARTESIAN_POINT('',(157.544140625,33.903333333333,-1.));
#3555 = DIRECTION('',(0.,0.,1.));
#3556 = DIRECTION('',(1.,0.,-0.));
#3557 = DEFINITIONAL_REPRESENTATION('',(#3558),#3562);
#3558 = LINE('',#3559,#3560);
#3559 = CARTESIAN_POINT('',(0.,1.));
#3560 = VECTOR('',#3561,1.);
#3561 = DIRECTION('',(1.,0.));
#3562 = ( GEOMETRIC_REPRESENTATION_CONTEXT(2) 
PARAMETRIC_REPRESENTATION_CONTEXT() REPRESENTATION_CONTEXT('2D SPACE',''
  ) );
#3563 = ORIENTED_EDGE('',*,*,#3564,.T.);
#3564 = EDGE_CURVE('',#3536,#3371,#3565,.T.);
#3565 = SURFACE_CURVE('',#3566,(#3570,#3576),.PCURVE_S1.);
#3566 = LINE('',#3567,#3568);
#3567 = CARTESIAN_POINT('',(159.544140625,31.583333333333,0.));
#3568 = VECTOR('',#3569,1.);
#3569 = DIRECTION('',(0.,-1.,0.));
#3570 = PCURVE('',#44,#3571);
#3571 = DEFINITIONAL_REPRESENTATION('',(#3572),#3575);
#3572 = B_SPLINE_CURVE_WITH_KNOTS('',1,(#3573,#3574),.UNSPECIFIED.,.F.,
  .F.,(2,2),(-2.32,14.916666666667),.PIECEWISE_BEZIER_KNOTS.);
#3573 = CARTESIAN_POINT('',(75.544140625,-14.59666666666));
#3574 = CARTESIAN_POINT('',(75.544140625,-31.83333333333));
#3575 = ( GEOMETRIC_REPRESENTATION_CONTEXT(2) 
PARAMETRIC_REPRESENTATION_CONTEXT() REPRESENTATION_CONTEXT('2D SPACE',''
  ) );
#3576 = PCURVE('',#3577,#3582);
#3577 = PLANE('',#3578);
#3578 = AXIS2_PLACEMENT_3D('',#3579,#3580,#3581);
#3579 = CARTESIAN_POINT('',(159.544140625,14.666666666667,-1.));
#3580 = DIRECTION('',(-1.,0.,0.));
#3581 = DIRECTION('',(0.,1.,0.));
#3582 = DEFINITIONAL_REPRESENTATION('',(#3583),#3586);
#3583 = B_SPLINE_CURVE_WITH_KNOTS('',1,(#3584,#3585),.UNSPECIFIED.,.F.,
  .F.,(2,2),(-2.32,14.916666666667),.PIECEWISE_BEZIER_KNOTS.);
#3584 = CARTESIAN_POINT('',(19.236666666667,-1.));
#3585 = CARTESIAN_POINT('',(2.,-1.));
#3586 = ( GEOMETRIC_REPRESENTATION_CONTEXT(2) 
PARAMETRIC_REPRESENTATION_CONTEXT() REPRESENTATION_CONTEXT('2D SPACE',''
  ) );
#3587 = FACE_BOUND('',#3588,.F.);
#3588 = EDGE_LOOP('',(#3589,#3617,#3646,#3672,#3701,#3727,#3756,#3782,
    #3811,#3837));
#3589 = ORIENTED_EDGE('',*,*,#3590,.T.);
#3590 = EDGE_CURVE('',#3591,#3593,#3595,.T.);
#3591 = VERTEX_POINT('',#3592);
#3592 = CARTESIAN_POINT('',(11.260546875,81.196666666667,0.));
#3593 = VERTEX_POINT('',#3594);
#3594 = CARTESIAN_POINT('',(11.593371037698,81.196666666667,0.));
#3595 = SURFACE_CURVE('',#3596,(#3600,#3606),.PCURVE_S1.);
#3596 = LINE('',#3597,#3598);
#3597 = CARTESIAN_POINT('',(50.4869140625,81.196666666667,0.));
#3598 = VECTOR('',#3599,1.);
#3599 = DIRECTION('',(1.,0.,-0.));
#3600 = PCURVE('',#44,#3601);
#3601 = DEFINITIONAL_REPRESENTATION('',(#3602),#3605);
#3602 = B_SPLINE_CURVE_WITH_KNOTS('',1,(#3603,#3604),.UNSPECIFIED.,.F.,
  .F.,(2,2),(-39.2263671875,-34.5130859375),.PIECEWISE_BEZIER_KNOTS.);
#3603 = CARTESIAN_POINT('',(-72.739453125,32.696666666667));
#3604 = CARTESIAN_POINT('',(-68.026171875,32.696666666667));
#3605 = ( GEOMETRIC_REPRESENTATION_CONTEXT(2) 
PARAMETRIC_REPRESENTATION_CONTEXT() REPRESENTATION_CONTEXT('2D SPACE',''
  ) );
#3606 = PCURVE('',#3607,#3612);
#3607 = PLANE('',#3608);
#3608 = AXIS2_PLACEMENT_3D('',#3609,#3610,#3611);
#3609 = CARTESIAN_POINT('',(16.973828125,81.196666666667,-1.));
#3610 = DIRECTION('',(0.,-1.,0.));
#3611 = DIRECTION('',(-1.,0.,0.));
#3612 = DEFINITIONAL_REPRESENTATION('',(#3613),#3616);
#3613 = B_SPLINE_CURVE_WITH_KNOTS('',1,(#3614,#3615),.UNSPECIFIED.,.F.,
  .F.,(2,2),(-39.2263671875,-34.5130859375),.PIECEWISE_BEZIER_KNOTS.);
#3614 = CARTESIAN_POINT('',(5.71328125,-1.));
#3615 = CARTESIAN_POINT('',(1.,-1.));
#3616 = ( GEOMETRIC_REPRESENTATION_CONTEXT(2) 
PARAMETRIC_REPRESENTATION_CONTEXT() REPRESENTATION_CONTEXT('2D SPACE',''
  ) );
#3617 = ORIENTED_EDGE('',*,*,#3618,.F.);
#3618 = EDGE_CURVE('',#3619,#3593,#3621,.T.);
#3619 = VERTEX_POINT('',#3620);
#3620 = CARTESIAN_POINT('',(15.641003962302,81.196666666667,0.));
#3621 = SURFACE_CURVE('',#3622,(#3627,#3634),.PCURVE_S1.);
#3622 = CIRCLE('',#3623,2.996653645833);
#3623 = AXIS2_PLACEMENT_3D('',#3624,#3625,#3626);
#3624 = CARTESIAN_POINT('',(13.6171875,83.406666666667,0.));
#3625 = DIRECTION('',(-0.,0.,1.));
#3626 = DIRECTION('',(0.675358817365,-0.737489300131,0.));
#3627 = PCURVE('',#44,#3628);
#3628 = DEFINITIONAL_REPRESENTATION('',(#3629),#3633);
#3629 = CIRCLE('',#3630,2.996653645833);
#3630 = AXIS2_PLACEMENT_2D('',#3631,#3632);
#3631 = CARTESIAN_POINT('',(-70.3828125,34.906666666667));
#3632 = DIRECTION('',(0.675358817365,-0.737489300131));
#3633 = ( GEOMETRIC_REPRESENTATION_CONTEXT(2) 
PARAMETRIC_REPRESENTATION_CONTEXT() REPRESENTATION_CONTEXT('2D SPACE',''
  ) );
#3634 = PCURVE('',#3635,#3640);
#3635 = CYLINDRICAL_SURFACE('',#3636,2.996653645833);
#3636 = AXIS2_PLACEMENT_3D('',#3637,#3638,#3639);
#3637 = CARTESIAN_POINT('',(13.6171875,83.406666666667,-1.));
#3638 = DIRECTION('',(-0.,-0.,-1.));
#3639 = DIRECTION('',(1.,0.,0.));
#3640 = DEFINITIONAL_REPRESENTATION('',(#3641),#3645);
#3641 = LINE('',#3642,#3643);
#3642 = CARTESIAN_POINT('',(-5.453840113346,-1.));
#3643 = VECTOR('',#3644,1.);
#3644 = DIRECTION('',(-1.,-0.));
#3645 = ( GEOMETRIC_REPRESENTATION_CONTEXT(2) 
PARAMETRIC_REPRESENTATION_CONTEXT() REPRESENTATION_CONTEXT('2D SPACE',''
  ) );
#3646 = ORIENTED_EDGE('',*,*,#3647,.T.);
#3647 = EDGE_CURVE('',#3619,#3648,#3650,.T.);
#3648 = VERTEX_POINT('',#3649);
#3649 = CARTESIAN_POINT('',(15.973828125,81.196666666667,0.));
#3650 = SURFACE_CURVE('',#3651,(#3655,#3661),.PCURVE_S1.);
#3651 = LINE('',#3652,#3653);
#3652 = CARTESIAN_POINT('',(50.4869140625,81.196666666667,0.));
#3653 = VECTOR('',#3654,1.);
#3654 = DIRECTION('',(1.,0.,-0.));
#3655 = PCURVE('',#44,#3656);
#3656 = DEFINITIONAL_REPRESENTATION('',(#3657),#3660);
#3657 = B_SPLINE_CURVE_WITH_KNOTS('',1,(#3658,#3659),.UNSPECIFIED.,.F.,
  .F.,(2,2),(-39.2263671875,-34.5130859375),.PIECEWISE_BEZIER_KNOTS.);
#3658 = CARTESIAN_POINT('',(-72.739453125,32.696666666667));
#3659 = CARTESIAN_POINT('',(-68.026171875,32.696666666667));
#3660 = ( GEOMETRIC_REPRESENTATION_CONTEXT(2) 
PARAMETRIC_REPRESENTATION_CONTEXT() REPRESENTATION_CONTEXT('2D SPACE',''
  ) );
#3661 = PCURVE('',#3662,#3667);
#3662 = PLANE('',#3663);
#3663 = AXIS2_PLACEMENT_3D('',#3664,#3665,#3666);
#3664 = CARTESIAN_POINT('',(16.973828125,81.196666666667,-1.));
#3665 = DIRECTION('',(0.,-1.,0.));
#3666 = DIRECTION('',(-1.,0.,0.));
#3667 = DEFINITIONAL_REPRESENTATION('',(#3668),#3671);
#3668 = B_SPLINE_CURVE_WITH_KNOTS('',1,(#3669,#3670),.UNSPECIFIED.,.F.,
  .F.,(2,2),(-39.2263671875,-34.5130859375),.PIECEWISE_BEZIER_KNOTS.);
#3669 = CARTESIAN_POINT('',(5.71328125,-1.));
#3670 = CARTESIAN_POINT('',(1.,-1.));
#3671 = ( GEOMETRIC_REPRESENTATION_CONTEXT(2) 
PARAMETRIC_REPRESENTATION_CONTEXT() REPRESENTATION_CONTEXT('2D SPACE',''
  ) );
#3672 = ORIENTED_EDGE('',*,*,#3673,.F.);
#3673 = EDGE_CURVE('',#3674,#3648,#3676,.T.);
#3674 = VERTEX_POINT('',#3675);
#3675 = CARTESIAN_POINT('',(16.973828125,80.196666666667,0.));
#3676 = SURFACE_CURVE('',#3677,(#3682,#3689),.PCURVE_S1.);
#3677 = CIRCLE('',#3678,1.);
#3678 = AXIS2_PLACEMENT_3D('',#3679,#3680,#3681);
#3679 = CARTESIAN_POINT('',(15.973828125,80.196666666667,0.));
#3680 = DIRECTION('',(0.,0.,1.));
#3681 = DIRECTION('',(1.,0.,-0.));
#3682 = PCURVE('',#44,#3683);
#3683 = DEFINITIONAL_REPRESENTATION('',(#3684),#3688);
#3684 = CIRCLE('',#3685,1.);
#3685 = AXIS2_PLACEMENT_2D('',#3686,#3687);
#3686 = CARTESIAN_POINT('',(-68.026171875,31.696666666667));
#3687 = DIRECTION('',(1.,0.));
#3688 = ( GEOMETRIC_REPRESENTATION_CONTEXT(2) 
PARAMETRIC_REPRESENTATION_CONTEXT() REPRESENTATION_CONTEXT('2D SPACE',''
  ) );
#3689 = PCURVE('',#3690,#3695);
#3690 = CYLINDRICAL_SURFACE('',#3691,1.);
#3691 = AXIS2_PLACEMENT_3D('',#3692,#3693,#3694);
#3692 = CARTESIAN_POINT('',(15.973828125,80.196666666667,-1.));
#3693 = DIRECTION('',(0.,0.,1.));
#3694 = DIRECTION('',(1.,0.,-0.));
#3695 = DEFINITIONAL_REPRESENTATION('',(#3696),#3700);
#3696 = LINE('',#3697,#3698);
#3697 = CARTESIAN_POINT('',(0.,1.));
#3698 = VECTOR('',#3699,1.);
#3699 = DIRECTION('',(1.,0.));
#3700 = ( GEOMETRIC_REPRESENTATION_CONTEXT(2) 
PARAMETRIC_REPRESENTATION_CONTEXT() REPRESENTATION_CONTEXT('2D SPACE',''
  ) );
#3701 = ORIENTED_EDGE('',*,*,#3702,.T.);
#3702 = EDGE_CURVE('',#3674,#3703,#3705,.T.);
#3703 = VERTEX_POINT('',#3704);
#3704 = CARTESIAN_POINT('',(16.973828125,71.28,0.));
#3705 = SURFACE_CURVE('',#3706,(#3710,#3716),.PCURVE_S1.);
#3706 = LINE('',#3707,#3708);
#3707 = CARTESIAN_POINT('',(16.973828125,59.39,0.));
#3708 = VECTOR('',#3709,1.);
#3709 = DIRECTION('',(0.,-1.,0.));
#3710 = PCURVE('',#44,#3711);
#3711 = DEFINITIONAL_REPRESENTATION('',(#3712),#3715);
#3712 = B_SPLINE_CURVE_WITH_KNOTS('',1,(#3713,#3714),.UNSPECIFIED.,.F.,
  .F.,(2,2),(-20.80666666666,-11.89),.PIECEWISE_BEZIER_KNOTS.);
#3713 = CARTESIAN_POINT('',(-67.026171875,31.696666666667));
#3714 = CARTESIAN_POINT('',(-67.026171875,22.78));
#3715 = ( GEOMETRIC_REPRESENTATION_CONTEXT(2) 
PARAMETRIC_REPRESENTATION_CONTEXT() REPRESENTATION_CONTEXT('2D SPACE',''
  ) );
#3716 = PCURVE('',#3717,#3722);
#3717 = PLANE('',#3718);
#3718 = AXIS2_PLACEMENT_3D('',#3719,#3720,#3721);
#3719 = CARTESIAN_POINT('',(16.973828125,70.28,-1.));
#3720 = DIRECTION('',(-1.,0.,0.));
#3721 = DIRECTION('',(0.,1.,0.));
#3722 = DEFINITIONAL_REPRESENTATION('',(#3723),#3726);
#3723 = B_SPLINE_CURVE_WITH_KNOTS('',1,(#3724,#3725),.UNSPECIFIED.,.F.,
  .F.,(2,2),(-20.80666666666,-11.89),.PIECEWISE_BEZIER_KNOTS.);
#3724 = CARTESIAN_POINT('',(9.916666666667,-1.));
#3725 = CARTESIAN_POINT('',(1.,-1.));
#3726 = ( GEOMETRIC_REPRESENTATION_CONTEXT(2) 
PARAMETRIC_REPRESENTATION_CONTEXT() REPRESENTATION_CONTEXT('2D SPACE',''
  ) );
#3727 = ORIENTED_EDGE('',*,*,#3728,.F.);
#3728 = EDGE_CURVE('',#3729,#3703,#3731,.T.);
#3729 = VERTEX_POINT('',#3730);
#3730 = CARTESIAN_POINT('',(15.973828125,70.28,0.));
#3731 = SURFACE_CURVE('',#3732,(#3737,#3744),.PCURVE_S1.);
#3732 = CIRCLE('',#3733,1.);
#3733 = AXIS2_PLACEMENT_3D('',#3734,#3735,#3736);
#3734 = CARTESIAN_POINT('',(15.973828125,71.28,0.));
#3735 = DIRECTION('',(0.,0.,1.));
#3736 = DIRECTION('',(0.,-1.,0.));
#3737 = PCURVE('',#44,#3738);
#3738 = DEFINITIONAL_REPRESENTATION('',(#3739),#3743);
#3739 = CIRCLE('',#3740,1.);
#3740 = AXIS2_PLACEMENT_2D('',#3741,#3742);
#3741 = CARTESIAN_POINT('',(-68.026171875,22.78));
#3742 = DIRECTION('',(0.,-1.));
#3743 = ( GEOMETRIC_REPRESENTATION_CONTEXT(2) 
PARAMETRIC_REPRESENTATION_CONTEXT() REPRESENTATION_CONTEXT('2D SPACE',''
  ) );
#3744 = PCURVE('',#3745,#3750);
#3745 = CYLINDRICAL_SURFACE('',#3746,1.);
#3746 = AXIS2_PLACEMENT_3D('',#3747,#3748,#3749);
#3747 = CARTESIAN_POINT('',(15.973828125,71.28,-1.));
#3748 = DIRECTION('',(0.,0.,1.));
#3749 = DIRECTION('',(0.,-1.,0.));
#3750 = DEFINITIONAL_REPRESENTATION('',(#3751),#3755);
#3751 = LINE('',#3752,#3753);
#3752 = CARTESIAN_POINT('',(0.,1.));
#3753 = VECTOR('',#3754,1.);
#3754 = DIRECTION('',(1.,0.));
#3755 = ( GEOMETRIC_REPRESENTATION_CONTEXT(2) 
PARAMETRIC_REPRESENTATION_CONTEXT() REPRESENTATION_CONTEXT('2D SPACE',''
  ) );
#3756 = ORIENTED_EDGE('',*,*,#3757,.T.);
#3757 = EDGE_CURVE('',#3729,#3758,#3760,.T.);
#3758 = VERTEX_POINT('',#3759);
#3759 = CARTESIAN_POINT('',(11.260546875,70.28,0.));
#3760 = SURFACE_CURVE('',#3761,(#3765,#3771),.PCURVE_S1.);
#3761 = LINE('',#3762,#3763);
#3762 = CARTESIAN_POINT('',(47.1302734375,70.28,0.));
#3763 = VECTOR('',#3764,1.);
#3764 = DIRECTION('',(-1.,0.,0.));
#3765 = PCURVE('',#44,#3766);
#3766 = DEFINITIONAL_REPRESENTATION('',(#3767),#3770);
#3767 = B_SPLINE_CURVE_WITH_KNOTS('',1,(#3768,#3769),.UNSPECIFIED.,.F.,
  .F.,(2,2),(31.1564453125,35.8697265625),.PIECEWISE_BEZIER_KNOTS.);
#3768 = CARTESIAN_POINT('',(-68.026171875,21.78));
#3769 = CARTESIAN_POINT('',(-72.739453125,21.78));
#3770 = ( GEOMETRIC_REPRESENTATION_CONTEXT(2) 
PARAMETRIC_REPRESENTATION_CONTEXT() REPRESENTATION_CONTEXT('2D SPACE',''
  ) );
#3771 = PCURVE('',#3772,#3777);
#3772 = PLANE('',#3773);
#3773 = AXIS2_PLACEMENT_3D('',#3774,#3775,#3776);
#3774 = CARTESIAN_POINT('',(10.260546875,70.28,-1.));
#3775 = DIRECTION('',(0.,1.,0.));
#3776 = DIRECTION('',(1.,0.,0.));
#3777 = DEFINITIONAL_REPRESENTATION('',(#3778),#3781);
#3778 = B_SPLINE_CURVE_WITH_KNOTS('',1,(#3779,#3780),.UNSPECIFIED.,.F.,
  .F.,(2,2),(31.1564453125,35.8697265625),.PIECEWISE_BEZIER_KNOTS.);
#3779 = CARTESIAN_POINT('',(5.71328125,-1.));
#3780 = CARTESIAN_POINT('',(1.,-1.));
#3781 = ( GEOMETRIC_REPRESENTATION_CONTEXT(2) 
PARAMETRIC_REPRESENTATION_CONTEXT() REPRESENTATION_CONTEXT('2D SPACE',''
  ) );
#3782 = ORIENTED_EDGE('',*,*,#3783,.F.);
#3783 = EDGE_CURVE('',#3784,#3758,#3786,.T.);
#3784 = VERTEX_POINT('',#3785);
#3785 = CARTESIAN_POINT('',(10.260546875,71.28,0.));
#3786 = SURFACE_CURVE('',#3787,(#3792,#3799),.PCURVE_S1.);
#3787 = CIRCLE('',#3788,1.);
#3788 = AXIS2_PLACEMENT_3D('',#3789,#3790,#3791);
#3789 = CARTESIAN_POINT('',(11.260546875,71.28,0.));
#3790 = DIRECTION('',(0.,0.,1.));
#3791 = DIRECTION('',(0.,-1.,0.));
#3792 = PCURVE('',#44,#3793);
#3793 = DEFINITIONAL_REPRESENTATION('',(#3794),#3798);
#3794 = CIRCLE('',#3795,1.);
#3795 = AXIS2_PLACEMENT_2D('',#3796,#3797);
#3796 = CARTESIAN_POINT('',(-72.739453125,22.78));
#3797 = DIRECTION('',(0.,-1.));
#3798 = ( GEOMETRIC_REPRESENTATION_CONTEXT(2) 
PARAMETRIC_REPRESENTATION_CONTEXT() REPRESENTATION_CONTEXT('2D SPACE',''
  ) );
#3799 = PCURVE('',#3800,#3805);
#3800 = CYLINDRICAL_SURFACE('',#3801,1.);
#3801 = AXIS2_PLACEMENT_3D('',#3802,#3803,#3804);
#3802 = CARTESIAN_POINT('',(11.260546875,71.28,-1.));
#3803 = DIRECTION('',(0.,0.,1.));
#3804 = DIRECTION('',(0.,-1.,0.));
#3805 = DEFINITIONAL_REPRESENTATION('',(#3806),#3810);
#3806 = LINE('',#3807,#3808);
#3807 = CARTESIAN_POINT('',(-6.28318530718,1.));
#3808 = VECTOR('',#3809,1.);
#3809 = DIRECTION('',(1.,-0.));
#3810 = ( GEOMETRIC_REPRESENTATION_CONTEXT(2) 
PARAMETRIC_REPRESENTATION_CONTEXT() REPRESENTATION_CONTEXT('2D SPACE',''
  ) );
#3811 = ORIENTED_EDGE('',*,*,#3812,.T.);
#3812 = EDGE_CURVE('',#3784,#3813,#3815,.T.);
#3813 = VERTEX_POINT('',#3814);
#3814 = CARTESIAN_POINT('',(10.260546875,80.196666666667,0.));
#3815 = SURFACE_CURVE('',#3816,(#3820,#3826),.PCURVE_S1.);
#3816 = LINE('',#3817,#3818);
#3817 = CARTESIAN_POINT('',(10.260546875,64.848333333333,0.));
#3818 = VECTOR('',#3819,1.);
#3819 = DIRECTION('',(-0.,1.,0.));
#3820 = PCURVE('',#44,#3821);
#3821 = DEFINITIONAL_REPRESENTATION('',(#3822),#3825);
#3822 = B_SPLINE_CURVE_WITH_KNOTS('',1,(#3823,#3824),.UNSPECIFIED.,.F.,
  .F.,(2,2),(6.431666666667,15.348333333333),.PIECEWISE_BEZIER_KNOTS.);
#3823 = CARTESIAN_POINT('',(-73.739453125,22.78));
#3824 = CARTESIAN_POINT('',(-73.739453125,31.696666666667));
#3825 = ( GEOMETRIC_REPRESENTATION_CONTEXT(2) 
PARAMETRIC_REPRESENTATION_CONTEXT() REPRESENTATION_CONTEXT('2D SPACE',''
  ) );
#3826 = PCURVE('',#3827,#3832);
#3827 = PLANE('',#3828);
#3828 = AXIS2_PLACEMENT_3D('',#3829,#3830,#3831);
#3829 = CARTESIAN_POINT('',(10.260546875,81.196666666667,-1.));
#3830 = DIRECTION('',(1.,0.,-0.));
#3831 = DIRECTION('',(0.,-1.,0.));
#3832 = DEFINITIONAL_REPRESENTATION('',(#3833),#3836);
#3833 = B_SPLINE_CURVE_WITH_KNOTS('',1,(#3834,#3835),.UNSPECIFIED.,.F.,
  .F.,(2,2),(6.431666666667,15.348333333333),.PIECEWISE_BEZIER_KNOTS.);
#3834 = CARTESIAN_POINT('',(9.916666666667,-1.));
#3835 = CARTESIAN_POINT('',(1.,-1.));
#3836 = ( GEOMETRIC_REPRESENTATION_CONTEXT(2) 
PARAMETRIC_REPRESENTATION_CONTEXT() REPRESENTATION_CONTEXT('2D SPACE',''
  ) );
#3837 = ORIENTED_EDGE('',*,*,#3838,.F.);
#3838 = EDGE_CURVE('',#3591,#3813,#3839,.T.);
#3839 = SURFACE_CURVE('',#3840,(#3845,#3852),.PCURVE_S1.);
#3840 = CIRCLE('',#3841,1.);
#3841 = AXIS2_PLACEMENT_3D('',#3842,#3843,#3844);
#3842 = CARTESIAN_POINT('',(11.260546875,80.196666666667,0.));
#3843 = DIRECTION('',(0.,0.,1.));
#3844 = DIRECTION('',(-0.,1.,0.));
#3845 = PCURVE('',#44,#3846);
#3846 = DEFINITIONAL_REPRESENTATION('',(#3847),#3851);
#3847 = CIRCLE('',#3848,1.);
#3848 = AXIS2_PLACEMENT_2D('',#3849,#3850);
#3849 = CARTESIAN_POINT('',(-72.739453125,31.696666666667));
#3850 = DIRECTION('',(0.,1.));
#3851 = ( GEOMETRIC_REPRESENTATION_CONTEXT(2) 
PARAMETRIC_REPRESENTATION_CONTEXT() REPRESENTATION_CONTEXT('2D SPACE',''
  ) );
#3852 = PCURVE('',#3853,#3858);
#3853 = CYLINDRICAL_SURFACE('',#3854,1.);
#3854 = AXIS2_PLACEMENT_3D('',#3855,#3856,#3857);
#3855 = CARTESIAN_POINT('',(11.260546875,80.196666666667,-1.));
#3856 = DIRECTION('',(0.,0.,1.));
#3857 = DIRECTION('',(-0.,1.,0.));
#3858 = DEFINITIONAL_REPRESENTATION('',(#3859),#3863);
#3859 = LINE('',#3860,#3861);
#3860 = CARTESIAN_POINT('',(0.,1.));
#3861 = VECTOR('',#3862,1.);
#3862 = DIRECTION('',(1.,0.));
#3863 = ( GEOMETRIC_REPRESENTATION_CONTEXT(2) 
PARAMETRIC_REPRESENTATION_CONTEXT() REPRESENTATION_CONTEXT('2D SPACE',''
  ) );
#3864 = FACE_BOUND('',#3865,.F.);
#3865 = EDGE_LOOP('',(#3866,#3897,#3923,#3952,#3978,#4007,#4033,#4062));
#3866 = ORIENTED_EDGE('',*,*,#3867,.F.);
#3867 = EDGE_CURVE('',#3868,#3870,#3872,.T.);
#3868 = VERTEX_POINT('',#3869);
#3869 = CARTESIAN_POINT('',(91.221875,70.566666666667,0.));
#3870 = VERTEX_POINT('',#3871);
#3871 = CARTESIAN_POINT('',(93.221875,72.566666666667,0.));
#3872 = SURFACE_CURVE('',#3873,(#3878,#3885),.PCURVE_S1.);
#3873 = CIRCLE('',#3874,2.);
#3874 = AXIS2_PLACEMENT_3D('',#3875,#3876,#3877);
#3875 = CARTESIAN_POINT('',(91.221875,72.566666666667,0.));
#3876 = DIRECTION('',(0.,0.,1.));
#3877 = DIRECTION('',(0.,-1.,0.));
#3878 = PCURVE('',#44,#3879);
#3879 = DEFINITIONAL_REPRESENTATION('',(#3880),#3884);
#3880 = CIRCLE('',#3881,2.);
#3881 = AXIS2_PLACEMENT_2D('',#3882,#3883);
#3882 = CARTESIAN_POINT('',(7.221875,24.066666666667));
#3883 = DIRECTION('',(0.,-1.));
#3884 = ( GEOMETRIC_REPRESENTATION_CONTEXT(2) 
PARAMETRIC_REPRESENTATION_CONTEXT() REPRESENTATION_CONTEXT('2D SPACE',''
  ) );
#3885 = PCURVE('',#3886,#3891);
#3886 = CYLINDRICAL_SURFACE('',#3887,2.);
#3887 = AXIS2_PLACEMENT_3D('',#3888,#3889,#3890);
#3888 = CARTESIAN_POINT('',(91.221875,72.566666666667,-1.));
#3889 = DIRECTION('',(0.,0.,1.));
#3890 = DIRECTION('',(0.,-1.,0.));
#3891 = DEFINITIONAL_REPRESENTATION('',(#3892),#3896);
#3892 = LINE('',#3893,#3894);
#3893 = CARTESIAN_POINT('',(0.,1.));
#3894 = VECTOR('',#3895,1.);
#3895 = DIRECTION('',(1.,0.));
#3896 = ( GEOMETRIC_REPRESENTATION_CONTEXT(2) 
PARAMETRIC_REPRESENTATION_CONTEXT() REPRESENTATION_CONTEXT('2D SPACE',''
  ) );
#3897 = ORIENTED_EDGE('',*,*,#3898,.T.);
#3898 = EDGE_CURVE('',#3868,#3899,#3901,.T.);
#3899 = VERTEX_POINT('',#3900);
#3900 = CARTESIAN_POINT('',(20.983203125,70.566666666667,0.));
#3901 = SURFACE_CURVE('',#3902,(#3906,#3912),.PCURVE_S1.);
#3902 = LINE('',#3903,#3904);
#3903 = CARTESIAN_POINT('',(51.4916015625,70.566666666667,0.));
#3904 = VECTOR('',#3905,1.);
#3905 = DIRECTION('',(-1.,0.,0.));
#3906 = PCURVE('',#44,#3907);
#3907 = DEFINITIONAL_REPRESENTATION('',(#3908),#3911);
#3908 = B_SPLINE_CURVE_WITH_KNOTS('',1,(#3909,#3910),.UNSPECIFIED.,.F.,
  .F.,(2,2),(-39.7302734375,30.5083984375),.PIECEWISE_BEZIER_KNOTS.);
#3909 = CARTESIAN_POINT('',(7.221875,22.066666666667));
#3910 = CARTESIAN_POINT('',(-63.016796875,22.066666666667));
#3911 = ( GEOMETRIC_REPRESENTATION_CONTEXT(2) 
PARAMETRIC_REPRESENTATION_CONTEXT() REPRESENTATION_CONTEXT('2D SPACE',''
  ) );
#3912 = PCURVE('',#3913,#3918);
#3913 = PLANE('',#3914);
#3914 = AXIS2_PLACEMENT_3D('',#3915,#3916,#3917);
#3915 = CARTESIAN_POINT('',(18.983203125,70.566666666667,-1.));
#3916 = DIRECTION('',(0.,1.,0.));
#3917 = DIRECTION('',(1.,0.,0.));
#3918 = DEFINITIONAL_REPRESENTATION('',(#3919),#3922);
#3919 = B_SPLINE_CURVE_WITH_KNOTS('',1,(#3920,#3921),.UNSPECIFIED.,.F.,
  .F.,(2,2),(-39.7302734375,30.5083984375),.PIECEWISE_BEZIER_KNOTS.);
#3920 = CARTESIAN_POINT('',(72.238671875,-1.));
#3921 = CARTESIAN_POINT('',(2.,-1.));
#3922 = ( GEOMETRIC_REPRESENTATION_CONTEXT(2) 
PARAMETRIC_REPRESENTATION_CONTEXT() REPRESENTATION_CONTEXT('2D SPACE',''
  ) );
#3923 = ORIENTED_EDGE('',*,*,#3924,.F.);
#3924 = EDGE_CURVE('',#3925,#3899,#3927,.T.);
#3925 = VERTEX_POINT('',#3926);
#3926 = CARTESIAN_POINT('',(18.983203125,72.566666666667,0.));
#3927 = SURFACE_CURVE('',#3928,(#3933,#3940),.PCURVE_S1.);
#3928 = CIRCLE('',#3929,2.);
#3929 = AXIS2_PLACEMENT_3D('',#3930,#3931,#3932);
#3930 = CARTESIAN_POINT('',(20.983203125,72.566666666667,0.));
#3931 = DIRECTION('',(0.,0.,1.));
#3932 = DIRECTION('',(0.,-1.,0.));
#3933 = PCURVE('',#44,#3934);
#3934 = DEFINITIONAL_REPRESENTATION('',(#3935),#3939);
#3935 = CIRCLE('',#3936,2.);
#3936 = AXIS2_PLACEMENT_2D('',#3937,#3938);
#3937 = CARTESIAN_POINT('',(-63.016796875,24.066666666667));
#3938 = DIRECTION('',(0.,-1.));
#3939 = ( GEOMETRIC_REPRESENTATION_CONTEXT(2) 
PARAMETRIC_REPRESENTATION_CONTEXT() REPRESENTATION_CONTEXT('2D SPACE',''
  ) );
#3940 = PCURVE('',#3941,#3946);
#3941 = CYLINDRICAL_SURFACE('',#3942,2.);
#3942 = AXIS2_PLACEMENT_3D('',#3943,#3944,#3945);
#3943 = CARTESIAN_POINT('',(20.983203125,72.566666666667,-1.));
#3944 = DIRECTION('',(0.,0.,1.));
#3945 = DIRECTION('',(0.,-1.,0.));
#3946 = DEFINITIONAL_REPRESENTATION('',(#3947),#3951);
#3947 = LINE('',#3948,#3949);
#3948 = CARTESIAN_POINT('',(-6.28318530718,1.));
#3949 = VECTOR('',#3950,1.);
#3950 = DIRECTION('',(1.,-0.));
#3951 = ( GEOMETRIC_REPRESENTATION_CONTEXT(2) 
PARAMETRIC_REPRESENTATION_CONTEXT() REPRESENTATION_CONTEXT('2D SPACE',''
  ) );
#3952 = ORIENTED_EDGE('',*,*,#3953,.T.);
#3953 = EDGE_CURVE('',#3925,#3954,#3956,.T.);
#3954 = VERTEX_POINT('',#3955);
#3955 = CARTESIAN_POINT('',(18.983203125,84.643333333333,0.));
#3956 = SURFACE_CURVE('',#3957,(#3961,#3967),.PCURVE_S1.);
#3957 = LINE('',#3958,#3959);
#3958 = CARTESIAN_POINT('',(18.983203125,67.571666666667,0.));
#3959 = VECTOR('',#3960,1.);
#3960 = DIRECTION('',(-0.,1.,0.));
#3961 = PCURVE('',#44,#3962);
#3962 = DEFINITIONAL_REPRESENTATION('',(#3963),#3966);
#3963 = B_SPLINE_CURVE_WITH_KNOTS('',1,(#3964,#3965),.UNSPECIFIED.,.F.,
  .F.,(2,2),(4.995,17.071666666667),.PIECEWISE_BEZIER_KNOTS.);
#3964 = CARTESIAN_POINT('',(-65.016796875,24.066666666667));
#3965 = CARTESIAN_POINT('',(-65.016796875,36.143333333333));
#3966 = ( GEOMETRIC_REPRESENTATION_CONTEXT(2) 
PARAMETRIC_REPRESENTATION_CONTEXT() REPRESENTATION_CONTEXT('2D SPACE',''
  ) );
#3967 = PCURVE('',#3968,#3973);
#3968 = PLANE('',#3969);
#3969 = AXIS2_PLACEMENT_3D('',#3970,#3971,#3972);
#3970 = CARTESIAN_POINT('',(18.983203125,86.643333333333,-1.));
#3971 = DIRECTION('',(1.,0.,-0.));
#3972 = DIRECTION('',(0.,-1.,0.));
#3973 = DEFINITIONAL_REPRESENTATION('',(#3974),#3977);
#3974 = B_SPLINE_CURVE_WITH_KNOTS('',1,(#3975,#3976),.UNSPECIFIED.,.F.,
  .F.,(2,2),(4.995,17.071666666667),.PIECEWISE_BEZIER_KNOTS.);
#3975 = CARTESIAN_POINT('',(14.076666666667,-1.));
#3976 = CARTESIAN_POINT('',(2.,-1.));
#3977 = ( GEOMETRIC_REPRESENTATION_CONTEXT(2) 
PARAMETRIC_REPRESENTATION_CONTEXT() REPRESENTATION_CONTEXT('2D SPACE',''
  ) );
#3978 = ORIENTED_EDGE('',*,*,#3979,.F.);
#3979 = EDGE_CURVE('',#3980,#3954,#3982,.T.);
#3980 = VERTEX_POINT('',#3981);
#3981 = CARTESIAN_POINT('',(20.983203125,86.643333333333,0.));
#3982 = SURFACE_CURVE('',#3983,(#3988,#3995),.PCURVE_S1.);
#3983 = CIRCLE('',#3984,2.);
#3984 = AXIS2_PLACEMENT_3D('',#3985,#3986,#3987);
#3985 = CARTESIAN_POINT('',(20.983203125,84.643333333333,0.));
#3986 = DIRECTION('',(0.,0.,1.));
#3987 = DIRECTION('',(-0.,1.,0.));
#3988 = PCURVE('',#44,#3989);
#3989 = DEFINITIONAL_REPRESENTATION('',(#3990),#3994);
#3990 = CIRCLE('',#3991,2.);
#3991 = AXIS2_PLACEMENT_2D('',#3992,#3993);
#3992 = CARTESIAN_POINT('',(-63.016796875,36.143333333333));
#3993 = DIRECTION('',(0.,1.));
#3994 = ( GEOMETRIC_REPRESENTATION_CONTEXT(2) 
PARAMETRIC_REPRESENTATION_CONTEXT() REPRESENTATION_CONTEXT('2D SPACE',''
  ) );
#3995 = PCURVE('',#3996,#4001);
#3996 = CYLINDRICAL_SURFACE('',#3997,2.);
#3997 = AXIS2_PLACEMENT_3D('',#3998,#3999,#4000);
#3998 = CARTESIAN_POINT('',(20.983203125,84.643333333333,-1.));
#3999 = DIRECTION('',(0.,0.,1.));
#4000 = DIRECTION('',(-0.,1.,0.));
#4001 = DEFINITIONAL_REPRESENTATION('',(#4002),#4006);
#4002 = LINE('',#4003,#4004);
#4003 = CARTESIAN_POINT('',(0.,1.));
#4004 = VECTOR('',#4005,1.);
#4005 = DIRECTION('',(1.,0.));
#4006 = ( GEOMETRIC_REPRESENTATION_CONTEXT(2) 
PARAMETRIC_REPRESENTATION_CONTEXT() REPRESENTATION_CONTEXT('2D SPACE',''
  ) );
#4007 = ORIENTED_EDGE('',*,*,#4008,.T.);
#4008 = EDGE_CURVE('',#3980,#4009,#4011,.T.);
#4009 = VERTEX_POINT('',#4010);
#4010 = CARTESIAN_POINT('',(91.221875,86.643333333333,0.));
#4011 = SURFACE_CURVE('',#4012,(#4016,#4022),.PCURVE_S1.);
#4012 = LINE('',#4013,#4014);
#4013 = CARTESIAN_POINT('',(88.6109375,86.643333333333,0.));
#4014 = VECTOR('',#4015,1.);
#4015 = DIRECTION('',(1.,0.,-0.));
#4016 = PCURVE('',#44,#4017);
#4017 = DEFINITIONAL_REPRESENTATION('',(#4018),#4021);
#4018 = B_SPLINE_CURVE_WITH_KNOTS('',1,(#4019,#4020),.UNSPECIFIED.,.F.,
  .F.,(2,2),(-67.627734375,2.6109375),.PIECEWISE_BEZIER_KNOTS.);
#4019 = CARTESIAN_POINT('',(-63.016796875,38.143333333333));
#4020 = CARTESIAN_POINT('',(7.221875,38.143333333333));
#4021 = ( GEOMETRIC_REPRESENTATION_CONTEXT(2) 
PARAMETRIC_REPRESENTATION_CONTEXT() REPRESENTATION_CONTEXT('2D SPACE',''
  ) );
#4022 = PCURVE('',#4023,#4028);
#4023 = PLANE('',#4024);
#4024 = AXIS2_PLACEMENT_3D('',#4025,#4026,#4027);
#4025 = CARTESIAN_POINT('',(93.221875,86.643333333333,-1.));
#4026 = DIRECTION('',(0.,-1.,0.));
#4027 = DIRECTION('',(-1.,0.,0.));
#4028 = DEFINITIONAL_REPRESENTATION('',(#4029),#4032);
#4029 = B_SPLINE_CURVE_WITH_KNOTS('',1,(#4030,#4031),.UNSPECIFIED.,.F.,
  .F.,(2,2),(-67.627734375,2.6109375),.PIECEWISE_BEZIER_KNOTS.);
#4030 = CARTESIAN_POINT('',(72.238671875,-1.));
#4031 = CARTESIAN_POINT('',(2.,-1.));
#4032 = ( GEOMETRIC_REPRESENTATION_CONTEXT(2) 
PARAMETRIC_REPRESENTATION_CONTEXT() REPRESENTATION_CONTEXT('2D SPACE',''
  ) );
#4033 = ORIENTED_EDGE('',*,*,#4034,.F.);
#4034 = EDGE_CURVE('',#4035,#4009,#4037,.T.);
#4035 = VERTEX_POINT('',#4036);
#4036 = CARTESIAN_POINT('',(93.221875,84.643333333333,0.));
#4037 = SURFACE_CURVE('',#4038,(#4043,#4050),.PCURVE_S1.);
#4038 = CIRCLE('',#4039,2.);
#4039 = AXIS2_PLACEMENT_3D('',#4040,#4041,#4042);
#4040 = CARTESIAN_POINT('',(91.221875,84.643333333333,0.));
#4041 = DIRECTION('',(0.,0.,1.));
#4042 = DIRECTION('',(1.,0.,-0.));
#4043 = PCURVE('',#44,#4044);
#4044 = DEFINITIONAL_REPRESENTATION('',(#4045),#4049);
#4045 = CIRCLE('',#4046,2.);
#4046 = AXIS2_PLACEMENT_2D('',#4047,#4048);
#4047 = CARTESIAN_POINT('',(7.221875,36.143333333333));
#4048 = DIRECTION('',(1.,0.));
#4049 = ( GEOMETRIC_REPRESENTATION_CONTEXT(2) 
PARAMETRIC_REPRESENTATION_CONTEXT() REPRESENTATION_CONTEXT('2D SPACE',''
  ) );
#4050 = PCURVE('',#4051,#4056);
#4051 = CYLINDRICAL_SURFACE('',#4052,2.);
#4052 = AXIS2_PLACEMENT_3D('',#4053,#4054,#4055);
#4053 = CARTESIAN_POINT('',(91.221875,84.643333333333,-1.));
#4054 = DIRECTION('',(0.,0.,1.));
#4055 = DIRECTION('',(1.,0.,-0.));
#4056 = DEFINITIONAL_REPRESENTATION('',(#4057),#4061);
#4057 = LINE('',#4058,#4059);
#4058 = CARTESIAN_POINT('',(0.,1.));
#4059 = VECTOR('',#4060,1.);
#4060 = DIRECTION('',(1.,0.));
#4061 = ( GEOMETRIC_REPRESENTATION_CONTEXT(2) 
PARAMETRIC_REPRESENTATION_CONTEXT() REPRESENTATION_CONTEXT('2D SPACE',''
  ) );
#4062 = ORIENTED_EDGE('',*,*,#4063,.T.);
#4063 = EDGE_CURVE('',#4035,#3870,#4064,.T.);
#4064 = SURFACE_CURVE('',#4065,(#4069,#4075),.PCURVE_S1.);
#4065 = LINE('',#4066,#4067);
#4066 = CARTESIAN_POINT('',(93.221875,59.533333333333,0.));
#4067 = VECTOR('',#4068,1.);
#4068 = DIRECTION('',(0.,-1.,0.));
#4069 = PCURVE('',#44,#4070);
#4070 = DEFINITIONAL_REPRESENTATION('',(#4071),#4074);
#4071 = B_SPLINE_CURVE_WITH_KNOTS('',1,(#4072,#4073),.UNSPECIFIED.,.F.,
  .F.,(2,2),(-25.11,-13.03333333333),.PIECEWISE_BEZIER_KNOTS.);
#4072 = CARTESIAN_POINT('',(9.221875,36.143333333333));
#4073 = CARTESIAN_POINT('',(9.221875,24.066666666667));
#4074 = ( GEOMETRIC_REPRESENTATION_CONTEXT(2) 
PARAMETRIC_REPRESENTATION_CONTEXT() REPRESENTATION_CONTEXT('2D SPACE',''
  ) );
#4075 = PCURVE('',#4076,#4081);
#4076 = PLANE('',#4077);
#4077 = AXIS2_PLACEMENT_3D('',#4078,#4079,#4080);
#4078 = CARTESIAN_POINT('',(93.221875,70.566666666667,-1.));
#4079 = DIRECTION('',(-1.,0.,0.));
#4080 = DIRECTION('',(0.,1.,0.));
#4081 = DEFINITIONAL_REPRESENTATION('',(#4082),#4085);
#4082 = B_SPLINE_CURVE_WITH_KNOTS('',1,(#4083,#4084),.UNSPECIFIED.,.F.,
  .F.,(2,2),(-25.11,-13.03333333333),.PIECEWISE_BEZIER_KNOTS.);
#4083 = CARTESIAN_POINT('',(14.076666666667,-1.));
#4084 = CARTESIAN_POINT('',(2.,-1.));
#4085 = ( GEOMETRIC_REPRESENTATION_CONTEXT(2) 
PARAMETRIC_REPRESENTATION_CONTEXT() REPRESENTATION_CONTEXT('2D SPACE',''
  ) );
#4086 = FACE_BOUND('',#4087,.F.);
#4087 = EDGE_LOOP('',(#4088));
#4088 = ORIENTED_EDGE('',*,*,#4089,.T.);
#4089 = EDGE_CURVE('',#4090,#4090,#4092,.T.);
#4090 = VERTEX_POINT('',#4091);
#4091 = CARTESIAN_POINT('',(105.2984375,50.01,0.));
#4092 = SURFACE_CURVE('',#4093,(#4098,#4109),.PCURVE_S1.);
#4093 = CIRCLE('',#4094,4.905859375);
#4094 = AXIS2_PLACEMENT_3D('',#4095,#4096,#4097);
#4095 = CARTESIAN_POINT('',(100.392578125,50.01,0.));
#4096 = DIRECTION('',(0.,0.,-1.));
#4097 = DIRECTION('',(1.,0.,0.));
#4098 = PCURVE('',#44,#4099);
#4099 = DEFINITIONAL_REPRESENTATION('',(#4100),#4108);
#4100 = ( BOUNDED_CURVE() B_SPLINE_CURVE(2,(#4101,#4102,#4103,#4104,
#4105,#4106,#4107),.UNSPECIFIED.,.T.,.F.) B_SPLINE_CURVE_WITH_KNOTS((1,2
    ,2,2,2,1),(-2.094395102393,0.,2.094395102393,4.188790204786,
6.28318530718,8.377580409573),.UNSPECIFIED.) CURVE() 
GEOMETRIC_REPRESENTATION_ITEM() RATIONAL_B_SPLINE_CURVE((1.,0.5,1.,0.5,
1.,0.5,1.)) REPRESENTATION_ITEM('') );
#4101 = CARTESIAN_POINT('',(21.2984375,1.51));
#4102 = CARTESIAN_POINT('',(21.2984375,-6.987197692288));
#4103 = CARTESIAN_POINT('',(13.9396484375,-2.738598846144));
#4104 = CARTESIAN_POINT('',(6.580859375,1.51));
#4105 = CARTESIAN_POINT('',(13.9396484375,5.758598846144));
#4106 = CARTESIAN_POINT('',(21.2984375,10.007197692288));
#4107 = CARTESIAN_POINT('',(21.2984375,1.51));
#4108 = ( GEOMETRIC_REPRESENTATION_CONTEXT(2) 
PARAMETRIC_REPRESENTATION_CONTEXT() REPRESENTATION_CONTEXT('2D SPACE',''
  ) );
#4109 = PCURVE('',#4110,#4115);
#4110 = CYLINDRICAL_SURFACE('',#4111,4.905859375);
#4111 = AXIS2_PLACEMENT_3D('',#4112,#4113,#4114);
#4112 = CARTESIAN_POINT('',(100.392578125,50.01,-1.));
#4113 = DIRECTION('',(-0.,-0.,-1.));
#4114 = DIRECTION('',(1.,0.,0.));
#4115 = DEFINITIONAL_REPRESENTATION('',(#4116),#4120);
#4116 = LINE('',#4117,#4118);
#4117 = CARTESIAN_POINT('',(-6.28318530718,-1.));
#4118 = VECTOR('',#4119,1.);
#4119 = DIRECTION('',(1.,-0.));
#4120 = ( GEOMETRIC_REPRESENTATION_CONTEXT(2) 
PARAMETRIC_REPRESENTATION_CONTEXT() REPRESENTATION_CONTEXT('2D SPACE',''
  ) );
#4121 = FACE_BOUND('',#4122,.F.);
#4122 = EDGE_LOOP('',(#4123));
#4123 = ORIENTED_EDGE('',*,*,#4124,.T.);
#4124 = EDGE_CURVE('',#4125,#4125,#4127,.T.);
#4125 = VERTEX_POINT('',#4126);
#4126 = CARTESIAN_POINT('',(105.2984375,65.06,0.));
#4127 = SURFACE_CURVE('',#4128,(#4133,#4144),.PCURVE_S1.);
#4128 = CIRCLE('',#4129,4.905859375);
#4129 = AXIS2_PLACEMENT_3D('',#4130,#4131,#4132);
#4130 = CARTESIAN_POINT('',(100.392578125,65.06,0.));
#4131 = DIRECTION('',(0.,0.,-1.));
#4132 = DIRECTION('',(1.,0.,0.));
#4133 = PCURVE('',#44,#4134);
#4134 = DEFINITIONAL_REPRESENTATION('',(#4135),#4143);
#4135 = ( BOUNDED_CURVE() B_SPLINE_CURVE(2,(#4136,#4137,#4138,#4139,
#4140,#4141,#4142),.UNSPECIFIED.,.T.,.F.) B_SPLINE_CURVE_WITH_KNOTS((1,2
    ,2,2,2,1),(-2.094395102393,0.,2.094395102393,4.188790204786,
6.28318530718,8.377580409573),.UNSPECIFIED.) CURVE() 
GEOMETRIC_REPRESENTATION_ITEM() RATIONAL_B_SPLINE_CURVE((1.,0.5,1.,0.5,
1.,0.5,1.)) REPRESENTATION_ITEM('') );
#4136 = CARTESIAN_POINT('',(21.2984375,16.56));
#4137 = CARTESIAN_POINT('',(21.2984375,8.062802307712));
#4138 = CARTESIAN_POINT('',(13.9396484375,12.311401153856));
#4139 = CARTESIAN_POINT('',(6.580859375,16.56));
#4140 = CARTESIAN_POINT('',(13.9396484375,20.808598846144));
#4141 = CARTESIAN_POINT('',(21.2984375,25.057197692288));
#4142 = CARTESIAN_POINT('',(21.2984375,16.56));
#4143 = ( GEOMETRIC_REPRESENTATION_CONTEXT(2) 
PARAMETRIC_REPRESENTATION_CONTEXT() REPRESENTATION_CONTEXT('2D SPACE',''
  ) );
#4144 = PCURVE('',#4145,#4150);
#4145 = CYLINDRICAL_SURFACE('',#4146,4.905859375);
#4146 = AXIS2_PLACEMENT_3D('',#4147,#4148,#4149);
#4147 = CARTESIAN_POINT('',(100.392578125,65.06,-1.));
#4148 = DIRECTION('',(-0.,-0.,-1.));
#4149 = DIRECTION('',(1.,0.,0.));
#4150 = DEFINITIONAL_REPRESENTATION('',(#4151),#4155);
#4151 = LINE('',#4152,#4153);
#4152 = CARTESIAN_POINT('',(-6.28318530718,-1.));
#4153 = VECTOR('',#4154,1.);
#4154 = DIRECTION('',(1.,-0.));
#4155 = ( GEOMETRIC_REPRESENTATION_CONTEXT(2) 
PARAMETRIC_REPRESENTATION_CONTEXT() REPRESENTATION_CONTEXT('2D SPACE',''
  ) );
#4156 = FACE_BOUND('',#4157,.F.);
#4157 = EDGE_LOOP('',(#4158,#4189,#4215,#4244,#4270,#4299,#4325,#4354));
#4158 = ORIENTED_EDGE('',*,*,#4159,.F.);
#4159 = EDGE_CURVE('',#4160,#4162,#4164,.T.);
#4160 = VERTEX_POINT('',#4161);
#4161 = CARTESIAN_POINT('',(147.516796875,43.476666666667,0.));
#4162 = VERTEX_POINT('',#4163);
#4163 = CARTESIAN_POINT('',(149.016796875,44.976666666667,0.));
#4164 = SURFACE_CURVE('',#4165,(#4170,#4177),.PCURVE_S1.);
#4165 = CIRCLE('',#4166,1.5);
#4166 = AXIS2_PLACEMENT_3D('',#4167,#4168,#4169);
#4167 = CARTESIAN_POINT('',(147.516796875,44.976666666667,0.));
#4168 = DIRECTION('',(0.,0.,1.));
#4169 = DIRECTION('',(0.,-1.,0.));
#4170 = PCURVE('',#44,#4171);
#4171 = DEFINITIONAL_REPRESENTATION('',(#4172),#4176);
#4172 = CIRCLE('',#4173,1.5);
#4173 = AXIS2_PLACEMENT_2D('',#4174,#4175);
#4174 = CARTESIAN_POINT('',(63.516796875,-3.523333333333));
#4175 = DIRECTION('',(0.,-1.));
#4176 = ( GEOMETRIC_REPRESENTATION_CONTEXT(2) 
PARAMETRIC_REPRESENTATION_CONTEXT() REPRESENTATION_CONTEXT('2D SPACE',''
  ) );
#4177 = PCURVE('',#4178,#4183);
#4178 = CYLINDRICAL_SURFACE('',#4179,1.5);
#4179 = AXIS2_PLACEMENT_3D('',#4180,#4181,#4182);
#4180 = CARTESIAN_POINT('',(147.516796875,44.976666666667,-1.));
#4181 = DIRECTION('',(0.,0.,1.));
#4182 = DIRECTION('',(0.,-1.,0.));
#4183 = DEFINITIONAL_REPRESENTATION('',(#4184),#4188);
#4184 = LINE('',#4185,#4186);
#4185 = CARTESIAN_POINT('',(0.,1.));
#4186 = VECTOR('',#4187,1.);
#4187 = DIRECTION('',(1.,0.));
#4188 = ( GEOMETRIC_REPRESENTATION_CONTEXT(2) 
PARAMETRIC_REPRESENTATION_CONTEXT() REPRESENTATION_CONTEXT('2D SPACE',''
  ) );
#4189 = ORIENTED_EDGE('',*,*,#4190,.T.);
#4190 = EDGE_CURVE('',#4160,#4191,#4193,.T.);
#4191 = VERTEX_POINT('',#4192);
#4192 = CARTESIAN_POINT('',(109.06328125,43.476666666667,0.));
#4193 = SURFACE_CURVE('',#4194,(#4198,#4204),.PCURVE_S1.);
#4194 = LINE('',#4195,#4196);
#4195 = CARTESIAN_POINT('',(95.781640625,43.476666666667,0.));
#4196 = VECTOR('',#4197,1.);
#4197 = DIRECTION('',(-1.,0.,0.));
#4198 = PCURVE('',#44,#4199);
#4199 = DEFINITIONAL_REPRESENTATION('',(#4200),#4203);
#4200 = B_SPLINE_CURVE_WITH_KNOTS('',1,(#4201,#4202),.UNSPECIFIED.,.F.,
  .F.,(2,2),(-51.73515625,-13.281640625),.PIECEWISE_BEZIER_KNOTS.);
#4201 = CARTESIAN_POINT('',(63.516796875,-5.023333333333));
#4202 = CARTESIAN_POINT('',(25.06328125,-5.023333333333));
#4203 = ( GEOMETRIC_REPRESENTATION_CONTEXT(2) 
PARAMETRIC_REPRESENTATION_CONTEXT() REPRESENTATION_CONTEXT('2D SPACE',''
  ) );
#4204 = PCURVE('',#4205,#4210);
#4205 = PLANE('',#4206);
#4206 = AXIS2_PLACEMENT_3D('',#4207,#4208,#4209);
#4207 = CARTESIAN_POINT('',(107.56328125,43.476666666667,-1.));
#4208 = DIRECTION('',(0.,1.,0.));
#4209 = DIRECTION('',(1.,0.,0.));
#4210 = DEFINITIONAL_REPRESENTATION('',(#4211),#4214);
#4211 = B_SPLINE_CURVE_WITH_KNOTS('',1,(#4212,#4213),.UNSPECIFIED.,.F.,
  .F.,(2,2),(-51.73515625,-13.281640625),.PIECEWISE_BEZIER_KNOTS.);
#4212 = CARTESIAN_POINT('',(39.953515625,-1.));
#4213 = CARTESIAN_POINT('',(1.5,-1.));
#4214 = ( GEOMETRIC_REPRESENTATION_CONTEXT(2) 
PARAMETRIC_REPRESENTATION_CONTEXT() REPRESENTATION_CONTEXT('2D SPACE',''
  ) );
#4215 = ORIENTED_EDGE('',*,*,#4216,.F.);
#4216 = EDGE_CURVE('',#4217,#4191,#4219,.T.);
#4217 = VERTEX_POINT('',#4218);
#4218 = CARTESIAN_POINT('',(107.56328125,44.976666666667,0.));
#4219 = SURFACE_CURVE('',#4220,(#4225,#4232),.PCURVE_S1.);
#4220 = CIRCLE('',#4221,1.5);
#4221 = AXIS2_PLACEMENT_3D('',#4222,#4223,#4224);
#4222 = CARTESIAN_POINT('',(109.06328125,44.976666666667,0.));
#4223 = DIRECTION('',(0.,0.,1.));
#4224 = DIRECTION('',(0.,-1.,0.));
#4225 = PCURVE('',#44,#4226);
#4226 = DEFINITIONAL_REPRESENTATION('',(#4227),#4231);
#4227 = CIRCLE('',#4228,1.5);
#4228 = AXIS2_PLACEMENT_2D('',#4229,#4230);
#4229 = CARTESIAN_POINT('',(25.06328125,-3.523333333333));
#4230 = DIRECTION('',(0.,-1.));
#4231 = ( GEOMETRIC_REPRESENTATION_CONTEXT(2) 
PARAMETRIC_REPRESENTATION_CONTEXT() REPRESENTATION_CONTEXT('2D SPACE',''
  ) );
#4232 = PCURVE('',#4233,#4238);
#4233 = CYLINDRICAL_SURFACE('',#4234,1.5);
#4234 = AXIS2_PLACEMENT_3D('',#4235,#4236,#4237);
#4235 = CARTESIAN_POINT('',(109.06328125,44.976666666667,-1.));
#4236 = DIRECTION('',(0.,0.,1.));
#4237 = DIRECTION('',(0.,-1.,0.));
#4238 = DEFINITIONAL_REPRESENTATION('',(#4239),#4243);
#4239 = LINE('',#4240,#4241);
#4240 = CARTESIAN_POINT('',(-6.28318530718,1.));
#4241 = VECTOR('',#4242,1.);
#4242 = DIRECTION('',(1.,-0.));
#4243 = ( GEOMETRIC_REPRESENTATION_CONTEXT(2) 
PARAMETRIC_REPRESENTATION_CONTEXT() REPRESENTATION_CONTEXT('2D SPACE',''
  ) );
#4244 = ORIENTED_EDGE('',*,*,#4245,.T.);
#4245 = EDGE_CURVE('',#4217,#4246,#4248,.T.);
#4246 = VERTEX_POINT('',#4247);
#4247 = CARTESIAN_POINT('',(107.56328125,55.186666666667,0.));
#4248 = SURFACE_CURVE('',#4249,(#4253,#4259),.PCURVE_S1.);
#4249 = LINE('',#4250,#4251);
#4250 = CARTESIAN_POINT('',(107.56328125,52.593333333333,0.));
#4251 = VECTOR('',#4252,1.);
#4252 = DIRECTION('',(-0.,1.,0.));
#4253 = PCURVE('',#44,#4254);
#4254 = DEFINITIONAL_REPRESENTATION('',(#4255),#4258);
#4255 = B_SPLINE_CURVE_WITH_KNOTS('',1,(#4256,#4257),.UNSPECIFIED.,.F.,
  .F.,(2,2),(-7.616666666667,2.593333333333),.PIECEWISE_BEZIER_KNOTS.);
#4256 = CARTESIAN_POINT('',(23.56328125,-3.523333333333));
#4257 = CARTESIAN_POINT('',(23.56328125,6.686666666667));
#4258 = ( GEOMETRIC_REPRESENTATION_CONTEXT(2) 
PARAMETRIC_REPRESENTATION_CONTEXT() REPRESENTATION_CONTEXT('2D SPACE',''
  ) );
#4259 = PCURVE('',#4260,#4265);
#4260 = PLANE('',#4261);
#4261 = AXIS2_PLACEMENT_3D('',#4262,#4263,#4264);
#4262 = CARTESIAN_POINT('',(107.56328125,56.686666666667,-1.));
#4263 = DIRECTION('',(1.,0.,-0.));
#4264 = DIRECTION('',(0.,-1.,0.));
#4265 = DEFINITIONAL_REPRESENTATION('',(#4266),#4269);
#4266 = B_SPLINE_CURVE_WITH_KNOTS('',1,(#4267,#4268),.UNSPECIFIED.,.F.,
  .F.,(2,2),(-7.616666666667,2.593333333333),.PIECEWISE_BEZIER_KNOTS.);
#4267 = CARTESIAN_POINT('',(11.71,-1.));
#4268 = CARTESIAN_POINT('',(1.5,-1.));
#4269 = ( GEOMETRIC_REPRESENTATION_CONTEXT(2) 
PARAMETRIC_REPRESENTATION_CONTEXT() REPRESENTATION_CONTEXT('2D SPACE',''
  ) );
#4270 = ORIENTED_EDGE('',*,*,#4271,.F.);
#4271 = EDGE_CURVE('',#4272,#4246,#4274,.T.);
#4272 = VERTEX_POINT('',#4273);
#4273 = CARTESIAN_POINT('',(109.06328125,56.686666666667,0.));
#4274 = SURFACE_CURVE('',#4275,(#4280,#4287),.PCURVE_S1.);
#4275 = CIRCLE('',#4276,1.5);
#4276 = AXIS2_PLACEMENT_3D('',#4277,#4278,#4279);
#4277 = CARTESIAN_POINT('',(109.06328125,55.186666666667,0.));
#4278 = DIRECTION('',(0.,0.,1.));
#4279 = DIRECTION('',(-0.,1.,0.));
#4280 = PCURVE('',#44,#4281);
#4281 = DEFINITIONAL_REPRESENTATION('',(#4282),#4286);
#4282 = CIRCLE('',#4283,1.5);
#4283 = AXIS2_PLACEMENT_2D('',#4284,#4285);
#4284 = CARTESIAN_POINT('',(25.06328125,6.686666666667));
#4285 = DIRECTION('',(0.,1.));
#4286 = ( GEOMETRIC_REPRESENTATION_CONTEXT(2) 
PARAMETRIC_REPRESENTATION_CONTEXT() REPRESENTATION_CONTEXT('2D SPACE',''
  ) );
#4287 = PCURVE('',#4288,#4293);
#4288 = CYLINDRICAL_SURFACE('',#4289,1.5);
#4289 = AXIS2_PLACEMENT_3D('',#4290,#4291,#4292);
#4290 = CARTESIAN_POINT('',(109.06328125,55.186666666667,-1.));
#4291 = DIRECTION('',(0.,0.,1.));
#4292 = DIRECTION('',(-0.,1.,0.));
#4293 = DEFINITIONAL_REPRESENTATION('',(#4294),#4298);
#4294 = LINE('',#4295,#4296);
#4295 = CARTESIAN_POINT('',(0.,1.));
#4296 = VECTOR('',#4297,1.);
#4297 = DIRECTION('',(1.,0.));
#4298 = ( GEOMETRIC_REPRESENTATION_CONTEXT(2) 
PARAMETRIC_REPRESENTATION_CONTEXT() REPRESENTATION_CONTEXT('2D SPACE',''
  ) );
#4299 = ORIENTED_EDGE('',*,*,#4300,.T.);
#4300 = EDGE_CURVE('',#4272,#4301,#4303,.T.);
#4301 = VERTEX_POINT('',#4302);
#4302 = CARTESIAN_POINT('',(147.516796875,56.686666666667,0.));
#4303 = SURFACE_CURVE('',#4304,(#4308,#4314),.PCURVE_S1.);
#4304 = LINE('',#4305,#4306);
#4305 = CARTESIAN_POINT('',(116.5083984375,56.686666666667,0.));
#4306 = VECTOR('',#4307,1.);
#4307 = DIRECTION('',(1.,0.,-0.));
#4308 = PCURVE('',#44,#4309);
#4309 = DEFINITIONAL_REPRESENTATION('',(#4310),#4313);
#4310 = B_SPLINE_CURVE_WITH_KNOTS('',1,(#4311,#4312),.UNSPECIFIED.,.F.,
  .F.,(2,2),(-7.4451171875,31.0083984375),.PIECEWISE_BEZIER_KNOTS.);
#4311 = CARTESIAN_POINT('',(25.06328125,8.186666666667));
#4312 = CARTESIAN_POINT('',(63.516796875,8.186666666667));
#4313 = ( GEOMETRIC_REPRESENTATION_CONTEXT(2) 
PARAMETRIC_REPRESENTATION_CONTEXT() REPRESENTATION_CONTEXT('2D SPACE',''
  ) );
#4314 = PCURVE('',#4315,#4320);
#4315 = PLANE('',#4316);
#4316 = AXIS2_PLACEMENT_3D('',#4317,#4318,#4319);
#4317 = CARTESIAN_POINT('',(149.016796875,56.686666666667,-1.));
#4318 = DIRECTION('',(0.,-1.,0.));
#4319 = DIRECTION('',(-1.,0.,0.));
#4320 = DEFINITIONAL_REPRESENTATION('',(#4321),#4324);
#4321 = B_SPLINE_CURVE_WITH_KNOTS('',1,(#4322,#4323),.UNSPECIFIED.,.F.,
  .F.,(2,2),(-7.4451171875,31.0083984375),.PIECEWISE_BEZIER_KNOTS.);
#4322 = CARTESIAN_POINT('',(39.953515625,-1.));
#4323 = CARTESIAN_POINT('',(1.5,-1.));
#4324 = ( GEOMETRIC_REPRESENTATION_CONTEXT(2) 
PARAMETRIC_REPRESENTATION_CONTEXT() REPRESENTATION_CONTEXT('2D SPACE',''
  ) );
#4325 = ORIENTED_EDGE('',*,*,#4326,.F.);
#4326 = EDGE_CURVE('',#4327,#4301,#4329,.T.);
#4327 = VERTEX_POINT('',#4328);
#4328 = CARTESIAN_POINT('',(149.016796875,55.186666666667,0.));
#4329 = SURFACE_CURVE('',#4330,(#4335,#4342),.PCURVE_S1.);
#4330 = CIRCLE('',#4331,1.5);
#4331 = AXIS2_PLACEMENT_3D('',#4332,#4333,#4334);
#4332 = CARTESIAN_POINT('',(147.516796875,55.186666666667,0.));
#4333 = DIRECTION('',(0.,0.,1.));
#4334 = DIRECTION('',(1.,0.,-0.));
#4335 = PCURVE('',#44,#4336);
#4336 = DEFINITIONAL_REPRESENTATION('',(#4337),#4341);
#4337 = CIRCLE('',#4338,1.5);
#4338 = AXIS2_PLACEMENT_2D('',#4339,#4340);
#4339 = CARTESIAN_POINT('',(63.516796875,6.686666666667));
#4340 = DIRECTION('',(1.,0.));
#4341 = ( GEOMETRIC_REPRESENTATION_CONTEXT(2) 
PARAMETRIC_REPRESENTATION_CONTEXT() REPRESENTATION_CONTEXT('2D SPACE',''
  ) );
#4342 = PCURVE('',#4343,#4348);
#4343 = CYLINDRICAL_SURFACE('',#4344,1.5);
#4344 = AXIS2_PLACEMENT_3D('',#4345,#4346,#4347);
#4345 = CARTESIAN_POINT('',(147.516796875,55.186666666667,-1.));
#4346 = DIRECTION('',(0.,0.,1.));
#4347 = DIRECTION('',(1.,0.,-0.));
#4348 = DEFINITIONAL_REPRESENTATION('',(#4349),#4353);
#4349 = LINE('',#4350,#4351);
#4350 = CARTESIAN_POINT('',(0.,1.));
#4351 = VECTOR('',#4352,1.);
#4352 = DIRECTION('',(1.,0.));
#4353 = ( GEOMETRIC_REPRESENTATION_CONTEXT(2) 
PARAMETRIC_REPRESENTATION_CONTEXT() REPRESENTATION_CONTEXT('2D SPACE',''
  ) );
#4354 = ORIENTED_EDGE('',*,*,#4355,.T.);
#4355 = EDGE_CURVE('',#4327,#4162,#4356,.T.);
#4356 = SURFACE_CURVE('',#4357,(#4361,#4367),.PCURVE_S1.);
#4357 = LINE('',#4358,#4359);
#4358 = CARTESIAN_POINT('',(149.016796875,45.988333333333,0.));
#4359 = VECTOR('',#4360,1.);
#4360 = DIRECTION('',(0.,-1.,0.));
#4361 = PCURVE('',#44,#4362);
#4362 = DEFINITIONAL_REPRESENTATION('',(#4363),#4366);
#4363 = B_SPLINE_CURVE_WITH_KNOTS('',1,(#4364,#4365),.UNSPECIFIED.,.F.,
  .F.,(2,2),(-9.198333333333,1.011666666667),.PIECEWISE_BEZIER_KNOTS.);
#4364 = CARTESIAN_POINT('',(65.016796875,6.686666666667));
#4365 = CARTESIAN_POINT('',(65.016796875,-3.523333333333));
#4366 = ( GEOMETRIC_REPRESENTATION_CONTEXT(2) 
PARAMETRIC_REPRESENTATION_CONTEXT() REPRESENTATION_CONTEXT('2D SPACE',''
  ) );
#4367 = PCURVE('',#4368,#4373);
#4368 = PLANE('',#4369);
#4369 = AXIS2_PLACEMENT_3D('',#4370,#4371,#4372);
#4370 = CARTESIAN_POINT('',(149.016796875,43.476666666667,-1.));
#4371 = DIRECTION('',(-1.,0.,0.));
#4372 = DIRECTION('',(0.,1.,0.));
#4373 = DEFINITIONAL_REPRESENTATION('',(#4374),#4377);
#4374 = B_SPLINE_CURVE_WITH_KNOTS('',1,(#4375,#4376),.UNSPECIFIED.,.F.,
  .F.,(2,2),(-9.198333333333,1.011666666667),.PIECEWISE_BEZIER_KNOTS.);
#4375 = CARTESIAN_POINT('',(11.71,-1.));
#4376 = CARTESIAN_POINT('',(1.5,-1.));
#4377 = ( GEOMETRIC_REPRESENTATION_CONTEXT(2) 
PARAMETRIC_REPRESENTATION_CONTEXT() REPRESENTATION_CONTEXT('2D SPACE',''
  ) );
#4378 = FACE_BOUND('',#4379,.F.);
#4379 = EDGE_LOOP('',(#4380,#4411,#4437,#4466,#4492,#4521,#4547,#4576));
#4380 = ORIENTED_EDGE('',*,*,#4381,.F.);
#4381 = EDGE_CURVE('',#4382,#4384,#4386,.T.);
#4382 = VERTEX_POINT('',#4383);
#4383 = CARTESIAN_POINT('',(147.516796875,58.383333333333,0.));
#4384 = VERTEX_POINT('',#4385);
#4385 = CARTESIAN_POINT('',(149.016796875,59.883333333333,0.));
#4386 = SURFACE_CURVE('',#4387,(#4392,#4399),.PCURVE_S1.);
#4387 = CIRCLE('',#4388,1.5);
#4388 = AXIS2_PLACEMENT_3D('',#4389,#4390,#4391);
#4389 = CARTESIAN_POINT('',(147.516796875,59.883333333333,0.));
#4390 = DIRECTION('',(0.,0.,1.));
#4391 = DIRECTION('',(0.,-1.,0.));
#4392 = PCURVE('',#44,#4393);
#4393 = DEFINITIONAL_REPRESENTATION('',(#4394),#4398);
#4394 = CIRCLE('',#4395,1.5);
#4395 = AXIS2_PLACEMENT_2D('',#4396,#4397);
#4396 = CARTESIAN_POINT('',(63.516796875,11.383333333333));
#4397 = DIRECTION('',(0.,-1.));
#4398 = ( GEOMETRIC_REPRESENTATION_CONTEXT(2) 
PARAMETRIC_REPRESENTATION_CONTEXT() REPRESENTATION_CONTEXT('2D SPACE',''
  ) );
#4399 = PCURVE('',#4400,#4405);
#4400 = CYLINDRICAL_SURFACE('',#4401,1.5);
#4401 = AXIS2_PLACEMENT_3D('',#4402,#4403,#4404);
#4402 = CARTESIAN_POINT('',(147.516796875,59.883333333333,-1.));
#4403 = DIRECTION('',(0.,0.,1.));
#4404 = DIRECTION('',(0.,-1.,0.));
#4405 = DEFINITIONAL_REPRESENTATION('',(#4406),#4410);
#4406 = LINE('',#4407,#4408);
#4407 = CARTESIAN_POINT('',(0.,1.));
#4408 = VECTOR('',#4409,1.);
#4409 = DIRECTION('',(1.,0.));
#4410 = ( GEOMETRIC_REPRESENTATION_CONTEXT(2) 
PARAMETRIC_REPRESENTATION_CONTEXT() REPRESENTATION_CONTEXT('2D SPACE',''
  ) );
#4411 = ORIENTED_EDGE('',*,*,#4412,.T.);
#4412 = EDGE_CURVE('',#4382,#4413,#4415,.T.);
#4413 = VERTEX_POINT('',#4414);
#4414 = CARTESIAN_POINT('',(109.06328125,58.383333333333,0.));
#4415 = SURFACE_CURVE('',#4416,(#4420,#4426),.PCURVE_S1.);
#4416 = LINE('',#4417,#4418);
#4417 = CARTESIAN_POINT('',(95.781640625,58.383333333333,0.));
#4418 = VECTOR('',#4419,1.);
#4419 = DIRECTION('',(-1.,0.,0.));
#4420 = PCURVE('',#44,#4421);
#4421 = DEFINITIONAL_REPRESENTATION('',(#4422),#4425);
#4422 = B_SPLINE_CURVE_WITH_KNOTS('',1,(#4423,#4424),.UNSPECIFIED.,.F.,
  .F.,(2,2),(-51.73515625,-13.281640625),.PIECEWISE_BEZIER_KNOTS.);
#4423 = CARTESIAN_POINT('',(63.516796875,9.883333333333));
#4424 = CARTESIAN_POINT('',(25.06328125,9.883333333333));
#4425 = ( GEOMETRIC_REPRESENTATION_CONTEXT(2) 
PARAMETRIC_REPRESENTATION_CONTEXT() REPRESENTATION_CONTEXT('2D SPACE',''
  ) );
#4426 = PCURVE('',#4427,#4432);
#4427 = PLANE('',#4428);
#4428 = AXIS2_PLACEMENT_3D('',#4429,#4430,#4431);
#4429 = CARTESIAN_POINT('',(107.56328125,58.383333333333,-1.));
#4430 = DIRECTION('',(0.,1.,0.));
#4431 = DIRECTION('',(1.,0.,0.));
#4432 = DEFINITIONAL_REPRESENTATION('',(#4433),#4436);
#4433 = B_SPLINE_CURVE_WITH_KNOTS('',1,(#4434,#4435),.UNSPECIFIED.,.F.,
  .F.,(2,2),(-51.73515625,-13.281640625),.PIECEWISE_BEZIER_KNOTS.);
#4434 = CARTESIAN_POINT('',(39.953515625,-1.));
#4435 = CARTESIAN_POINT('',(1.5,-1.));
#4436 = ( GEOMETRIC_REPRESENTATION_CONTEXT(2) 
PARAMETRIC_REPRESENTATION_CONTEXT() REPRESENTATION_CONTEXT('2D SPACE',''
  ) );
#4437 = ORIENTED_EDGE('',*,*,#4438,.F.);
#4438 = EDGE_CURVE('',#4439,#4413,#4441,.T.);
#4439 = VERTEX_POINT('',#4440);
#4440 = CARTESIAN_POINT('',(107.56328125,59.883333333333,0.));
#4441 = SURFACE_CURVE('',#4442,(#4447,#4454),.PCURVE_S1.);
#4442 = CIRCLE('',#4443,1.5);
#4443 = AXIS2_PLACEMENT_3D('',#4444,#4445,#4446);
#4444 = CARTESIAN_POINT('',(109.06328125,59.883333333333,0.));
#4445 = DIRECTION('',(0.,0.,1.));
#4446 = DIRECTION('',(0.,-1.,0.));
#4447 = PCURVE('',#44,#4448);
#4448 = DEFINITIONAL_REPRESENTATION('',(#4449),#4453);
#4449 = CIRCLE('',#4450,1.5);
#4450 = AXIS2_PLACEMENT_2D('',#4451,#4452);
#4451 = CARTESIAN_POINT('',(25.06328125,11.383333333333));
#4452 = DIRECTION('',(0.,-1.));
#4453 = ( GEOMETRIC_REPRESENTATION_CONTEXT(2) 
PARAMETRIC_REPRESENTATION_CONTEXT() REPRESENTATION_CONTEXT('2D SPACE',''
  ) );
#4454 = PCURVE('',#4455,#4460);
#4455 = CYLINDRICAL_SURFACE('',#4456,1.5);
#4456 = AXIS2_PLACEMENT_3D('',#4457,#4458,#4459);
#4457 = CARTESIAN_POINT('',(109.06328125,59.883333333333,-1.));
#4458 = DIRECTION('',(0.,0.,1.));
#4459 = DIRECTION('',(0.,-1.,0.));
#4460 = DEFINITIONAL_REPRESENTATION('',(#4461),#4465);
#4461 = LINE('',#4462,#4463);
#4462 = CARTESIAN_POINT('',(-6.28318530718,1.));
#4463 = VECTOR('',#4464,1.);
#4464 = DIRECTION('',(1.,-0.));
#4465 = ( GEOMETRIC_REPRESENTATION_CONTEXT(2) 
PARAMETRIC_REPRESENTATION_CONTEXT() REPRESENTATION_CONTEXT('2D SPACE',''
  ) );
#4466 = ORIENTED_EDGE('',*,*,#4467,.T.);
#4467 = EDGE_CURVE('',#4439,#4468,#4470,.T.);
#4468 = VERTEX_POINT('',#4469);
#4469 = CARTESIAN_POINT('',(107.56328125,70.093333333333,0.));
#4470 = SURFACE_CURVE('',#4471,(#4475,#4481),.PCURVE_S1.);
#4471 = LINE('',#4472,#4473);
#4472 = CARTESIAN_POINT('',(107.56328125,60.046666666667,0.));
#4473 = VECTOR('',#4474,1.);
#4474 = DIRECTION('',(-0.,1.,0.));
#4475 = PCURVE('',#44,#4476);
#4476 = DEFINITIONAL_REPRESENTATION('',(#4477),#4480);
#4477 = B_SPLINE_CURVE_WITH_KNOTS('',1,(#4478,#4479),.UNSPECIFIED.,.F.,
  .F.,(2,2),(-0.163333333333,10.046666666667),.PIECEWISE_BEZIER_KNOTS.);
#4478 = CARTESIAN_POINT('',(23.56328125,11.383333333333));
#4479 = CARTESIAN_POINT('',(23.56328125,21.593333333333));
#4480 = ( GEOMETRIC_REPRESENTATION_CONTEXT(2) 
PARAMETRIC_REPRESENTATION_CONTEXT() REPRESENTATION_CONTEXT('2D SPACE',''
  ) );
#4481 = PCURVE('',#4482,#4487);
#4482 = PLANE('',#4483);
#4483 = AXIS2_PLACEMENT_3D('',#4484,#4485,#4486);
#4484 = CARTESIAN_POINT('',(107.56328125,71.593333333333,-1.));
#4485 = DIRECTION('',(1.,0.,-0.));
#4486 = DIRECTION('',(0.,-1.,0.));
#4487 = DEFINITIONAL_REPRESENTATION('',(#4488),#4491);
#4488 = B_SPLINE_CURVE_WITH_KNOTS('',1,(#4489,#4490),.UNSPECIFIED.,.F.,
  .F.,(2,2),(-0.163333333333,10.046666666667),.PIECEWISE_BEZIER_KNOTS.);
#4489 = CARTESIAN_POINT('',(11.71,-1.));
#4490 = CARTESIAN_POINT('',(1.5,-1.));
#4491 = ( GEOMETRIC_REPRESENTATION_CONTEXT(2) 
PARAMETRIC_REPRESENTATION_CONTEXT() REPRESENTATION_CONTEXT('2D SPACE',''
  ) );
#4492 = ORIENTED_EDGE('',*,*,#4493,.F.);
#4493 = EDGE_CURVE('',#4494,#4468,#4496,.T.);
#4494 = VERTEX_POINT('',#4495);
#4495 = CARTESIAN_POINT('',(109.06328125,71.593333333333,0.));
#4496 = SURFACE_CURVE('',#4497,(#4502,#4509),.PCURVE_S1.);
#4497 = CIRCLE('',#4498,1.5);
#4498 = AXIS2_PLACEMENT_3D('',#4499,#4500,#4501);
#4499 = CARTESIAN_POINT('',(109.06328125,70.093333333333,0.));
#4500 = DIRECTION('',(0.,0.,1.));
#4501 = DIRECTION('',(-0.,1.,0.));
#4502 = PCURVE('',#44,#4503);
#4503 = DEFINITIONAL_REPRESENTATION('',(#4504),#4508);
#4504 = CIRCLE('',#4505,1.5);
#4505 = AXIS2_PLACEMENT_2D('',#4506,#4507);
#4506 = CARTESIAN_POINT('',(25.06328125,21.593333333333));
#4507 = DIRECTION('',(0.,1.));
#4508 = ( GEOMETRIC_REPRESENTATION_CONTEXT(2) 
PARAMETRIC_REPRESENTATION_CONTEXT() REPRESENTATION_CONTEXT('2D SPACE',''
  ) );
#4509 = PCURVE('',#4510,#4515);
#4510 = CYLINDRICAL_SURFACE('',#4511,1.5);
#4511 = AXIS2_PLACEMENT_3D('',#4512,#4513,#4514);
#4512 = CARTESIAN_POINT('',(109.06328125,70.093333333333,-1.));
#4513 = DIRECTION('',(0.,0.,1.));
#4514 = DIRECTION('',(-0.,1.,0.));
#4515 = DEFINITIONAL_REPRESENTATION('',(#4516),#4520);
#4516 = LINE('',#4517,#4518);
#4517 = CARTESIAN_POINT('',(0.,1.));
#4518 = VECTOR('',#4519,1.);
#4519 = DIRECTION('',(1.,0.));
#4520 = ( GEOMETRIC_REPRESENTATION_CONTEXT(2) 
PARAMETRIC_REPRESENTATION_CONTEXT() REPRESENTATION_CONTEXT('2D SPACE',''
  ) );
#4521 = ORIENTED_EDGE('',*,*,#4522,.T.);
#4522 = EDGE_CURVE('',#4494,#4523,#4525,.T.);
#4523 = VERTEX_POINT('',#4524);
#4524 = CARTESIAN_POINT('',(147.516796875,71.593333333333,0.));
#4525 = SURFACE_CURVE('',#4526,(#4530,#4536),.PCURVE_S1.);
#4526 = LINE('',#4527,#4528);
#4527 = CARTESIAN_POINT('',(116.5083984375,71.593333333333,0.));
#4528 = VECTOR('',#4529,1.);
#4529 = DIRECTION('',(1.,0.,-0.));
#4530 = PCURVE('',#44,#4531);
#4531 = DEFINITIONAL_REPRESENTATION('',(#4532),#4535);
#4532 = B_SPLINE_CURVE_WITH_KNOTS('',1,(#4533,#4534),.UNSPECIFIED.,.F.,
  .F.,(2,2),(-7.4451171875,31.0083984375),.PIECEWISE_BEZIER_KNOTS.);
#4533 = CARTESIAN_POINT('',(25.06328125,23.093333333333));
#4534 = CARTESIAN_POINT('',(63.516796875,23.093333333333));
#4535 = ( GEOMETRIC_REPRESENTATION_CONTEXT(2) 
PARAMETRIC_REPRESENTATION_CONTEXT() REPRESENTATION_CONTEXT('2D SPACE',''
  ) );
#4536 = PCURVE('',#4537,#4542);
#4537 = PLANE('',#4538);
#4538 = AXIS2_PLACEMENT_3D('',#4539,#4540,#4541);
#4539 = CARTESIAN_POINT('',(149.016796875,71.593333333333,-1.));
#4540 = DIRECTION('',(0.,-1.,0.));
#4541 = DIRECTION('',(-1.,0.,0.));
#4542 = DEFINITIONAL_REPRESENTATION('',(#4543),#4546);
#4543 = B_SPLINE_CURVE_WITH_KNOTS('',1,(#4544,#4545),.UNSPECIFIED.,.F.,
  .F.,(2,2),(-7.4451171875,31.0083984375),.PIECEWISE_BEZIER_KNOTS.);
#4544 = CARTESIAN_POINT('',(39.953515625,-1.));
#4545 = CARTESIAN_POINT('',(1.5,-1.));
#4546 = ( GEOMETRIC_REPRESENTATION_CONTEXT(2) 
PARAMETRIC_REPRESENTATION_CONTEXT() REPRESENTATION_CONTEXT('2D SPACE',''
  ) );
#4547 = ORIENTED_EDGE('',*,*,#4548,.F.);
#4548 = EDGE_CURVE('',#4549,#4523,#4551,.T.);
#4549 = VERTEX_POINT('',#4550);
#4550 = CARTESIAN_POINT('',(149.016796875,70.093333333333,0.));
#4551 = SURFACE_CURVE('',#4552,(#4557,#4564),.PCURVE_S1.);
#4552 = CIRCLE('',#4553,1.5);
#4553 = AXIS2_PLACEMENT_3D('',#4554,#4555,#4556);
#4554 = CARTESIAN_POINT('',(147.516796875,70.093333333333,0.));
#4555 = DIRECTION('',(0.,0.,1.));
#4556 = DIRECTION('',(1.,0.,-0.));
#4557 = PCURVE('',#44,#4558);
#4558 = DEFINITIONAL_REPRESENTATION('',(#4559),#4563);
#4559 = CIRCLE('',#4560,1.5);
#4560 = AXIS2_PLACEMENT_2D('',#4561,#4562);
#4561 = CARTESIAN_POINT('',(63.516796875,21.593333333333));
#4562 = DIRECTION('',(1.,0.));
#4563 = ( GEOMETRIC_REPRESENTATION_CONTEXT(2) 
PARAMETRIC_REPRESENTATION_CONTEXT() REPRESENTATION_CONTEXT('2D SPACE',''
  ) );
#4564 = PCURVE('',#4565,#4570);
#4565 = CYLINDRICAL_SURFACE('',#4566,1.5);
#4566 = AXIS2_PLACEMENT_3D('',#4567,#4568,#4569);
#4567 = CARTESIAN_POINT('',(147.516796875,70.093333333333,-1.));
#4568 = DIRECTION('',(0.,0.,1.));
#4569 = DIRECTION('',(1.,0.,-0.));
#4570 = DEFINITIONAL_REPRESENTATION('',(#4571),#4575);
#4571 = LINE('',#4572,#4573);
#4572 = CARTESIAN_POINT('',(0.,1.));
#4573 = VECTOR('',#4574,1.);
#4574 = DIRECTION('',(1.,0.));
#4575 = ( GEOMETRIC_REPRESENTATION_CONTEXT(2) 
PARAMETRIC_REPRESENTATION_CONTEXT() REPRESENTATION_CONTEXT('2D SPACE',''
  ) );
#4576 = ORIENTED_EDGE('',*,*,#4577,.T.);
#4577 = EDGE_CURVE('',#4549,#4384,#4578,.T.);
#4578 = SURFACE_CURVE('',#4579,(#4583,#4589),.PCURVE_S1.);
#4579 = LINE('',#4580,#4581);
#4580 = CARTESIAN_POINT('',(149.016796875,53.441666666667,0.));
#4581 = VECTOR('',#4582,1.);
#4582 = DIRECTION('',(0.,-1.,0.));
#4583 = PCURVE('',#44,#4584);
#4584 = DEFINITIONAL_REPRESENTATION('',(#4585),#4588);
#4585 = B_SPLINE_CURVE_WITH_KNOTS('',1,(#4586,#4587),.UNSPECIFIED.,.F.,
  .F.,(2,2),(-16.65166666666,-6.441666666667),.PIECEWISE_BEZIER_KNOTS.);
#4586 = CARTESIAN_POINT('',(65.016796875,21.593333333333));
#4587 = CARTESIAN_POINT('',(65.016796875,11.383333333333));
#4588 = ( GEOMETRIC_REPRESENTATION_CONTEXT(2) 
PARAMETRIC_REPRESENTATION_CONTEXT() REPRESENTATION_CONTEXT('2D SPACE',''
  ) );
#4589 = PCURVE('',#4590,#4595);
#4590 = PLANE('',#4591);
#4591 = AXIS2_PLACEMENT_3D('',#4592,#4593,#4594);
#4592 = CARTESIAN_POINT('',(149.016796875,58.383333333333,-1.));
#4593 = DIRECTION('',(-1.,0.,0.));
#4594 = DIRECTION('',(0.,1.,0.));
#4595 = DEFINITIONAL_REPRESENTATION('',(#4596),#4599);
#4596 = B_SPLINE_CURVE_WITH_KNOTS('',1,(#4597,#4598),.UNSPECIFIED.,.F.,
  .F.,(2,2),(-16.65166666666,-6.441666666667),.PIECEWISE_BEZIER_KNOTS.);
#4597 = CARTESIAN_POINT('',(11.71,-1.));
#4598 = CARTESIAN_POINT('',(1.5,-1.));
#4599 = ( GEOMETRIC_REPRESENTATION_CONTEXT(2) 
PARAMETRIC_REPRESENTATION_CONTEXT() REPRESENTATION_CONTEXT('2D SPACE',''
  ) );
#4600 = FACE_BOUND('',#4601,.F.);
#4601 = EDGE_LOOP('',(#4602));
#4602 = ORIENTED_EDGE('',*,*,#4603,.T.);
#4603 = EDGE_CURVE('',#4604,#4604,#4606,.T.);
#4604 = VERTEX_POINT('',#4605);
#4605 = CARTESIAN_POINT('',(105.2984375,80.11,0.));
#4606 = SURFACE_CURVE('',#4607,(#4612,#4623),.PCURVE_S1.);
#4607 = CIRCLE('',#4608,4.905859375);
#4608 = AXIS2_PLACEMENT_3D('',#4609,#4610,#4611);
#4609 = CARTESIAN_POINT('',(100.392578125,80.11,0.));
#4610 = DIRECTION('',(0.,0.,-1.));
#4611 = DIRECTION('',(1.,0.,0.));
#4612 = PCURVE('',#44,#4613);
#4613 = DEFINITIONAL_REPRESENTATION('',(#4614),#4622);
#4614 = ( BOUNDED_CURVE() B_SPLINE_CURVE(2,(#4615,#4616,#4617,#4618,
#4619,#4620,#4621),.UNSPECIFIED.,.T.,.F.) B_SPLINE_CURVE_WITH_KNOTS((1,2
    ,2,2,2,1),(-2.094395102393,0.,2.094395102393,4.188790204786,
6.28318530718,8.377580409573),.UNSPECIFIED.) CURVE() 
GEOMETRIC_REPRESENTATION_ITEM() RATIONAL_B_SPLINE_CURVE((1.,0.5,1.,0.5,
1.,0.5,1.)) REPRESENTATION_ITEM('') );
#4615 = CARTESIAN_POINT('',(21.2984375,31.61));
#4616 = CARTESIAN_POINT('',(21.2984375,23.112802307712));
#4617 = CARTESIAN_POINT('',(13.9396484375,27.361401153856));
#4618 = CARTESIAN_POINT('',(6.580859375,31.61));
#4619 = CARTESIAN_POINT('',(13.9396484375,35.858598846144));
#4620 = CARTESIAN_POINT('',(21.2984375,40.107197692288));
#4621 = CARTESIAN_POINT('',(21.2984375,31.61));
#4622 = ( GEOMETRIC_REPRESENTATION_CONTEXT(2) 
PARAMETRIC_REPRESENTATION_CONTEXT() REPRESENTATION_CONTEXT('2D SPACE',''
  ) );
#4623 = PCURVE('',#4624,#4629);
#4624 = CYLINDRICAL_SURFACE('',#4625,4.905859375);
#4625 = AXIS2_PLACEMENT_3D('',#4626,#4627,#4628);
#4626 = CARTESIAN_POINT('',(100.392578125,80.11,-1.));
#4627 = DIRECTION('',(-0.,-0.,-1.));
#4628 = DIRECTION('',(1.,0.,0.));
#4629 = DEFINITIONAL_REPRESENTATION('',(#4630),#4634);
#4630 = LINE('',#4631,#4632);
#4631 = CARTESIAN_POINT('',(-6.28318530718,-1.));
#4632 = VECTOR('',#4633,1.);
#4633 = DIRECTION('',(1.,-0.));
#4634 = ( GEOMETRIC_REPRESENTATION_CONTEXT(2) 
PARAMETRIC_REPRESENTATION_CONTEXT() REPRESENTATION_CONTEXT('2D SPACE',''
  ) );
#4635 = FACE_BOUND('',#4636,.F.);
#4636 = EDGE_LOOP('',(#4637,#4668,#4694,#4723,#4749,#4778,#4804,#4833));
#4637 = ORIENTED_EDGE('',*,*,#4638,.F.);
#4638 = EDGE_CURVE('',#4639,#4641,#4643,.T.);
#4639 = VERTEX_POINT('',#4640);
#4640 = CARTESIAN_POINT('',(158.09296875,70.423333333333,0.));
#4641 = VERTEX_POINT('',#4642);
#4642 = CARTESIAN_POINT('',(159.09296875,71.423333333333,0.));
#4643 = SURFACE_CURVE('',#4644,(#4649,#4656),.PCURVE_S1.);
#4644 = CIRCLE('',#4645,1.);
#4645 = AXIS2_PLACEMENT_3D('',#4646,#4647,#4648);
#4646 = CARTESIAN_POINT('',(158.09296875,71.423333333333,0.));
#4647 = DIRECTION('',(0.,0.,1.));
#4648 = DIRECTION('',(0.,-1.,0.));
#4649 = PCURVE('',#44,#4650);
#4650 = DEFINITIONAL_REPRESENTATION('',(#4651),#4655);
#4651 = CIRCLE('',#4652,1.);
#4652 = AXIS2_PLACEMENT_2D('',#4653,#4654);
#4653 = CARTESIAN_POINT('',(74.09296875,22.923333333333));
#4654 = DIRECTION('',(0.,-1.));
#4655 = ( GEOMETRIC_REPRESENTATION_CONTEXT(2) 
PARAMETRIC_REPRESENTATION_CONTEXT() REPRESENTATION_CONTEXT('2D SPACE',''
  ) );
#4656 = PCURVE('',#4657,#4662);
#4657 = CYLINDRICAL_SURFACE('',#4658,1.);
#4658 = AXIS2_PLACEMENT_3D('',#4659,#4660,#4661);
#4659 = CARTESIAN_POINT('',(158.09296875,71.423333333333,-1.));
#4660 = DIRECTION('',(0.,0.,1.));
#4661 = DIRECTION('',(0.,-1.,0.));
#4662 = DEFINITIONAL_REPRESENTATION('',(#4663),#4667);
#4663 = LINE('',#4664,#4665);
#4664 = CARTESIAN_POINT('',(0.,1.));
#4665 = VECTOR('',#4666,1.);
#4666 = DIRECTION('',(1.,0.));
#4667 = ( GEOMETRIC_REPRESENTATION_CONTEXT(2) 
PARAMETRIC_REPRESENTATION_CONTEXT() REPRESENTATION_CONTEXT('2D SPACE',''
  ) );
#4668 = ORIENTED_EDGE('',*,*,#4669,.T.);
#4669 = EDGE_CURVE('',#4639,#4670,#4672,.T.);
#4670 = VERTEX_POINT('',#4671);
#4671 = CARTESIAN_POINT('',(150.67265625,70.423333333333,0.));
#4672 = SURFACE_CURVE('',#4673,(#4677,#4683),.PCURVE_S1.);
#4673 = LINE('',#4674,#4675);
#4674 = CARTESIAN_POINT('',(116.836328125,70.423333333333,0.));
#4675 = VECTOR('',#4676,1.);
#4676 = DIRECTION('',(-1.,0.,0.));
#4677 = PCURVE('',#44,#4678);
#4678 = DEFINITIONAL_REPRESENTATION('',(#4679),#4682);
#4679 = B_SPLINE_CURVE_WITH_KNOTS('',1,(#4680,#4681),.UNSPECIFIED.,.F.,
  .F.,(2,2),(-41.256640625,-33.836328125),.PIECEWISE_BEZIER_KNOTS.);
#4680 = CARTESIAN_POINT('',(74.09296875,21.923333333333));
#4681 = CARTESIAN_POINT('',(66.67265625,21.923333333333));
#4682 = ( GEOMETRIC_REPRESENTATION_CONTEXT(2) 
PARAMETRIC_REPRESENTATION_CONTEXT() REPRESENTATION_CONTEXT('2D SPACE',''
  ) );
#4683 = PCURVE('',#4684,#4689);
#4684 = PLANE('',#4685);
#4685 = AXIS2_PLACEMENT_3D('',#4686,#4687,#4688);
#4686 = CARTESIAN_POINT('',(149.67265625,70.423333333333,-1.));
#4687 = DIRECTION('',(0.,1.,0.));
#4688 = DIRECTION('',(1.,0.,0.));
#4689 = DEFINITIONAL_REPRESENTATION('',(#4690),#4693);
#4690 = B_SPLINE_CURVE_WITH_KNOTS('',1,(#4691,#4692),.UNSPECIFIED.,.F.,
  .F.,(2,2),(-41.256640625,-33.836328125),.PIECEWISE_BEZIER_KNOTS.);
#4691 = CARTESIAN_POINT('',(8.4203125,-1.));
#4692 = CARTESIAN_POINT('',(1.,-1.));
#4693 = ( GEOMETRIC_REPRESENTATION_CONTEXT(2) 
PARAMETRIC_REPRESENTATION_CONTEXT() REPRESENTATION_CONTEXT('2D SPACE',''
  ) );
#4694 = ORIENTED_EDGE('',*,*,#4695,.F.);
#4695 = EDGE_CURVE('',#4696,#4670,#4698,.T.);
#4696 = VERTEX_POINT('',#4697);
#4697 = CARTESIAN_POINT('',(149.67265625,71.423333333333,0.));
#4698 = SURFACE_CURVE('',#4699,(#4704,#4711),.PCURVE_S1.);
#4699 = CIRCLE('',#4700,1.);
#4700 = AXIS2_PLACEMENT_3D('',#4701,#4702,#4703);
#4701 = CARTESIAN_POINT('',(150.67265625,71.423333333333,0.));
#4702 = DIRECTION('',(0.,0.,1.));
#4703 = DIRECTION('',(0.,-1.,0.));
#4704 = PCURVE('',#44,#4705);
#4705 = DEFINITIONAL_REPRESENTATION('',(#4706),#4710);
#4706 = CIRCLE('',#4707,1.);
#4707 = AXIS2_PLACEMENT_2D('',#4708,#4709);
#4708 = CARTESIAN_POINT('',(66.67265625,22.923333333333));
#4709 = DIRECTION('',(0.,-1.));
#4710 = ( GEOMETRIC_REPRESENTATION_CONTEXT(2) 
PARAMETRIC_REPRESENTATION_CONTEXT() REPRESENTATION_CONTEXT('2D SPACE',''
  ) );
#4711 = PCURVE('',#4712,#4717);
#4712 = CYLINDRICAL_SURFACE('',#4713,1.);
#4713 = AXIS2_PLACEMENT_3D('',#4714,#4715,#4716);
#4714 = CARTESIAN_POINT('',(150.67265625,71.423333333333,-1.));
#4715 = DIRECTION('',(0.,0.,1.));
#4716 = DIRECTION('',(0.,-1.,0.));
#4717 = DEFINITIONAL_REPRESENTATION('',(#4718),#4722);
#4718 = LINE('',#4719,#4720);
#4719 = CARTESIAN_POINT('',(-6.28318530718,1.));
#4720 = VECTOR('',#4721,1.);
#4721 = DIRECTION('',(1.,-0.));
#4722 = ( GEOMETRIC_REPRESENTATION_CONTEXT(2) 
PARAMETRIC_REPRESENTATION_CONTEXT() REPRESENTATION_CONTEXT('2D SPACE',''
  ) );
#4723 = ORIENTED_EDGE('',*,*,#4724,.T.);
#4724 = EDGE_CURVE('',#4696,#4725,#4727,.T.);
#4725 = VERTEX_POINT('',#4726);
#4726 = CARTESIAN_POINT('',(149.67265625,76.47,0.));
#4727 = SURFACE_CURVE('',#4728,(#4732,#4738),.PCURVE_S1.);
#4728 = LINE('',#4729,#4730);
#4729 = CARTESIAN_POINT('',(149.67265625,62.985,0.));
#4730 = VECTOR('',#4731,1.);
#4731 = DIRECTION('',(-0.,1.,0.));
#4732 = PCURVE('',#44,#4733);
#4733 = DEFINITIONAL_REPRESENTATION('',(#4734),#4737);
#4734 = B_SPLINE_CURVE_WITH_KNOTS('',1,(#4735,#4736),.UNSPECIFIED.,.F.,
  .F.,(2,2),(8.438333333333,13.485),.PIECEWISE_BEZIER_KNOTS.);
#4735 = CARTESIAN_POINT('',(65.67265625,22.923333333333));
#4736 = CARTESIAN_POINT('',(65.67265625,27.97));
#4737 = ( GEOMETRIC_REPRESENTATION_CONTEXT(2) 
PARAMETRIC_REPRESENTATION_CONTEXT() REPRESENTATION_CONTEXT('2D SPACE',''
  ) );
#4738 = PCURVE('',#4739,#4744);
#4739 = PLANE('',#4740);
#4740 = AXIS2_PLACEMENT_3D('',#4741,#4742,#4743);
#4741 = CARTESIAN_POINT('',(149.67265625,77.47,-1.));
#4742 = DIRECTION('',(1.,0.,-0.));
#4743 = DIRECTION('',(0.,-1.,0.));
#4744 = DEFINITIONAL_REPRESENTATION('',(#4745),#4748);
#4745 = B_SPLINE_CURVE_WITH_KNOTS('',1,(#4746,#4747),.UNSPECIFIED.,.F.,
  .F.,(2,2),(8.438333333333,13.485),.PIECEWISE_BEZIER_KNOTS.);
#4746 = CARTESIAN_POINT('',(6.046666666667,-1.));
#4747 = CARTESIAN_POINT('',(1.,-1.));
#4748 = ( GEOMETRIC_REPRESENTATION_CONTEXT(2) 
PARAMETRIC_REPRESENTATION_CONTEXT() REPRESENTATION_CONTEXT('2D SPACE',''
  ) );
#4749 = ORIENTED_EDGE('',*,*,#4750,.F.);
#4750 = EDGE_CURVE('',#4751,#4725,#4753,.T.);
#4751 = VERTEX_POINT('',#4752);
#4752 = CARTESIAN_POINT('',(150.67265625,77.47,0.));
#4753 = SURFACE_CURVE('',#4754,(#4759,#4766),.PCURVE_S1.);
#4754 = CIRCLE('',#4755,1.);
#4755 = AXIS2_PLACEMENT_3D('',#4756,#4757,#4758);
#4756 = CARTESIAN_POINT('',(150.67265625,76.47,0.));
#4757 = DIRECTION('',(0.,0.,1.));
#4758 = DIRECTION('',(-0.,1.,0.));
#4759 = PCURVE('',#44,#4760);
#4760 = DEFINITIONAL_REPRESENTATION('',(#4761),#4765);
#4761 = CIRCLE('',#4762,1.);
#4762 = AXIS2_PLACEMENT_2D('',#4763,#4764);
#4763 = CARTESIAN_POINT('',(66.67265625,27.97));
#4764 = DIRECTION('',(0.,1.));
#4765 = ( GEOMETRIC_REPRESENTATION_CONTEXT(2) 
PARAMETRIC_REPRESENTATION_CONTEXT() REPRESENTATION_CONTEXT('2D SPACE',''
  ) );
#4766 = PCURVE('',#4767,#4772);
#4767 = CYLINDRICAL_SURFACE('',#4768,1.);
#4768 = AXIS2_PLACEMENT_3D('',#4769,#4770,#4771);
#4769 = CARTESIAN_POINT('',(150.67265625,76.47,-1.));
#4770 = DIRECTION('',(0.,0.,1.));
#4771 = DIRECTION('',(-0.,1.,0.));
#4772 = DEFINITIONAL_REPRESENTATION('',(#4773),#4777);
#4773 = LINE('',#4774,#4775);
#4774 = CARTESIAN_POINT('',(0.,1.));
#4775 = VECTOR('',#4776,1.);
#4776 = DIRECTION('',(1.,0.));
#4777 = ( GEOMETRIC_REPRESENTATION_CONTEXT(2) 
PARAMETRIC_REPRESENTATION_CONTEXT() REPRESENTATION_CONTEXT('2D SPACE',''
  ) );
#4778 = ORIENTED_EDGE('',*,*,#4779,.T.);
#4779 = EDGE_CURVE('',#4751,#4780,#4782,.T.);
#4780 = VERTEX_POINT('',#4781);
#4781 = CARTESIAN_POINT('',(158.09296875,77.47,0.));
#4782 = SURFACE_CURVE('',#4783,(#4787,#4793),.PCURVE_S1.);
#4783 = LINE('',#4784,#4785);
#4784 = CARTESIAN_POINT('',(121.546484375,77.47,0.));
#4785 = VECTOR('',#4786,1.);
#4786 = DIRECTION('',(1.,0.,-0.));
#4787 = PCURVE('',#44,#4788);
#4788 = DEFINITIONAL_REPRESENTATION('',(#4789),#4792);
#4789 = B_SPLINE_CURVE_WITH_KNOTS('',1,(#4790,#4791),.UNSPECIFIED.,.F.,
  .F.,(2,2),(29.126171875,36.546484375),.PIECEWISE_BEZIER_KNOTS.);
#4790 = CARTESIAN_POINT('',(66.67265625,28.97));
#4791 = CARTESIAN_POINT('',(74.09296875,28.97));
#4792 = ( GEOMETRIC_REPRESENTATION_CONTEXT(2) 
PARAMETRIC_REPRESENTATION_CONTEXT() REPRESENTATION_CONTEXT('2D SPACE',''
  ) );
#4793 = PCURVE('',#4794,#4799);
#4794 = PLANE('',#4795);
#4795 = AXIS2_PLACEMENT_3D('',#4796,#4797,#4798);
#4796 = CARTESIAN_POINT('',(159.09296875,77.47,-1.));
#4797 = DIRECTION('',(0.,-1.,0.));
#4798 = DIRECTION('',(-1.,0.,0.));
#4799 = DEFINITIONAL_REPRESENTATION('',(#4800),#4803);
#4800 = B_SPLINE_CURVE_WITH_KNOTS('',1,(#4801,#4802),.UNSPECIFIED.,.F.,
  .F.,(2,2),(29.126171875,36.546484375),.PIECEWISE_BEZIER_KNOTS.);
#4801 = CARTESIAN_POINT('',(8.4203125,-1.));
#4802 = CARTESIAN_POINT('',(1.,-1.));
#4803 = ( GEOMETRIC_REPRESENTATION_CONTEXT(2) 
PARAMETRIC_REPRESENTATION_CONTEXT() REPRESENTATION_CONTEXT('2D SPACE',''
  ) );
#4804 = ORIENTED_EDGE('',*,*,#4805,.F.);
#4805 = EDGE_CURVE('',#4806,#4780,#4808,.T.);
#4806 = VERTEX_POINT('',#4807);
#4807 = CARTESIAN_POINT('',(159.09296875,76.47,0.));
#4808 = SURFACE_CURVE('',#4809,(#4814,#4821),.PCURVE_S1.);
#4809 = CIRCLE('',#4810,1.);
#4810 = AXIS2_PLACEMENT_3D('',#4811,#4812,#4813);
#4811 = CARTESIAN_POINT('',(158.09296875,76.47,0.));
#4812 = DIRECTION('',(0.,0.,1.));
#4813 = DIRECTION('',(1.,0.,-0.));
#4814 = PCURVE('',#44,#4815);
#4815 = DEFINITIONAL_REPRESENTATION('',(#4816),#4820);
#4816 = CIRCLE('',#4817,1.);
#4817 = AXIS2_PLACEMENT_2D('',#4818,#4819);
#4818 = CARTESIAN_POINT('',(74.09296875,27.97));
#4819 = DIRECTION('',(1.,0.));
#4820 = ( GEOMETRIC_REPRESENTATION_CONTEXT(2) 
PARAMETRIC_REPRESENTATION_CONTEXT() REPRESENTATION_CONTEXT('2D SPACE',''
  ) );
#4821 = PCURVE('',#4822,#4827);
#4822 = CYLINDRICAL_SURFACE('',#4823,1.);
#4823 = AXIS2_PLACEMENT_3D('',#4824,#4825,#4826);
#4824 = CARTESIAN_POINT('',(158.09296875,76.47,-1.));
#4825 = DIRECTION('',(0.,0.,1.));
#4826 = DIRECTION('',(1.,0.,-0.));
#4827 = DEFINITIONAL_REPRESENTATION('',(#4828),#4832);
#4828 = LINE('',#4829,#4830);
#4829 = CARTESIAN_POINT('',(0.,1.));
#4830 = VECTOR('',#4831,1.);
#4831 = DIRECTION('',(1.,0.));
#4832 = ( GEOMETRIC_REPRESENTATION_CONTEXT(2) 
PARAMETRIC_REPRESENTATION_CONTEXT() REPRESENTATION_CONTEXT('2D SPACE',''
  ) );
#4833 = ORIENTED_EDGE('',*,*,#4834,.T.);
#4834 = EDGE_CURVE('',#4806,#4641,#4835,.T.);
#4835 = SURFACE_CURVE('',#4836,(#4840,#4846),.PCURVE_S1.);
#4836 = LINE('',#4837,#4838);
#4837 = CARTESIAN_POINT('',(159.09296875,59.461666666667,0.));
#4838 = VECTOR('',#4839,1.);
#4839 = DIRECTION('',(0.,-1.,0.));
#4840 = PCURVE('',#44,#4841);
#4841 = DEFINITIONAL_REPRESENTATION('',(#4842),#4845);
#4842 = B_SPLINE_CURVE_WITH_KNOTS('',1,(#4843,#4844),.UNSPECIFIED.,.F.,
  .F.,(2,2),(-17.00833333333,-11.96166666666),.PIECEWISE_BEZIER_KNOTS.);
#4843 = CARTESIAN_POINT('',(75.09296875,27.97));
#4844 = CARTESIAN_POINT('',(75.09296875,22.923333333333));
#4845 = ( GEOMETRIC_REPRESENTATION_CONTEXT(2) 
PARAMETRIC_REPRESENTATION_CONTEXT() REPRESENTATION_CONTEXT('2D SPACE',''
  ) );
#4846 = PCURVE('',#4847,#4852);
#4847 = PLANE('',#4848);
#4848 = AXIS2_PLACEMENT_3D('',#4849,#4850,#4851);
#4849 = CARTESIAN_POINT('',(159.09296875,70.423333333333,-1.));
#4850 = DIRECTION('',(-1.,0.,0.));
#4851 = DIRECTION('',(0.,1.,0.));
#4852 = DEFINITIONAL_REPRESENTATION('',(#4853),#4856);
#4853 = B_SPLINE_CURVE_WITH_KNOTS('',1,(#4854,#4855),.UNSPECIFIED.,.F.,
  .F.,(2,2),(-17.00833333333,-11.96166666666),.PIECEWISE_BEZIER_KNOTS.);
#4854 = CARTESIAN_POINT('',(6.046666666667,-1.));
#4855 = CARTESIAN_POINT('',(1.,-1.));
#4856 = ( GEOMETRIC_REPRESENTATION_CONTEXT(2) 
PARAMETRIC_REPRESENTATION_CONTEXT() REPRESENTATION_CONTEXT('2D SPACE',''
  ) );
#4857 = FACE_BOUND('',#4858,.F.);
#4858 = EDGE_LOOP('',(#4859,#4890,#4916,#4945,#4971,#5000,#5026,#5055));
#4859 = ORIENTED_EDGE('',*,*,#4860,.F.);
#4860 = EDGE_CURVE('',#4861,#4863,#4865,.T.);
#4861 = VERTEX_POINT('',#4862);
#4862 = CARTESIAN_POINT('',(147.516796875,73.433333333333,0.));
#4863 = VERTEX_POINT('',#4864);
#4864 = CARTESIAN_POINT('',(149.016796875,74.933333333333,0.));
#4865 = SURFACE_CURVE('',#4866,(#4871,#4878),.PCURVE_S1.);
#4866 = CIRCLE('',#4867,1.5);
#4867 = AXIS2_PLACEMENT_3D('',#4868,#4869,#4870);
#4868 = CARTESIAN_POINT('',(147.516796875,74.933333333333,0.));
#4869 = DIRECTION('',(0.,0.,1.));
#4870 = DIRECTION('',(0.,-1.,0.));
#4871 = PCURVE('',#44,#4872);
#4872 = DEFINITIONAL_REPRESENTATION('',(#4873),#4877);
#4873 = CIRCLE('',#4874,1.5);
#4874 = AXIS2_PLACEMENT_2D('',#4875,#4876);
#4875 = CARTESIAN_POINT('',(63.516796875,26.433333333333));
#4876 = DIRECTION('',(0.,-1.));
#4877 = ( GEOMETRIC_REPRESENTATION_CONTEXT(2) 
PARAMETRIC_REPRESENTATION_CONTEXT() REPRESENTATION_CONTEXT('2D SPACE',''
  ) );
#4878 = PCURVE('',#4879,#4884);
#4879 = CYLINDRICAL_SURFACE('',#4880,1.5);
#4880 = AXIS2_PLACEMENT_3D('',#4881,#4882,#4883);
#4881 = CARTESIAN_POINT('',(147.516796875,74.933333333333,-1.));
#4882 = DIRECTION('',(0.,0.,1.));
#4883 = DIRECTION('',(0.,-1.,0.));
#4884 = DEFINITIONAL_REPRESENTATION('',(#4885),#4889);
#4885 = LINE('',#4886,#4887);
#4886 = CARTESIAN_POINT('',(0.,1.));
#4887 = VECTOR('',#4888,1.);
#4888 = DIRECTION('',(1.,0.));
#4889 = ( GEOMETRIC_REPRESENTATION_CONTEXT(2) 
PARAMETRIC_REPRESENTATION_CONTEXT() REPRESENTATION_CONTEXT('2D SPACE',''
  ) );
#4890 = ORIENTED_EDGE('',*,*,#4891,.T.);
#4891 = EDGE_CURVE('',#4861,#4892,#4894,.T.);
#4892 = VERTEX_POINT('',#4893);
#4893 = CARTESIAN_POINT('',(109.06328125,73.433333333333,0.));
#4894 = SURFACE_CURVE('',#4895,(#4899,#4905),.PCURVE_S1.);
#4895 = LINE('',#4896,#4897);
#4896 = CARTESIAN_POINT('',(95.781640625,73.433333333333,0.));
#4897 = VECTOR('',#4898,1.);
#4898 = DIRECTION('',(-1.,0.,0.));
#4899 = PCURVE('',#44,#4900);
#4900 = DEFINITIONAL_REPRESENTATION('',(#4901),#4904);
#4901 = B_SPLINE_CURVE_WITH_KNOTS('',1,(#4902,#4903),.UNSPECIFIED.,.F.,
  .F.,(2,2),(-51.73515625,-13.281640625),.PIECEWISE_BEZIER_KNOTS.);
#4902 = CARTESIAN_POINT('',(63.516796875,24.933333333333));
#4903 = CARTESIAN_POINT('',(25.06328125,24.933333333333));
#4904 = ( GEOMETRIC_REPRESENTATION_CONTEXT(2) 
PARAMETRIC_REPRESENTATION_CONTEXT() REPRESENTATION_CONTEXT('2D SPACE',''
  ) );
#4905 = PCURVE('',#4906,#4911);
#4906 = PLANE('',#4907);
#4907 = AXIS2_PLACEMENT_3D('',#4908,#4909,#4910);
#4908 = CARTESIAN_POINT('',(107.56328125,73.433333333333,-1.));
#4909 = DIRECTION('',(0.,1.,0.));
#4910 = DIRECTION('',(1.,0.,0.));
#4911 = DEFINITIONAL_REPRESENTATION('',(#4912),#4915);
#4912 = B_SPLINE_CURVE_WITH_KNOTS('',1,(#4913,#4914),.UNSPECIFIED.,.F.,
  .F.,(2,2),(-51.73515625,-13.281640625),.PIECEWISE_BEZIER_KNOTS.);
#4913 = CARTESIAN_POINT('',(39.953515625,-1.));
#4914 = CARTESIAN_POINT('',(1.5,-1.));
#4915 = ( GEOMETRIC_REPRESENTATION_CONTEXT(2) 
PARAMETRIC_REPRESENTATION_CONTEXT() REPRESENTATION_CONTEXT('2D SPACE',''
  ) );
#4916 = ORIENTED_EDGE('',*,*,#4917,.F.);
#4917 = EDGE_CURVE('',#4918,#4892,#4920,.T.);
#4918 = VERTEX_POINT('',#4919);
#4919 = CARTESIAN_POINT('',(107.56328125,74.933333333333,0.));
#4920 = SURFACE_CURVE('',#4921,(#4926,#4933),.PCURVE_S1.);
#4921 = CIRCLE('',#4922,1.5);
#4922 = AXIS2_PLACEMENT_3D('',#4923,#4924,#4925);
#4923 = CARTESIAN_POINT('',(109.06328125,74.933333333333,0.));
#4924 = DIRECTION('',(0.,0.,1.));
#4925 = DIRECTION('',(0.,-1.,0.));
#4926 = PCURVE('',#44,#4927);
#4927 = DEFINITIONAL_REPRESENTATION('',(#4928),#4932);
#4928 = CIRCLE('',#4929,1.5);
#4929 = AXIS2_PLACEMENT_2D('',#4930,#4931);
#4930 = CARTESIAN_POINT('',(25.06328125,26.433333333333));
#4931 = DIRECTION('',(0.,-1.));
#4932 = ( GEOMETRIC_REPRESENTATION_CONTEXT(2) 
PARAMETRIC_REPRESENTATION_CONTEXT() REPRESENTATION_CONTEXT('2D SPACE',''
  ) );
#4933 = PCURVE('',#4934,#4939);
#4934 = CYLINDRICAL_SURFACE('',#4935,1.5);
#4935 = AXIS2_PLACEMENT_3D('',#4936,#4937,#4938);
#4936 = CARTESIAN_POINT('',(109.06328125,74.933333333333,-1.));
#4937 = DIRECTION('',(0.,0.,1.));
#4938 = DIRECTION('',(0.,-1.,0.));
#4939 = DEFINITIONAL_REPRESENTATION('',(#4940),#4944);
#4940 = LINE('',#4941,#4942);
#4941 = CARTESIAN_POINT('',(-6.28318530718,1.));
#4942 = VECTOR('',#4943,1.);
#4943 = DIRECTION('',(1.,-0.));
#4944 = ( GEOMETRIC_REPRESENTATION_CONTEXT(2) 
PARAMETRIC_REPRESENTATION_CONTEXT() REPRESENTATION_CONTEXT('2D SPACE',''
  ) );
#4945 = ORIENTED_EDGE('',*,*,#4946,.T.);
#4946 = EDGE_CURVE('',#4918,#4947,#4949,.T.);
#4947 = VERTEX_POINT('',#4948);
#4948 = CARTESIAN_POINT('',(107.56328125,85.143333333333,0.));
#4949 = SURFACE_CURVE('',#4950,(#4954,#4960),.PCURVE_S1.);
#4950 = LINE('',#4951,#4952);
#4951 = CARTESIAN_POINT('',(107.56328125,67.571666666667,0.));
#4952 = VECTOR('',#4953,1.);
#4953 = DIRECTION('',(-0.,1.,0.));
#4954 = PCURVE('',#44,#4955);
#4955 = DEFINITIONAL_REPRESENTATION('',(#4956),#4959);
#4956 = B_SPLINE_CURVE_WITH_KNOTS('',1,(#4957,#4958),.UNSPECIFIED.,.F.,
  .F.,(2,2),(7.361666666667,17.571666666667),.PIECEWISE_BEZIER_KNOTS.);
#4957 = CARTESIAN_POINT('',(23.56328125,26.433333333333));
#4958 = CARTESIAN_POINT('',(23.56328125,36.643333333333));
#4959 = ( GEOMETRIC_REPRESENTATION_CONTEXT(2) 
PARAMETRIC_REPRESENTATION_CONTEXT() REPRESENTATION_CONTEXT('2D SPACE',''
  ) );
#4960 = PCURVE('',#4961,#4966);
#4961 = PLANE('',#4962);
#4962 = AXIS2_PLACEMENT_3D('',#4963,#4964,#4965);
#4963 = CARTESIAN_POINT('',(107.56328125,86.643333333333,-1.));
#4964 = DIRECTION('',(1.,0.,-0.));
#4965 = DIRECTION('',(0.,-1.,0.));
#4966 = DEFINITIONAL_REPRESENTATION('',(#4967),#4970);
#4967 = B_SPLINE_CURVE_WITH_KNOTS('',1,(#4968,#4969),.UNSPECIFIED.,.F.,
  .F.,(2,2),(7.361666666667,17.571666666667),.PIECEWISE_BEZIER_KNOTS.);
#4968 = CARTESIAN_POINT('',(11.71,-1.));
#4969 = CARTESIAN_POINT('',(1.5,-1.));
#4970 = ( GEOMETRIC_REPRESENTATION_CONTEXT(2) 
PARAMETRIC_REPRESENTATION_CONTEXT() REPRESENTATION_CONTEXT('2D SPACE',''
  ) );
#4971 = ORIENTED_EDGE('',*,*,#4972,.F.);
#4972 = EDGE_CURVE('',#4973,#4947,#4975,.T.);
#4973 = VERTEX_POINT('',#4974);
#4974 = CARTESIAN_POINT('',(109.06328125,86.643333333333,0.));
#4975 = SURFACE_CURVE('',#4976,(#4981,#4988),.PCURVE_S1.);
#4976 = CIRCLE('',#4977,1.5);
#4977 = AXIS2_PLACEMENT_3D('',#4978,#4979,#4980);
#4978 = CARTESIAN_POINT('',(109.06328125,85.143333333333,0.));
#4979 = DIRECTION('',(0.,0.,1.));
#4980 = DIRECTION('',(-0.,1.,0.));
#4981 = PCURVE('',#44,#4982);
#4982 = DEFINITIONAL_REPRESENTATION('',(#4983),#4987);
#4983 = CIRCLE('',#4984,1.5);
#4984 = AXIS2_PLACEMENT_2D('',#4985,#4986);
#4985 = CARTESIAN_POINT('',(25.06328125,36.643333333333));
#4986 = DIRECTION('',(0.,1.));
#4987 = ( GEOMETRIC_REPRESENTATION_CONTEXT(2) 
PARAMETRIC_REPRESENTATION_CONTEXT() REPRESENTATION_CONTEXT('2D SPACE',''
  ) );
#4988 = PCURVE('',#4989,#4994);
#4989 = CYLINDRICAL_SURFACE('',#4990,1.5);
#4990 = AXIS2_PLACEMENT_3D('',#4991,#4992,#4993);
#4991 = CARTESIAN_POINT('',(109.06328125,85.143333333333,-1.));
#4992 = DIRECTION('',(0.,0.,1.));
#4993 = DIRECTION('',(-0.,1.,0.));
#4994 = DEFINITIONAL_REPRESENTATION('',(#4995),#4999);
#4995 = LINE('',#4996,#4997);
#4996 = CARTESIAN_POINT('',(0.,1.));
#4997 = VECTOR('',#4998,1.);
#4998 = DIRECTION('',(1.,0.));
#4999 = ( GEOMETRIC_REPRESENTATION_CONTEXT(2) 
PARAMETRIC_REPRESENTATION_CONTEXT() REPRESENTATION_CONTEXT('2D SPACE',''
  ) );
#5000 = ORIENTED_EDGE('',*,*,#5001,.T.);
#5001 = EDGE_CURVE('',#4973,#5002,#5004,.T.);
#5002 = VERTEX_POINT('',#5003);
#5003 = CARTESIAN_POINT('',(147.516796875,86.643333333333,0.));
#5004 = SURFACE_CURVE('',#5005,(#5009,#5015),.PCURVE_S1.);
#5005 = LINE('',#5006,#5007);
#5006 = CARTESIAN_POINT('',(116.5083984375,86.643333333333,0.));
#5007 = VECTOR('',#5008,1.);
#5008 = DIRECTION('',(1.,0.,-0.));
#5009 = PCURVE('',#44,#5010);
#5010 = DEFINITIONAL_REPRESENTATION('',(#5011),#5014);
#5011 = B_SPLINE_CURVE_WITH_KNOTS('',1,(#5012,#5013),.UNSPECIFIED.,.F.,
  .F.,(2,2),(-7.4451171875,31.0083984375),.PIECEWISE_BEZIER_KNOTS.);
#5012 = CARTESIAN_POINT('',(25.06328125,38.143333333333));
#5013 = CARTESIAN_POINT('',(63.516796875,38.143333333333));
#5014 = ( GEOMETRIC_REPRESENTATION_CONTEXT(2) 
PARAMETRIC_REPRESENTATION_CONTEXT() REPRESENTATION_CONTEXT('2D SPACE',''
  ) );
#5015 = PCURVE('',#5016,#5021);
#5016 = PLANE('',#5017);
#5017 = AXIS2_PLACEMENT_3D('',#5018,#5019,#5020);
#5018 = CARTESIAN_POINT('',(149.016796875,86.643333333333,-1.));
#5019 = DIRECTION('',(0.,-1.,0.));
#5020 = DIRECTION('',(-1.,0.,0.));
#5021 = DEFINITIONAL_REPRESENTATION('',(#5022),#5025);
#5022 = B_SPLINE_CURVE_WITH_KNOTS('',1,(#5023,#5024),.UNSPECIFIED.,.F.,
  .F.,(2,2),(-7.4451171875,31.0083984375),.PIECEWISE_BEZIER_KNOTS.);
#5023 = CARTESIAN_POINT('',(39.953515625,-1.));
#5024 = CARTESIAN_POINT('',(1.5,-1.));
#5025 = ( GEOMETRIC_REPRESENTATION_CONTEXT(2) 
PARAMETRIC_REPRESENTATION_CONTEXT() REPRESENTATION_CONTEXT('2D SPACE',''
  ) );
#5026 = ORIENTED_EDGE('',*,*,#5027,.F.);
#5027 = EDGE_CURVE('',#5028,#5002,#5030,.T.);
#5028 = VERTEX_POINT('',#5029);
#5029 = CARTESIAN_POINT('',(149.016796875,85.143333333333,0.));
#5030 = SURFACE_CURVE('',#5031,(#5036,#5043),.PCURVE_S1.);
#5031 = CIRCLE('',#5032,1.5);
#5032 = AXIS2_PLACEMENT_3D('',#5033,#5034,#5035);
#5033 = CARTESIAN_POINT('',(147.516796875,85.143333333333,0.));
#5034 = DIRECTION('',(0.,0.,1.));
#5035 = DIRECTION('',(1.,0.,-0.));
#5036 = PCURVE('',#44,#5037);
#5037 = DEFINITIONAL_REPRESENTATION('',(#5038),#5042);
#5038 = CIRCLE('',#5039,1.5);
#5039 = AXIS2_PLACEMENT_2D('',#5040,#5041);
#5040 = CARTESIAN_POINT('',(63.516796875,36.643333333333));
#5041 = DIRECTION('',(1.,0.));
#5042 = ( GEOMETRIC_REPRESENTATION_CONTEXT(2) 
PARAMETRIC_REPRESENTATION_CONTEXT() REPRESENTATION_CONTEXT('2D SPACE',''
  ) );
#5043 = PCURVE('',#5044,#5049);
#5044 = CYLINDRICAL_SURFACE('',#5045,1.5);
#5045 = AXIS2_PLACEMENT_3D('',#5046,#5047,#5048);
#5046 = CARTESIAN_POINT('',(147.516796875,85.143333333333,-1.));
#5047 = DIRECTION('',(0.,0.,1.));
#5048 = DIRECTION('',(1.,0.,-0.));
#5049 = DEFINITIONAL_REPRESENTATION('',(#5050),#5054);
#5050 = LINE('',#5051,#5052);
#5051 = CARTESIAN_POINT('',(0.,1.));
#5052 = VECTOR('',#5053,1.);
#5053 = DIRECTION('',(1.,0.));
#5054 = ( GEOMETRIC_REPRESENTATION_CONTEXT(2) 
PARAMETRIC_REPRESENTATION_CONTEXT() REPRESENTATION_CONTEXT('2D SPACE',''
  ) );
#5055 = ORIENTED_EDGE('',*,*,#5056,.T.);
#5056 = EDGE_CURVE('',#5028,#4863,#5057,.T.);
#5057 = SURFACE_CURVE('',#5058,(#5062,#5068),.PCURVE_S1.);
#5058 = LINE('',#5059,#5060);
#5059 = CARTESIAN_POINT('',(149.016796875,60.966666666667,0.));
#5060 = VECTOR('',#5061,1.);
#5061 = DIRECTION('',(0.,-1.,0.));
#5062 = PCURVE('',#44,#5063);
#5063 = DEFINITIONAL_REPRESENTATION('',(#5064),#5067);
#5064 = B_SPLINE_CURVE_WITH_KNOTS('',1,(#5065,#5066),.UNSPECIFIED.,.F.,
  .F.,(2,2),(-24.17666666666,-13.96666666666),.PIECEWISE_BEZIER_KNOTS.);
#5065 = CARTESIAN_POINT('',(65.016796875,36.643333333333));
#5066 = CARTESIAN_POINT('',(65.016796875,26.433333333333));
#5067 = ( GEOMETRIC_REPRESENTATION_CONTEXT(2) 
PARAMETRIC_REPRESENTATION_CONTEXT() REPRESENTATION_CONTEXT('2D SPACE',''
  ) );
#5068 = PCURVE('',#5069,#5074);
#5069 = PLANE('',#5070);
#5070 = AXIS2_PLACEMENT_3D('',#5071,#5072,#5073);
#5071 = CARTESIAN_POINT('',(149.016796875,73.433333333333,-1.));
#5072 = DIRECTION('',(-1.,0.,0.));
#5073 = DIRECTION('',(0.,1.,0.));
#5074 = DEFINITIONAL_REPRESENTATION('',(#5075),#5078);
#5075 = B_SPLINE_CURVE_WITH_KNOTS('',1,(#5076,#5077),.UNSPECIFIED.,.F.,
  .F.,(2,2),(-24.17666666666,-13.96666666666),.PIECEWISE_BEZIER_KNOTS.);
#5076 = CARTESIAN_POINT('',(11.71,-1.));
#5077 = CARTESIAN_POINT('',(1.5,-1.));
#5078 = ( GEOMETRIC_REPRESENTATION_CONTEXT(2) 
PARAMETRIC_REPRESENTATION_CONTEXT() REPRESENTATION_CONTEXT('2D SPACE',''
  ) );
#5079 = FACE_BOUND('',#5080,.F.);
#5080 = EDGE_LOOP('',(#5081));
#5081 = ORIENTED_EDGE('',*,*,#5082,.T.);
#5082 = EDGE_CURVE('',#5083,#5083,#5085,.T.);
#5083 = VERTEX_POINT('',#5084);
#5084 = CARTESIAN_POINT('',(157.526328125,81.543333333333,0.));
#5085 = SURFACE_CURVE('',#5086,(#5091,#5102),.PCURVE_S1.);
#5086 = CIRCLE('',#5087,3.143515625);
#5087 = AXIS2_PLACEMENT_3D('',#5088,#5089,#5090);
#5088 = CARTESIAN_POINT('',(154.3828125,81.543333333333,0.));
#5089 = DIRECTION('',(0.,0.,-1.));
#5090 = DIRECTION('',(1.,0.,0.));
#5091 = PCURVE('',#44,#5092);
#5092 = DEFINITIONAL_REPRESENTATION('',(#5093),#5101);
#5093 = ( BOUNDED_CURVE() B_SPLINE_CURVE(2,(#5094,#5095,#5096,#5097,
#5098,#5099,#5100),.UNSPECIFIED.,.T.,.F.) B_SPLINE_CURVE_WITH_KNOTS((1,2
    ,2,2,2,1),(-2.094395102393,0.,2.094395102393,4.188790204786,
6.28318530718,8.377580409573),.UNSPECIFIED.) CURVE() 
GEOMETRIC_REPRESENTATION_ITEM() RATIONAL_B_SPLINE_CURVE((1.,0.5,1.,0.5,
1.,0.5,1.)) REPRESENTATION_ITEM('') );
#5094 = CARTESIAN_POINT('',(73.526328125,33.043333333333));
#5095 = CARTESIAN_POINT('',(73.526328125,27.598604556447));
#5096 = CARTESIAN_POINT('',(68.8110546875,30.32096894489));
#5097 = CARTESIAN_POINT('',(64.09578125,33.043333333333));
#5098 = CARTESIAN_POINT('',(68.8110546875,35.765697721777));
#5099 = CARTESIAN_POINT('',(73.526328125,38.48806211022));
#5100 = CARTESIAN_POINT('',(73.526328125,33.043333333333));
#5101 = ( GEOMETRIC_REPRESENTATION_CONTEXT(2) 
PARAMETRIC_REPRESENTATION_CONTEXT() REPRESENTATION_CONTEXT('2D SPACE',''
  ) );
#5102 = PCURVE('',#5103,#5108);
#5103 = CYLINDRICAL_SURFACE('',#5104,3.143515625);
#5104 = AXIS2_PLACEMENT_3D('',#5105,#5106,#5107);
#5105 = CARTESIAN_POINT('',(154.3828125,81.543333333333,-1.));
#5106 = DIRECTION('',(-0.,-0.,-1.));
#5107 = DIRECTION('',(1.,0.,0.));
#5108 = DEFINITIONAL_REPRESENTATION('',(#5109),#5113);
#5109 = LINE('',#5110,#5111);
#5110 = CARTESIAN_POINT('',(-6.28318530718,-1.));
#5111 = VECTOR('',#5112,1.);
#5112 = DIRECTION('',(1.,-0.));
#5113 = ( GEOMETRIC_REPRESENTATION_CONTEXT(2) 
PARAMETRIC_REPRESENTATION_CONTEXT() REPRESENTATION_CONTEXT('2D SPACE',''
  ) );
#5114 = ADVANCED_FACE('',(#5115),#72,.T.);
#5115 = FACE_BOUND('',#5116,.F.);
#5116 = EDGE_LOOP('',(#5117,#5150,#5178,#5204));
#5117 = ORIENTED_EDGE('',*,*,#5118,.T.);
#5118 = EDGE_CURVE('',#22,#5119,#5121,.T.);
#5119 = VERTEX_POINT('',#5120);
#5120 = CARTESIAN_POINT('',(-2.22044604925E-16,1.5,0.));
#5121 = SURFACE_CURVE('',#5122,(#5127,#5134),.PCURVE_S1.);
#5122 = CIRCLE('',#5123,1.5);
#5123 = AXIS2_PLACEMENT_3D('',#5124,#5125,#5126);
#5124 = CARTESIAN_POINT('',(1.5,1.5,0.));
#5125 = DIRECTION('',(-0.,-0.,-1.));
#5126 = DIRECTION('',(0.,-1.,0.));
#5127 = PCURVE('',#72,#5128);
#5128 = DEFINITIONAL_REPRESENTATION('',(#5129),#5133);
#5129 = LINE('',#5130,#5131);
#5130 = CARTESIAN_POINT('',(-0.,0.));
#5131 = VECTOR('',#5132,1.);
#5132 = DIRECTION('',(-1.,0.));
#5133 = ( GEOMETRIC_REPRESENTATION_CONTEXT(2) 
PARAMETRIC_REPRESENTATION_CONTEXT() REPRESENTATION_CONTEXT('2D SPACE',''
  ) );
#5134 = PCURVE('',#5135,#5140);
#5135 = PLANE('',#5136);
#5136 = AXIS2_PLACEMENT_3D('',#5137,#5138,#5139);
#5137 = CARTESIAN_POINT('',(0.75,48.5,0.));
#5138 = DIRECTION('',(0.,0.,1.));
#5139 = DIRECTION('',(1.,0.,-0.));
#5140 = DEFINITIONAL_REPRESENTATION('',(#5141),#5149);
#5141 = ( BOUNDED_CURVE() B_SPLINE_CURVE(2,(#5142,#5143,#5144,#5145,
#5146,#5147,#5148),.UNSPECIFIED.,.T.,.F.) B_SPLINE_CURVE_WITH_KNOTS((1,2
    ,2,2,2,1),(-2.094395102393,0.,2.094395102393,4.188790204786,
6.28318530718,8.377580409573),.UNSPECIFIED.) CURVE() 
GEOMETRIC_REPRESENTATION_ITEM() RATIONAL_B_SPLINE_CURVE((1.,0.5,1.,0.5,
1.,0.5,1.)) REPRESENTATION_ITEM('') );
#5142 = CARTESIAN_POINT('',(0.75,-48.5));
#5143 = CARTESIAN_POINT('',(-1.848076211353,-48.5));
#5144 = CARTESIAN_POINT('',(-0.549038105677,-46.25));
#5145 = CARTESIAN_POINT('',(0.75,-44.));
#5146 = CARTESIAN_POINT('',(2.049038105677,-46.25));
#5147 = CARTESIAN_POINT('',(3.348076211353,-48.5));
#5148 = CARTESIAN_POINT('',(0.75,-48.5));
#5149 = ( GEOMETRIC_REPRESENTATION_CONTEXT(2) 
PARAMETRIC_REPRESENTATION_CONTEXT() REPRESENTATION_CONTEXT('2D SPACE',''
  ) );
#5150 = ORIENTED_EDGE('',*,*,#5151,.T.);
#5151 = EDGE_CURVE('',#5119,#5152,#5154,.T.);
#5152 = VERTEX_POINT('',#5153);
#5153 = CARTESIAN_POINT('',(-2.22044604925E-16,1.5,2.));
#5154 = SURFACE_CURVE('',#5155,(#5159,#5166),.PCURVE_S1.);
#5155 = LINE('',#5156,#5157);
#5156 = CARTESIAN_POINT('',(-2.22044604925E-16,1.5,0.));
#5157 = VECTOR('',#5158,1.);
#5158 = DIRECTION('',(0.,0.,1.));
#5159 = PCURVE('',#72,#5160);
#5160 = DEFINITIONAL_REPRESENTATION('',(#5161),#5165);
#5161 = LINE('',#5162,#5163);
#5162 = CARTESIAN_POINT('',(-1.570796326795,0.));
#5163 = VECTOR('',#5164,1.);
#5164 = DIRECTION('',(-0.,1.));
#5165 = ( GEOMETRIC_REPRESENTATION_CONTEXT(2) 
PARAMETRIC_REPRESENTATION_CONTEXT() REPRESENTATION_CONTEXT('2D SPACE',''
  ) );
#5166 = PCURVE('',#5167,#5172);
#5167 = PLANE('',#5168);
#5168 = AXIS2_PLACEMENT_3D('',#5169,#5170,#5171);
#5169 = CARTESIAN_POINT('',(0.,97.,0.));
#5170 = DIRECTION('',(1.,0.,-0.));
#5171 = DIRECTION('',(0.,-1.,0.));
#5172 = DEFINITIONAL_REPRESENTATION('',(#5173),#5177);
#5173 = LINE('',#5174,#5175);
#5174 = CARTESIAN_POINT('',(95.5,0.));
#5175 = VECTOR('',#5176,1.);
#5176 = DIRECTION('',(0.,-1.));
#5177 = ( GEOMETRIC_REPRESENTATION_CONTEXT(2) 
PARAMETRIC_REPRESENTATION_CONTEXT() REPRESENTATION_CONTEXT('2D SPACE',''
  ) );
#5178 = ORIENTED_EDGE('',*,*,#5179,.F.);
#5179 = EDGE_CURVE('',#57,#5152,#5180,.T.);
#5180 = SURFACE_CURVE('',#5181,(#5186,#5193),.PCURVE_S1.);
#5181 = CIRCLE('',#5182,1.5);
#5182 = AXIS2_PLACEMENT_3D('',#5183,#5184,#5185);
#5183 = CARTESIAN_POINT('',(1.5,1.5,2.));
#5184 = DIRECTION('',(-0.,-0.,-1.));
#5185 = DIRECTION('',(0.,-1.,0.));
#5186 = PCURVE('',#72,#5187);
#5187 = DEFINITIONAL_REPRESENTATION('',(#5188),#5192);
#5188 = LINE('',#5189,#5190);
#5189 = CARTESIAN_POINT('',(-0.,2.));
#5190 = VECTOR('',#5191,1.);
#5191 = DIRECTION('',(-1.,0.));
#5192 = ( GEOMETRIC_REPRESENTATION_CONTEXT(2) 
PARAMETRIC_REPRESENTATION_CONTEXT() REPRESENTATION_CONTEXT('2D SPACE',''
  ) );
#5193 = PCURVE('',#100,#5194);
#5194 = DEFINITIONAL_REPRESENTATION('',(#5195),#5203);
#5195 = ( BOUNDED_CURVE() B_SPLINE_CURVE(2,(#5196,#5197,#5198,#5199,
#5200,#5201,#5202),.UNSPECIFIED.,.T.,.F.) B_SPLINE_CURVE_WITH_KNOTS((1,2
    ,2,2,2,1),(-2.094395102393,0.,2.094395102393,4.188790204786,
6.28318530718,8.377580409573),.UNSPECIFIED.) CURVE() 
GEOMETRIC_REPRESENTATION_ITEM() RATIONAL_B_SPLINE_CURVE((1.,0.5,1.,0.5,
1.,0.5,1.)) REPRESENTATION_ITEM('') );
#5196 = CARTESIAN_POINT('',(-82.5,-48.5));
#5197 = CARTESIAN_POINT('',(-85.09807621135,-48.5));
#5198 = CARTESIAN_POINT('',(-83.79903810567,-46.25));
#5199 = CARTESIAN_POINT('',(-82.5,-44.));
#5200 = CARTESIAN_POINT('',(-81.20096189432,-46.25));
#5201 = CARTESIAN_POINT('',(-79.90192378864,-48.5));
#5202 = CARTESIAN_POINT('',(-82.5,-48.5));
#5203 = ( GEOMETRIC_REPRESENTATION_CONTEXT(2) 
PARAMETRIC_REPRESENTATION_CONTEXT() REPRESENTATION_CONTEXT('2D SPACE',''
  ) );
#5204 = ORIENTED_EDGE('',*,*,#56,.F.);
#5205 = ADVANCED_FACE('',(#5206),#126,.T.);
#5206 = FACE_BOUND('',#5207,.T.);
#5207 = EDGE_LOOP('',(#5208,#5237,#5265,#5287));
#5208 = ORIENTED_EDGE('',*,*,#5209,.T.);
#5209 = EDGE_CURVE('',#24,#5210,#5212,.T.);
#5210 = VERTEX_POINT('',#5211);
#5211 = CARTESIAN_POINT('',(168.,1.5,0.));
#5212 = SURFACE_CURVE('',#5213,(#5218,#5225),.PCURVE_S1.);
#5213 = CIRCLE('',#5214,1.5);
#5214 = AXIS2_PLACEMENT_3D('',#5215,#5216,#5217);
#5215 = CARTESIAN_POINT('',(166.5,1.5,0.));
#5216 = DIRECTION('',(0.,0.,1.));
#5217 = DIRECTION('',(0.,-1.,0.));
#5218 = PCURVE('',#126,#5219);
#5219 = DEFINITIONAL_REPRESENTATION('',(#5220),#5224);
#5220 = LINE('',#5221,#5222);
#5221 = CARTESIAN_POINT('',(0.,0.));
#5222 = VECTOR('',#5223,1.);
#5223 = DIRECTION('',(1.,0.));
#5224 = ( GEOMETRIC_REPRESENTATION_CONTEXT(2) 
PARAMETRIC_REPRESENTATION_CONTEXT() REPRESENTATION_CONTEXT('2D SPACE',''
  ) );
#5225 = PCURVE('',#5226,#5231);
#5226 = PLANE('',#5227);
#5227 = AXIS2_PLACEMENT_3D('',#5228,#5229,#5230);
#5228 = CARTESIAN_POINT('',(167.25,48.5,0.));
#5229 = DIRECTION('',(0.,0.,1.));
#5230 = DIRECTION('',(1.,0.,-0.));
#5231 = DEFINITIONAL_REPRESENTATION('',(#5232),#5236);
#5232 = CIRCLE('',#5233,1.5);
#5233 = AXIS2_PLACEMENT_2D('',#5234,#5235);
#5234 = CARTESIAN_POINT('',(-0.75,-47.));
#5235 = DIRECTION('',(0.,-1.));
#5236 = ( GEOMETRIC_REPRESENTATION_CONTEXT(2) 
PARAMETRIC_REPRESENTATION_CONTEXT() REPRESENTATION_CONTEXT('2D SPACE',''
  ) );
#5237 = ORIENTED_EDGE('',*,*,#5238,.T.);
#5238 = EDGE_CURVE('',#5210,#5239,#5241,.T.);
#5239 = VERTEX_POINT('',#5240);
#5240 = CARTESIAN_POINT('',(168.,1.5,2.));
#5241 = SURFACE_CURVE('',#5242,(#5246,#5253),.PCURVE_S1.);
#5242 = LINE('',#5243,#5244);
#5243 = CARTESIAN_POINT('',(168.,1.5,0.));
#5244 = VECTOR('',#5245,1.);
#5245 = DIRECTION('',(0.,0.,1.));
#5246 = PCURVE('',#126,#5247);
#5247 = DEFINITIONAL_REPRESENTATION('',(#5248),#5252);
#5248 = LINE('',#5249,#5250);
#5249 = CARTESIAN_POINT('',(1.570796326795,0.));
#5250 = VECTOR('',#5251,1.);
#5251 = DIRECTION('',(0.,1.));
#5252 = ( GEOMETRIC_REPRESENTATION_CONTEXT(2) 
PARAMETRIC_REPRESENTATION_CONTEXT() REPRESENTATION_CONTEXT('2D SPACE',''
  ) );
#5253 = PCURVE('',#5254,#5259);
#5254 = PLANE('',#5255);
#5255 = AXIS2_PLACEMENT_3D('',#5256,#5257,#5258);
#5256 = CARTESIAN_POINT('',(168.,0.,0.));
#5257 = DIRECTION('',(-1.,0.,0.));
#5258 = DIRECTION('',(0.,1.,0.));
#5259 = DEFINITIONAL_REPRESENTATION('',(#5260),#5264);
#5260 = LINE('',#5261,#5262);
#5261 = CARTESIAN_POINT('',(1.5,0.));
#5262 = VECTOR('',#5263,1.);
#5263 = DIRECTION('',(0.,-1.));
#5264 = ( GEOMETRIC_REPRESENTATION_CONTEXT(2) 
PARAMETRIC_REPRESENTATION_CONTEXT() REPRESENTATION_CONTEXT('2D SPACE',''
  ) );
#5265 = ORIENTED_EDGE('',*,*,#5266,.F.);
#5266 = EDGE_CURVE('',#85,#5239,#5267,.T.);
#5267 = SURFACE_CURVE('',#5268,(#5273,#5280),.PCURVE_S1.);
#5268 = CIRCLE('',#5269,1.5);
#5269 = AXIS2_PLACEMENT_3D('',#5270,#5271,#5272);
#5270 = CARTESIAN_POINT('',(166.5,1.5,2.));
#5271 = DIRECTION('',(0.,0.,1.));
#5272 = DIRECTION('',(0.,-1.,0.));
#5273 = PCURVE('',#126,#5274);
#5274 = DEFINITIONAL_REPRESENTATION('',(#5275),#5279);
#5275 = LINE('',#5276,#5277);
#5276 = CARTESIAN_POINT('',(0.,2.));
#5277 = VECTOR('',#5278,1.);
#5278 = DIRECTION('',(1.,0.));
#5279 = ( GEOMETRIC_REPRESENTATION_CONTEXT(2) 
PARAMETRIC_REPRESENTATION_CONTEXT() REPRESENTATION_CONTEXT('2D SPACE',''
  ) );
#5280 = PCURVE('',#100,#5281);
#5281 = DEFINITIONAL_REPRESENTATION('',(#5282),#5286);
#5282 = CIRCLE('',#5283,1.5);
#5283 = AXIS2_PLACEMENT_2D('',#5284,#5285);
#5284 = CARTESIAN_POINT('',(82.5,-47.));
#5285 = DIRECTION('',(0.,-1.));
#5286 = ( GEOMETRIC_REPRESENTATION_CONTEXT(2) 
PARAMETRIC_REPRESENTATION_CONTEXT() REPRESENTATION_CONTEXT('2D SPACE',''
  ) );
#5287 = ORIENTED_EDGE('',*,*,#112,.F.);
#5288 = ADVANCED_FACE('',(#5289,#5424,#5606,#6478,#7586,#7616,#7798,
    #7828,#8010,#8192,#8423,#8605,#8635,#8665,#8847,#9029,#9059,#9241,
    #9423),#100,.T.);
#5289 = FACE_BOUND('',#5290,.T.);
#5290 = EDGE_LOOP('',(#5291,#5292,#5293,#5316,#5345,#5373,#5402,#5423));
#5291 = ORIENTED_EDGE('',*,*,#84,.T.);
#5292 = ORIENTED_EDGE('',*,*,#5266,.T.);
#5293 = ORIENTED_EDGE('',*,*,#5294,.T.);
#5294 = EDGE_CURVE('',#5239,#5295,#5297,.T.);
#5295 = VERTEX_POINT('',#5296);
#5296 = CARTESIAN_POINT('',(168.,95.5,2.));
#5297 = SURFACE_CURVE('',#5298,(#5302,#5309),.PCURVE_S1.);
#5298 = LINE('',#5299,#5300);
#5299 = CARTESIAN_POINT('',(168.,0.,2.));
#5300 = VECTOR('',#5301,1.);
#5301 = DIRECTION('',(0.,1.,0.));
#5302 = PCURVE('',#100,#5303);
#5303 = DEFINITIONAL_REPRESENTATION('',(#5304),#5308);
#5304 = LINE('',#5305,#5306);
#5305 = CARTESIAN_POINT('',(84.,-48.5));
#5306 = VECTOR('',#5307,1.);
#5307 = DIRECTION('',(0.,1.));
#5308 = ( GEOMETRIC_REPRESENTATION_CONTEXT(2) 
PARAMETRIC_REPRESENTATION_CONTEXT() REPRESENTATION_CONTEXT('2D SPACE',''
  ) );
#5309 = PCURVE('',#5254,#5310);
#5310 = DEFINITIONAL_REPRESENTATION('',(#5311),#5315);
#5311 = LINE('',#5312,#5313);
#5312 = CARTESIAN_POINT('',(0.,-2.));
#5313 = VECTOR('',#5314,1.);
#5314 = DIRECTION('',(1.,0.));
#5315 = ( GEOMETRIC_REPRESENTATION_CONTEXT(2) 
PARAMETRIC_REPRESENTATION_CONTEXT() REPRESENTATION_CONTEXT('2D SPACE',''
  ) );
#5316 = ORIENTED_EDGE('',*,*,#5317,.T.);
#5317 = EDGE_CURVE('',#5295,#5318,#5320,.T.);
#5318 = VERTEX_POINT('',#5319);
#5319 = CARTESIAN_POINT('',(166.5,97.,2.));
#5320 = SURFACE_CURVE('',#5321,(#5326,#5333),.PCURVE_S1.);
#5321 = CIRCLE('',#5322,1.5);
#5322 = AXIS2_PLACEMENT_3D('',#5323,#5324,#5325);
#5323 = CARTESIAN_POINT('',(166.5,95.5,2.));
#5324 = DIRECTION('',(0.,0.,1.));
#5325 = DIRECTION('',(0.,-1.,0.));
#5326 = PCURVE('',#100,#5327);
#5327 = DEFINITIONAL_REPRESENTATION('',(#5328),#5332);
#5328 = CIRCLE('',#5329,1.5);
#5329 = AXIS2_PLACEMENT_2D('',#5330,#5331);
#5330 = CARTESIAN_POINT('',(82.5,47.));
#5331 = DIRECTION('',(0.,-1.));
#5332 = ( GEOMETRIC_REPRESENTATION_CONTEXT(2) 
PARAMETRIC_REPRESENTATION_CONTEXT() REPRESENTATION_CONTEXT('2D SPACE',''
  ) );
#5333 = PCURVE('',#5334,#5339);
#5334 = CYLINDRICAL_SURFACE('',#5335,1.5);
#5335 = AXIS2_PLACEMENT_3D('',#5336,#5337,#5338);
#5336 = CARTESIAN_POINT('',(166.5,95.5,0.));
#5337 = DIRECTION('',(0.,0.,1.));
#5338 = DIRECTION('',(1.,0.,-0.));
#5339 = DEFINITIONAL_REPRESENTATION('',(#5340),#5344);
#5340 = LINE('',#5341,#5342);
#5341 = CARTESIAN_POINT('',(-1.570796326795,2.));
#5342 = VECTOR('',#5343,1.);
#5343 = DIRECTION('',(1.,0.));
#5344 = ( GEOMETRIC_REPRESENTATION_CONTEXT(2) 
PARAMETRIC_REPRESENTATION_CONTEXT() REPRESENTATION_CONTEXT('2D SPACE',''
  ) );
#5345 = ORIENTED_EDGE('',*,*,#5346,.T.);
#5346 = EDGE_CURVE('',#5318,#5347,#5349,.T.);
#5347 = VERTEX_POINT('',#5348);
#5348 = CARTESIAN_POINT('',(1.5,97.,2.));
#5349 = SURFACE_CURVE('',#5350,(#5354,#5361),.PCURVE_S1.);
#5350 = LINE('',#5351,#5352);
#5351 = CARTESIAN_POINT('',(168.,97.,2.));
#5352 = VECTOR('',#5353,1.);
#5353 = DIRECTION('',(-1.,0.,0.));
#5354 = PCURVE('',#100,#5355);
#5355 = DEFINITIONAL_REPRESENTATION('',(#5356),#5360);
#5356 = LINE('',#5357,#5358);
#5357 = CARTESIAN_POINT('',(84.,48.5));
#5358 = VECTOR('',#5359,1.);
#5359 = DIRECTION('',(-1.,0.));
#5360 = ( GEOMETRIC_REPRESENTATION_CONTEXT(2) 
PARAMETRIC_REPRESENTATION_CONTEXT() REPRESENTATION_CONTEXT('2D SPACE',''
  ) );
#5361 = PCURVE('',#5362,#5367);
#5362 = PLANE('',#5363);
#5363 = AXIS2_PLACEMENT_3D('',#5364,#5365,#5366);
#5364 = CARTESIAN_POINT('',(168.,97.,0.));
#5365 = DIRECTION('',(0.,-1.,0.));
#5366 = DIRECTION('',(-1.,0.,0.));
#5367 = DEFINITIONAL_REPRESENTATION('',(#5368),#5372);
#5368 = LINE('',#5369,#5370);
#5369 = CARTESIAN_POINT('',(0.,-2.));
#5370 = VECTOR('',#5371,1.);
#5371 = DIRECTION('',(1.,0.));
#5372 = ( GEOMETRIC_REPRESENTATION_CONTEXT(2) 
PARAMETRIC_REPRESENTATION_CONTEXT() REPRESENTATION_CONTEXT('2D SPACE',''
  ) );
#5373 = ORIENTED_EDGE('',*,*,#5374,.T.);
#5374 = EDGE_CURVE('',#5347,#5375,#5377,.T.);
#5375 = VERTEX_POINT('',#5376);
#5376 = CARTESIAN_POINT('',(-2.22044604925E-16,95.5,2.));
#5377 = SURFACE_CURVE('',#5378,(#5383,#5390),.PCURVE_S1.);
#5378 = CIRCLE('',#5379,1.5);
#5379 = AXIS2_PLACEMENT_3D('',#5380,#5381,#5382);
#5380 = CARTESIAN_POINT('',(1.5,95.5,2.));
#5381 = DIRECTION('',(0.,0.,1.));
#5382 = DIRECTION('',(0.,-1.,0.));
#5383 = PCURVE('',#100,#5384);
#5384 = DEFINITIONAL_REPRESENTATION('',(#5385),#5389);
#5385 = CIRCLE('',#5386,1.5);
#5386 = AXIS2_PLACEMENT_2D('',#5387,#5388);
#5387 = CARTESIAN_POINT('',(-82.5,47.));
#5388 = DIRECTION('',(0.,-1.));
#5389 = ( GEOMETRIC_REPRESENTATION_CONTEXT(2) 
PARAMETRIC_REPRESENTATION_CONTEXT() REPRESENTATION_CONTEXT('2D SPACE',''
  ) );
#5390 = PCURVE('',#5391,#5396);
#5391 = CYLINDRICAL_SURFACE('',#5392,1.5);
#5392 = AXIS2_PLACEMENT_3D('',#5393,#5394,#5395);
#5393 = CARTESIAN_POINT('',(1.5,95.5,0.));
#5394 = DIRECTION('',(0.,0.,1.));
#5395 = DIRECTION('',(-0.,1.,0.));
#5396 = DEFINITIONAL_REPRESENTATION('',(#5397),#5401);
#5397 = LINE('',#5398,#5399);
#5398 = CARTESIAN_POINT('',(-3.14159265359,2.));
#5399 = VECTOR('',#5400,1.);
#5400 = DIRECTION('',(1.,0.));
#5401 = ( GEOMETRIC_REPRESENTATION_CONTEXT(2) 
PARAMETRIC_REPRESENTATION_CONTEXT() REPRESENTATION_CONTEXT('2D SPACE',''
  ) );
#5402 = ORIENTED_EDGE('',*,*,#5403,.T.);
#5403 = EDGE_CURVE('',#5375,#5152,#5404,.T.);
#5404 = SURFACE_CURVE('',#5405,(#5409,#5416),.PCURVE_S1.);
#5405 = LINE('',#5406,#5407);
#5406 = CARTESIAN_POINT('',(0.,97.,2.));
#5407 = VECTOR('',#5408,1.);
#5408 = DIRECTION('',(0.,-1.,0.));
#5409 = PCURVE('',#100,#5410);
#5410 = DEFINITIONAL_REPRESENTATION('',(#5411),#5415);
#5411 = LINE('',#5412,#5413);
#5412 = CARTESIAN_POINT('',(-84.,48.5));
#5413 = VECTOR('',#5414,1.);
#5414 = DIRECTION('',(0.,-1.));
#5415 = ( GEOMETRIC_REPRESENTATION_CONTEXT(2) 
PARAMETRIC_REPRESENTATION_CONTEXT() REPRESENTATION_CONTEXT('2D SPACE',''
  ) );
#5416 = PCURVE('',#5167,#5417);
#5417 = DEFINITIONAL_REPRESENTATION('',(#5418),#5422);
#5418 = LINE('',#5419,#5420);
#5419 = CARTESIAN_POINT('',(0.,-2.));
#5420 = VECTOR('',#5421,1.);
#5421 = DIRECTION('',(1.,0.));
#5422 = ( GEOMETRIC_REPRESENTATION_CONTEXT(2) 
PARAMETRIC_REPRESENTATION_CONTEXT() REPRESENTATION_CONTEXT('2D SPACE',''
  ) );
#5423 = ORIENTED_EDGE('',*,*,#5179,.F.);
#5424 = FACE_BOUND('',#5425,.T.);
#5425 = EDGE_LOOP('',(#5426,#5452,#5473,#5497,#5518,#5542,#5563,#5587));
#5426 = ORIENTED_EDGE('',*,*,#5427,.F.);
#5427 = EDGE_CURVE('',#5428,#5430,#5432,.T.);
#5428 = VERTEX_POINT('',#5429);
#5429 = CARTESIAN_POINT('',(16.778515625,14.666666666667,2.));
#5430 = VERTEX_POINT('',#5431);
#5431 = CARTESIAN_POINT('',(18.778515625,16.666666666667,2.));
#5432 = SURFACE_CURVE('',#5433,(#5438,#5445),.PCURVE_S1.);
#5433 = CIRCLE('',#5434,2.);
#5434 = AXIS2_PLACEMENT_3D('',#5435,#5436,#5437);
#5435 = CARTESIAN_POINT('',(16.778515625,16.666666666667,2.));
#5436 = DIRECTION('',(0.,0.,1.));
#5437 = DIRECTION('',(0.,-1.,0.));
#5438 = PCURVE('',#100,#5439);
#5439 = DEFINITIONAL_REPRESENTATION('',(#5440),#5444);
#5440 = CIRCLE('',#5441,2.);
#5441 = AXIS2_PLACEMENT_2D('',#5442,#5443);
#5442 = CARTESIAN_POINT('',(-67.221484375,-31.83333333333));
#5443 = DIRECTION('',(0.,-1.));
#5444 = ( GEOMETRIC_REPRESENTATION_CONTEXT(2) 
PARAMETRIC_REPRESENTATION_CONTEXT() REPRESENTATION_CONTEXT('2D SPACE',''
  ) );
#5445 = PCURVE('',#245,#5446);
#5446 = DEFINITIONAL_REPRESENTATION('',(#5447),#5451);
#5447 = LINE('',#5448,#5449);
#5448 = CARTESIAN_POINT('',(0.,3.));
#5449 = VECTOR('',#5450,1.);
#5450 = DIRECTION('',(1.,0.));
#5451 = ( GEOMETRIC_REPRESENTATION_CONTEXT(2) 
PARAMETRIC_REPRESENTATION_CONTEXT() REPRESENTATION_CONTEXT('2D SPACE',''
  ) );
#5452 = ORIENTED_EDGE('',*,*,#5453,.T.);
#5453 = EDGE_CURVE('',#5428,#5454,#5456,.T.);
#5454 = VERTEX_POINT('',#5455);
#5455 = CARTESIAN_POINT('',(10.455859375,14.666666666667,2.));
#5456 = SURFACE_CURVE('',#5457,(#5461,#5467),.PCURVE_S1.);
#5457 = LINE('',#5458,#5459);
#5458 = CARTESIAN_POINT('',(46.2279296875,14.666666666667,2.));
#5459 = VECTOR('',#5460,1.);
#5460 = DIRECTION('',(-1.,0.,0.));
#5461 = PCURVE('',#100,#5462);
#5462 = DEFINITIONAL_REPRESENTATION('',(#5463),#5466);
#5463 = B_SPLINE_CURVE_WITH_KNOTS('',1,(#5464,#5465),.UNSPECIFIED.,.F.,
  .F.,(2,2),(29.4494140625,35.7720703125),.PIECEWISE_BEZIER_KNOTS.);
#5464 = CARTESIAN_POINT('',(-67.221484375,-33.83333333333));
#5465 = CARTESIAN_POINT('',(-73.544140625,-33.83333333333));
#5466 = ( GEOMETRIC_REPRESENTATION_CONTEXT(2) 
PARAMETRIC_REPRESENTATION_CONTEXT() REPRESENTATION_CONTEXT('2D SPACE',''
  ) );
#5467 = PCURVE('',#272,#5468);
#5468 = DEFINITIONAL_REPRESENTATION('',(#5469),#5472);
#5469 = B_SPLINE_CURVE_WITH_KNOTS('',1,(#5470,#5471),.UNSPECIFIED.,.F.,
  .F.,(2,2),(29.4494140625,35.7720703125),.PIECEWISE_BEZIER_KNOTS.);
#5470 = CARTESIAN_POINT('',(8.32265625,-3.));
#5471 = CARTESIAN_POINT('',(2.,-3.));
#5472 = ( GEOMETRIC_REPRESENTATION_CONTEXT(2) 
PARAMETRIC_REPRESENTATION_CONTEXT() REPRESENTATION_CONTEXT('2D SPACE',''
  ) );
#5473 = ORIENTED_EDGE('',*,*,#5474,.F.);
#5474 = EDGE_CURVE('',#5475,#5454,#5477,.T.);
#5475 = VERTEX_POINT('',#5476);
#5476 = CARTESIAN_POINT('',(8.455859375,16.666666666667,2.));
#5477 = SURFACE_CURVE('',#5478,(#5483,#5490),.PCURVE_S1.);
#5478 = CIRCLE('',#5479,2.);
#5479 = AXIS2_PLACEMENT_3D('',#5480,#5481,#5482);
#5480 = CARTESIAN_POINT('',(10.455859375,16.666666666667,2.));
#5481 = DIRECTION('',(0.,0.,1.));
#5482 = DIRECTION('',(0.,-1.,0.));
#5483 = PCURVE('',#100,#5484);
#5484 = DEFINITIONAL_REPRESENTATION('',(#5485),#5489);
#5485 = CIRCLE('',#5486,2.);
#5486 = AXIS2_PLACEMENT_2D('',#5487,#5488);
#5487 = CARTESIAN_POINT('',(-73.544140625,-31.83333333333));
#5488 = DIRECTION('',(0.,-1.));
#5489 = ( GEOMETRIC_REPRESENTATION_CONTEXT(2) 
PARAMETRIC_REPRESENTATION_CONTEXT() REPRESENTATION_CONTEXT('2D SPACE',''
  ) );
#5490 = PCURVE('',#300,#5491);
#5491 = DEFINITIONAL_REPRESENTATION('',(#5492),#5496);
#5492 = LINE('',#5493,#5494);
#5493 = CARTESIAN_POINT('',(-6.28318530718,3.));
#5494 = VECTOR('',#5495,1.);
#5495 = DIRECTION('',(1.,-0.));
#5496 = ( GEOMETRIC_REPRESENTATION_CONTEXT(2) 
PARAMETRIC_REPRESENTATION_CONTEXT() REPRESENTATION_CONTEXT('2D SPACE',''
  ) );
#5497 = ORIENTED_EDGE('',*,*,#5498,.T.);
#5498 = EDGE_CURVE('',#5475,#5499,#5501,.T.);
#5499 = VERTEX_POINT('',#5500);
#5500 = CARTESIAN_POINT('',(8.455859375,33.903333333333,2.));
#5501 = SURFACE_CURVE('',#5502,(#5506,#5512),.PCURVE_S1.);
#5502 = LINE('',#5503,#5504);
#5503 = CARTESIAN_POINT('',(8.455859375,42.201666666667,2.));
#5504 = VECTOR('',#5505,1.);
#5505 = DIRECTION('',(-0.,1.,0.));
#5506 = PCURVE('',#100,#5507);
#5507 = DEFINITIONAL_REPRESENTATION('',(#5508),#5511);
#5508 = B_SPLINE_CURVE_WITH_KNOTS('',1,(#5509,#5510),.UNSPECIFIED.,.F.,
  .F.,(2,2),(-25.535,-8.298333333333),.PIECEWISE_BEZIER_KNOTS.);
#5509 = CARTESIAN_POINT('',(-75.544140625,-31.83333333333));
#5510 = CARTESIAN_POINT('',(-75.544140625,-14.59666666666));
#5511 = ( GEOMETRIC_REPRESENTATION_CONTEXT(2) 
PARAMETRIC_REPRESENTATION_CONTEXT() REPRESENTATION_CONTEXT('2D SPACE',''
  ) );
#5512 = PCURVE('',#327,#5513);
#5513 = DEFINITIONAL_REPRESENTATION('',(#5514),#5517);
#5514 = B_SPLINE_CURVE_WITH_KNOTS('',1,(#5515,#5516),.UNSPECIFIED.,.F.,
  .F.,(2,2),(-25.535,-8.298333333333),.PIECEWISE_BEZIER_KNOTS.);
#5515 = CARTESIAN_POINT('',(19.236666666667,-3.));
#5516 = CARTESIAN_POINT('',(2.,-3.));
#5517 = ( GEOMETRIC_REPRESENTATION_CONTEXT(2) 
PARAMETRIC_REPRESENTATION_CONTEXT() REPRESENTATION_CONTEXT('2D SPACE',''
  ) );
#5518 = ORIENTED_EDGE('',*,*,#5519,.F.);
#5519 = EDGE_CURVE('',#5520,#5499,#5522,.T.);
#5520 = VERTEX_POINT('',#5521);
#5521 = CARTESIAN_POINT('',(10.455859375,35.903333333333,2.));
#5522 = SURFACE_CURVE('',#5523,(#5528,#5535),.PCURVE_S1.);
#5523 = CIRCLE('',#5524,2.);
#5524 = AXIS2_PLACEMENT_3D('',#5525,#5526,#5527);
#5525 = CARTESIAN_POINT('',(10.455859375,33.903333333333,2.));
#5526 = DIRECTION('',(0.,0.,1.));
#5527 = DIRECTION('',(-0.,1.,0.));
#5528 = PCURVE('',#100,#5529);
#5529 = DEFINITIONAL_REPRESENTATION('',(#5530),#5534);
#5530 = CIRCLE('',#5531,2.);
#5531 = AXIS2_PLACEMENT_2D('',#5532,#5533);
#5532 = CARTESIAN_POINT('',(-73.544140625,-14.59666666666));
#5533 = DIRECTION('',(0.,1.));
#5534 = ( GEOMETRIC_REPRESENTATION_CONTEXT(2) 
PARAMETRIC_REPRESENTATION_CONTEXT() REPRESENTATION_CONTEXT('2D SPACE',''
  ) );
#5535 = PCURVE('',#355,#5536);
#5536 = DEFINITIONAL_REPRESENTATION('',(#5537),#5541);
#5537 = LINE('',#5538,#5539);
#5538 = CARTESIAN_POINT('',(0.,3.));
#5539 = VECTOR('',#5540,1.);
#5540 = DIRECTION('',(1.,0.));
#5541 = ( GEOMETRIC_REPRESENTATION_CONTEXT(2) 
PARAMETRIC_REPRESENTATION_CONTEXT() REPRESENTATION_CONTEXT('2D SPACE',''
  ) );
#5542 = ORIENTED_EDGE('',*,*,#5543,.T.);
#5543 = EDGE_CURVE('',#5520,#5544,#5546,.T.);
#5544 = VERTEX_POINT('',#5545);
#5545 = CARTESIAN_POINT('',(16.778515625,35.903333333333,2.));
#5546 = SURFACE_CURVE('',#5547,(#5551,#5557),.PCURVE_S1.);
#5547 = LINE('',#5548,#5549);
#5548 = CARTESIAN_POINT('',(51.3892578125,35.903333333333,2.));
#5549 = VECTOR('',#5550,1.);
#5550 = DIRECTION('',(1.,0.,-0.));
#5551 = PCURVE('',#100,#5552);
#5552 = DEFINITIONAL_REPRESENTATION('',(#5553),#5556);
#5553 = B_SPLINE_CURVE_WITH_KNOTS('',1,(#5554,#5555),.UNSPECIFIED.,.F.,
  .F.,(2,2),(-40.9333984375,-34.6107421875),.PIECEWISE_BEZIER_KNOTS.);
#5554 = CARTESIAN_POINT('',(-73.544140625,-12.59666666666));
#5555 = CARTESIAN_POINT('',(-67.221484375,-12.59666666666));
#5556 = ( GEOMETRIC_REPRESENTATION_CONTEXT(2) 
PARAMETRIC_REPRESENTATION_CONTEXT() REPRESENTATION_CONTEXT('2D SPACE',''
  ) );
#5557 = PCURVE('',#382,#5558);
#5558 = DEFINITIONAL_REPRESENTATION('',(#5559),#5562);
#5559 = B_SPLINE_CURVE_WITH_KNOTS('',1,(#5560,#5561),.UNSPECIFIED.,.F.,
  .F.,(2,2),(-40.9333984375,-34.6107421875),.PIECEWISE_BEZIER_KNOTS.);
#5560 = CARTESIAN_POINT('',(8.32265625,-3.));
#5561 = CARTESIAN_POINT('',(2.,-3.));
#5562 = ( GEOMETRIC_REPRESENTATION_CONTEXT(2) 
PARAMETRIC_REPRESENTATION_CONTEXT() REPRESENTATION_CONTEXT('2D SPACE',''
  ) );
#5563 = ORIENTED_EDGE('',*,*,#5564,.F.);
#5564 = EDGE_CURVE('',#5565,#5544,#5567,.T.);
#5565 = VERTEX_POINT('',#5566);
#5566 = CARTESIAN_POINT('',(18.778515625,33.903333333333,2.));
#5567 = SURFACE_CURVE('',#5568,(#5573,#5580),.PCURVE_S1.);
#5568 = CIRCLE('',#5569,2.);
#5569 = AXIS2_PLACEMENT_3D('',#5570,#5571,#5572);
#5570 = CARTESIAN_POINT('',(16.778515625,33.903333333333,2.));
#5571 = DIRECTION('',(0.,0.,1.));
#5572 = DIRECTION('',(1.,0.,-0.));
#5573 = PCURVE('',#100,#5574);
#5574 = DEFINITIONAL_REPRESENTATION('',(#5575),#5579);
#5575 = CIRCLE('',#5576,2.);
#5576 = AXIS2_PLACEMENT_2D('',#5577,#5578);
#5577 = CARTESIAN_POINT('',(-67.221484375,-14.59666666666));
#5578 = DIRECTION('',(1.,0.));
#5579 = ( GEOMETRIC_REPRESENTATION_CONTEXT(2) 
PARAMETRIC_REPRESENTATION_CONTEXT() REPRESENTATION_CONTEXT('2D SPACE',''
  ) );
#5580 = PCURVE('',#410,#5581);
#5581 = DEFINITIONAL_REPRESENTATION('',(#5582),#5586);
#5582 = LINE('',#5583,#5584);
#5583 = CARTESIAN_POINT('',(0.,3.));
#5584 = VECTOR('',#5585,1.);
#5585 = DIRECTION('',(1.,0.));
#5586 = ( GEOMETRIC_REPRESENTATION_CONTEXT(2) 
PARAMETRIC_REPRESENTATION_CONTEXT() REPRESENTATION_CONTEXT('2D SPACE',''
  ) );
#5587 = ORIENTED_EDGE('',*,*,#5588,.T.);
#5588 = EDGE_CURVE('',#5565,#5430,#5589,.T.);
#5589 = SURFACE_CURVE('',#5590,(#5594,#5600),.PCURVE_S1.);
#5590 = LINE('',#5591,#5592);
#5591 = CARTESIAN_POINT('',(18.778515625,31.583333333333,2.));
#5592 = VECTOR('',#5593,1.);
#5593 = DIRECTION('',(0.,-1.,0.));
#5594 = PCURVE('',#100,#5595);
#5595 = DEFINITIONAL_REPRESENTATION('',(#5596),#5599);
#5596 = B_SPLINE_CURVE_WITH_KNOTS('',1,(#5597,#5598),.UNSPECIFIED.,.F.,
  .F.,(2,2),(-2.32,14.916666666667),.PIECEWISE_BEZIER_KNOTS.);
#5597 = CARTESIAN_POINT('',(-65.221484375,-14.59666666666));
#5598 = CARTESIAN_POINT('',(-65.221484375,-31.83333333333));
#5599 = ( GEOMETRIC_REPRESENTATION_CONTEXT(2) 
PARAMETRIC_REPRESENTATION_CONTEXT() REPRESENTATION_CONTEXT('2D SPACE',''
  ) );
#5600 = PCURVE('',#435,#5601);
#5601 = DEFINITIONAL_REPRESENTATION('',(#5602),#5605);
#5602 = B_SPLINE_CURVE_WITH_KNOTS('',1,(#5603,#5604),.UNSPECIFIED.,.F.,
  .F.,(2,2),(-2.32,14.916666666667),.PIECEWISE_BEZIER_KNOTS.);
#5603 = CARTESIAN_POINT('',(19.236666666667,-3.));
#5604 = CARTESIAN_POINT('',(2.,-3.));
#5605 = ( GEOMETRIC_REPRESENTATION_CONTEXT(2) 
PARAMETRIC_REPRESENTATION_CONTEXT() REPRESENTATION_CONTEXT('2D SPACE',''
  ) );
#5606 = FACE_BOUND('',#5607,.T.);
#5607 = EDGE_LOOP('',(#5608,#5634,#5658,#5679,#5703,#5724,#5748,#5772,
    #5793,#5817,#5841,#5862,#5886,#5910,#5931,#5955,#5976,#6000,#6024,
    #6045,#6069,#6093,#6114,#6138,#6159,#6183,#6207,#6228,#6252,#6276,
    #6297,#6321,#6345,#6366,#6390,#6411,#6435,#6459));
#5608 = ORIENTED_EDGE('',*,*,#5609,.F.);
#5609 = EDGE_CURVE('',#5610,#5612,#5614,.T.);
#5610 = VERTEX_POINT('',#5611);
#5611 = CARTESIAN_POINT('',(44.146484375,14.619331940791,2.));
#5612 = VERTEX_POINT('',#5613);
#5613 = CARTESIAN_POINT('',(45.147265625,14.236666666667,2.));
#5614 = SURFACE_CURVE('',#5615,(#5620,#5627),.PCURVE_S1.);
#5615 = CIRCLE('',#5616,1.5);
#5616 = AXIS2_PLACEMENT_3D('',#5617,#5618,#5619);
#5617 = CARTESIAN_POINT('',(45.147265625,15.736666666667,2.));
#5618 = DIRECTION('',(0.,0.,1.));
#5619 = DIRECTION('',(0.,-1.,0.));
#5620 = PCURVE('',#100,#5621);
#5621 = DEFINITIONAL_REPRESENTATION('',(#5622),#5626);
#5622 = CIRCLE('',#5623,1.5);
#5623 = AXIS2_PLACEMENT_2D('',#5624,#5625);
#5624 = CARTESIAN_POINT('',(-38.852734375,-32.76333333333));
#5625 = DIRECTION('',(0.,-1.));
#5626 = ( GEOMETRIC_REPRESENTATION_CONTEXT(2) 
PARAMETRIC_REPRESENTATION_CONTEXT() REPRESENTATION_CONTEXT('2D SPACE',''
  ) );
#5627 = PCURVE('',#467,#5628);
#5628 = DEFINITIONAL_REPRESENTATION('',(#5629),#5633);
#5629 = LINE('',#5630,#5631);
#5630 = CARTESIAN_POINT('',(-6.28318530718,3.));
#5631 = VECTOR('',#5632,1.);
#5632 = DIRECTION('',(1.,-0.));
#5633 = ( GEOMETRIC_REPRESENTATION_CONTEXT(2) 
PARAMETRIC_REPRESENTATION_CONTEXT() REPRESENTATION_CONTEXT('2D SPACE',''
  ) );
#5634 = ORIENTED_EDGE('',*,*,#5635,.F.);
#5635 = EDGE_CURVE('',#5636,#5610,#5638,.T.);
#5636 = VERTEX_POINT('',#5637);
#5637 = CARTESIAN_POINT('',(43.145703125,14.236666666667,2.));
#5638 = SURFACE_CURVE('',#5639,(#5644,#5651),.PCURVE_S1.);
#5639 = CIRCLE('',#5640,1.5);
#5640 = AXIS2_PLACEMENT_3D('',#5641,#5642,#5643);
#5641 = CARTESIAN_POINT('',(43.145703125,15.736666666667,2.));
#5642 = DIRECTION('',(0.,0.,1.));
#5643 = DIRECTION('',(0.,-1.,0.));
#5644 = PCURVE('',#100,#5645);
#5645 = DEFINITIONAL_REPRESENTATION('',(#5646),#5650);
#5646 = CIRCLE('',#5647,1.5);
#5647 = AXIS2_PLACEMENT_2D('',#5648,#5649);
#5648 = CARTESIAN_POINT('',(-40.854296875,-32.76333333333));
#5649 = DIRECTION('',(0.,-1.));
#5650 = ( GEOMETRIC_REPRESENTATION_CONTEXT(2) 
PARAMETRIC_REPRESENTATION_CONTEXT() REPRESENTATION_CONTEXT('2D SPACE',''
  ) );
#5651 = PCURVE('',#496,#5652);
#5652 = DEFINITIONAL_REPRESENTATION('',(#5653),#5657);
#5653 = LINE('',#5654,#5655);
#5654 = CARTESIAN_POINT('',(0.,3.));
#5655 = VECTOR('',#5656,1.);
#5656 = DIRECTION('',(1.,0.));
#5657 = ( GEOMETRIC_REPRESENTATION_CONTEXT(2) 
PARAMETRIC_REPRESENTATION_CONTEXT() REPRESENTATION_CONTEXT('2D SPACE',''
  ) );
#5658 = ORIENTED_EDGE('',*,*,#5659,.T.);
#5659 = EDGE_CURVE('',#5636,#5660,#5662,.T.);
#5660 = VERTEX_POINT('',#5661);
#5661 = CARTESIAN_POINT('',(21.23515625,14.236666666667,2.));
#5662 = SURFACE_CURVE('',#5663,(#5667,#5673),.PCURVE_S1.);
#5663 = LINE('',#5664,#5665);
#5664 = CARTESIAN_POINT('',(51.867578125,14.236666666667,2.));
#5665 = VECTOR('',#5666,1.);
#5666 = DIRECTION('',(-1.,0.,0.));
#5667 = PCURVE('',#100,#5668);
#5668 = DEFINITIONAL_REPRESENTATION('',(#5669),#5672);
#5669 = B_SPLINE_CURVE_WITH_KNOTS('',1,(#5670,#5671),.UNSPECIFIED.,.F.,
  .F.,(2,2),(8.721875,30.632421875),.PIECEWISE_BEZIER_KNOTS.);
#5670 = CARTESIAN_POINT('',(-40.854296875,-34.26333333333));
#5671 = CARTESIAN_POINT('',(-62.76484375,-34.26333333333));
#5672 = ( GEOMETRIC_REPRESENTATION_CONTEXT(2) 
PARAMETRIC_REPRESENTATION_CONTEXT() REPRESENTATION_CONTEXT('2D SPACE',''
  ) );
#5673 = PCURVE('',#523,#5674);
#5674 = DEFINITIONAL_REPRESENTATION('',(#5675),#5678);
#5675 = B_SPLINE_CURVE_WITH_KNOTS('',1,(#5676,#5677),.UNSPECIFIED.,.F.,
  .F.,(2,2),(8.721875,30.632421875),.PIECEWISE_BEZIER_KNOTS.);
#5676 = CARTESIAN_POINT('',(23.410546875,-3.));
#5677 = CARTESIAN_POINT('',(1.5,-3.));
#5678 = ( GEOMETRIC_REPRESENTATION_CONTEXT(2) 
PARAMETRIC_REPRESENTATION_CONTEXT() REPRESENTATION_CONTEXT('2D SPACE',''
  ) );
#5679 = ORIENTED_EDGE('',*,*,#5680,.F.);
#5680 = EDGE_CURVE('',#5681,#5660,#5683,.T.);
#5681 = VERTEX_POINT('',#5682);
#5682 = CARTESIAN_POINT('',(19.73515625,15.736666666667,2.));
#5683 = SURFACE_CURVE('',#5684,(#5689,#5696),.PCURVE_S1.);
#5684 = CIRCLE('',#5685,1.5);
#5685 = AXIS2_PLACEMENT_3D('',#5686,#5687,#5688);
#5686 = CARTESIAN_POINT('',(21.23515625,15.736666666667,2.));
#5687 = DIRECTION('',(0.,0.,1.));
#5688 = DIRECTION('',(0.,-1.,0.));
#5689 = PCURVE('',#100,#5690);
#5690 = DEFINITIONAL_REPRESENTATION('',(#5691),#5695);
#5691 = CIRCLE('',#5692,1.5);
#5692 = AXIS2_PLACEMENT_2D('',#5693,#5694);
#5693 = CARTESIAN_POINT('',(-62.76484375,-32.76333333333));
#5694 = DIRECTION('',(0.,-1.));
#5695 = ( GEOMETRIC_REPRESENTATION_CONTEXT(2) 
PARAMETRIC_REPRESENTATION_CONTEXT() REPRESENTATION_CONTEXT('2D SPACE',''
  ) );
#5696 = PCURVE('',#551,#5697);
#5697 = DEFINITIONAL_REPRESENTATION('',(#5698),#5702);
#5698 = LINE('',#5699,#5700);
#5699 = CARTESIAN_POINT('',(-6.28318530718,3.));
#5700 = VECTOR('',#5701,1.);
#5701 = DIRECTION('',(1.,-0.));
#5702 = ( GEOMETRIC_REPRESENTATION_CONTEXT(2) 
PARAMETRIC_REPRESENTATION_CONTEXT() REPRESENTATION_CONTEXT('2D SPACE',''
  ) );
#5703 = ORIENTED_EDGE('',*,*,#5704,.T.);
#5704 = EDGE_CURVE('',#5681,#5705,#5707,.T.);
#5705 = VERTEX_POINT('',#5706);
#5706 = CARTESIAN_POINT('',(19.73515625,26.95,2.));
#5707 = SURFACE_CURVE('',#5708,(#5712,#5718),.PCURVE_S1.);
#5708 = LINE('',#5709,#5710);
#5709 = CARTESIAN_POINT('',(19.73515625,38.475,2.));
#5710 = VECTOR('',#5711,1.);
#5711 = DIRECTION('',(-0.,1.,0.));
#5712 = PCURVE('',#100,#5713);
#5713 = DEFINITIONAL_REPRESENTATION('',(#5714),#5717);
#5714 = B_SPLINE_CURVE_WITH_KNOTS('',1,(#5715,#5716),.UNSPECIFIED.,.F.,
  .F.,(2,2),(-22.73833333333,-11.525),.PIECEWISE_BEZIER_KNOTS.);
#5715 = CARTESIAN_POINT('',(-64.26484375,-32.76333333333));
#5716 = CARTESIAN_POINT('',(-64.26484375,-21.55));
#5717 = ( GEOMETRIC_REPRESENTATION_CONTEXT(2) 
PARAMETRIC_REPRESENTATION_CONTEXT() REPRESENTATION_CONTEXT('2D SPACE',''
  ) );
#5718 = PCURVE('',#578,#5719);
#5719 = DEFINITIONAL_REPRESENTATION('',(#5720),#5723);
#5720 = B_SPLINE_CURVE_WITH_KNOTS('',1,(#5721,#5722),.UNSPECIFIED.,.F.,
  .F.,(2,2),(-22.73833333333,-11.525),.PIECEWISE_BEZIER_KNOTS.);
#5721 = CARTESIAN_POINT('',(12.713333333333,-3.));
#5722 = CARTESIAN_POINT('',(1.5,-3.));
#5723 = ( GEOMETRIC_REPRESENTATION_CONTEXT(2) 
PARAMETRIC_REPRESENTATION_CONTEXT() REPRESENTATION_CONTEXT('2D SPACE',''
  ) );
#5724 = ORIENTED_EDGE('',*,*,#5725,.F.);
#5725 = EDGE_CURVE('',#5726,#5705,#5728,.T.);
#5726 = VERTEX_POINT('',#5727);
#5727 = CARTESIAN_POINT('',(20.105338172215,27.936666666667,2.));
#5728 = SURFACE_CURVE('',#5729,(#5734,#5741),.PCURVE_S1.);
#5729 = CIRCLE('',#5730,1.5);
#5730 = AXIS2_PLACEMENT_3D('',#5731,#5732,#5733);
#5731 = CARTESIAN_POINT('',(21.23515625,26.95,2.));
#5732 = DIRECTION('',(0.,0.,1.));
#5733 = DIRECTION('',(-0.,1.,0.));
#5734 = PCURVE('',#100,#5735);
#5735 = DEFINITIONAL_REPRESENTATION('',(#5736),#5740);
#5736 = CIRCLE('',#5737,1.5);
#5737 = AXIS2_PLACEMENT_2D('',#5738,#5739);
#5738 = CARTESIAN_POINT('',(-62.76484375,-21.55));
#5739 = DIRECTION('',(0.,1.));
#5740 = ( GEOMETRIC_REPRESENTATION_CONTEXT(2) 
PARAMETRIC_REPRESENTATION_CONTEXT() REPRESENTATION_CONTEXT('2D SPACE',''
  ) );
#5741 = PCURVE('',#606,#5742);
#5742 = DEFINITIONAL_REPRESENTATION('',(#5743),#5747);
#5743 = LINE('',#5744,#5745);
#5744 = CARTESIAN_POINT('',(0.,3.));
#5745 = VECTOR('',#5746,1.);
#5746 = DIRECTION('',(1.,0.));
#5747 = ( GEOMETRIC_REPRESENTATION_CONTEXT(2) 
PARAMETRIC_REPRESENTATION_CONTEXT() REPRESENTATION_CONTEXT('2D SPACE',''
  ) );
#5748 = ORIENTED_EDGE('',*,*,#5749,.F.);
#5749 = EDGE_CURVE('',#5750,#5726,#5752,.T.);
#5750 = VERTEX_POINT('',#5751);
#5751 = CARTESIAN_POINT('',(19.73515625,28.923333333333,2.));
#5752 = SURFACE_CURVE('',#5753,(#5758,#5765),.PCURVE_S1.);
#5753 = CIRCLE('',#5754,1.5);
#5754 = AXIS2_PLACEMENT_3D('',#5755,#5756,#5757);
#5755 = CARTESIAN_POINT('',(21.23515625,28.923333333333,2.));
#5756 = DIRECTION('',(0.,0.,1.));
#5757 = DIRECTION('',(0.,-1.,0.));
#5758 = PCURVE('',#100,#5759);
#5759 = DEFINITIONAL_REPRESENTATION('',(#5760),#5764);
#5760 = CIRCLE('',#5761,1.5);
#5761 = AXIS2_PLACEMENT_2D('',#5762,#5763);
#5762 = CARTESIAN_POINT('',(-62.76484375,-19.57666666666));
#5763 = DIRECTION('',(0.,-1.));
#5764 = ( GEOMETRIC_REPRESENTATION_CONTEXT(2) 
PARAMETRIC_REPRESENTATION_CONTEXT() REPRESENTATION_CONTEXT('2D SPACE',''
  ) );
#5765 = PCURVE('',#635,#5766);
#5766 = DEFINITIONAL_REPRESENTATION('',(#5767),#5771);
#5767 = LINE('',#5768,#5769);
#5768 = CARTESIAN_POINT('',(-6.28318530718,3.));
#5769 = VECTOR('',#5770,1.);
#5770 = DIRECTION('',(1.,-0.));
#5771 = ( GEOMETRIC_REPRESENTATION_CONTEXT(2) 
PARAMETRIC_REPRESENTATION_CONTEXT() REPRESENTATION_CONTEXT('2D SPACE',''
  ) );
#5772 = ORIENTED_EDGE('',*,*,#5773,.T.);
#5773 = EDGE_CURVE('',#5750,#5774,#5776,.T.);
#5774 = VERTEX_POINT('',#5775);
#5775 = CARTESIAN_POINT('',(19.73515625,40.136666666667,2.));
#5776 = SURFACE_CURVE('',#5777,(#5781,#5787),.PCURVE_S1.);
#5777 = LINE('',#5778,#5779);
#5778 = CARTESIAN_POINT('',(19.73515625,45.068333333333,2.));
#5779 = VECTOR('',#5780,1.);
#5780 = DIRECTION('',(-0.,1.,0.));
#5781 = PCURVE('',#100,#5782);
#5782 = DEFINITIONAL_REPRESENTATION('',(#5783),#5786);
#5783 = B_SPLINE_CURVE_WITH_KNOTS('',1,(#5784,#5785),.UNSPECIFIED.,.F.,
  .F.,(2,2),(-16.145,-4.931666666667),.PIECEWISE_BEZIER_KNOTS.);
#5784 = CARTESIAN_POINT('',(-64.26484375,-19.57666666666));
#5785 = CARTESIAN_POINT('',(-64.26484375,-8.363333333333));
#5786 = ( GEOMETRIC_REPRESENTATION_CONTEXT(2) 
PARAMETRIC_REPRESENTATION_CONTEXT() REPRESENTATION_CONTEXT('2D SPACE',''
  ) );
#5787 = PCURVE('',#662,#5788);
#5788 = DEFINITIONAL_REPRESENTATION('',(#5789),#5792);
#5789 = B_SPLINE_CURVE_WITH_KNOTS('',1,(#5790,#5791),.UNSPECIFIED.,.F.,
  .F.,(2,2),(-16.145,-4.931666666667),.PIECEWISE_BEZIER_KNOTS.);
#5790 = CARTESIAN_POINT('',(12.713333333333,-3.));
#5791 = CARTESIAN_POINT('',(1.5,-3.));
#5792 = ( GEOMETRIC_REPRESENTATION_CONTEXT(2) 
PARAMETRIC_REPRESENTATION_CONTEXT() REPRESENTATION_CONTEXT('2D SPACE',''
  ) );
#5793 = ORIENTED_EDGE('',*,*,#5794,.F.);
#5794 = EDGE_CURVE('',#5795,#5774,#5797,.T.);
#5795 = VERTEX_POINT('',#5796);
#5796 = CARTESIAN_POINT('',(20.105338172215,41.123333333334,2.));
#5797 = SURFACE_CURVE('',#5798,(#5803,#5810),.PCURVE_S1.);
#5798 = CIRCLE('',#5799,1.5);
#5799 = AXIS2_PLACEMENT_3D('',#5800,#5801,#5802);
#5800 = CARTESIAN_POINT('',(21.23515625,40.136666666667,2.));
#5801 = DIRECTION('',(0.,0.,1.));
#5802 = DIRECTION('',(-0.,1.,0.));
#5803 = PCURVE('',#100,#5804);
#5804 = DEFINITIONAL_REPRESENTATION('',(#5805),#5809);
#5805 = CIRCLE('',#5806,1.5);
#5806 = AXIS2_PLACEMENT_2D('',#5807,#5808);
#5807 = CARTESIAN_POINT('',(-62.76484375,-8.363333333333));
#5808 = DIRECTION('',(0.,1.));
#5809 = ( GEOMETRIC_REPRESENTATION_CONTEXT(2) 
PARAMETRIC_REPRESENTATION_CONTEXT() REPRESENTATION_CONTEXT('2D SPACE',''
  ) );
#5810 = PCURVE('',#690,#5811);
#5811 = DEFINITIONAL_REPRESENTATION('',(#5812),#5816);
#5812 = LINE('',#5813,#5814);
#5813 = CARTESIAN_POINT('',(0.,3.));
#5814 = VECTOR('',#5815,1.);
#5815 = DIRECTION('',(1.,0.));
#5816 = ( GEOMETRIC_REPRESENTATION_CONTEXT(2) 
PARAMETRIC_REPRESENTATION_CONTEXT() REPRESENTATION_CONTEXT('2D SPACE',''
  ) );
#5817 = ORIENTED_EDGE('',*,*,#5818,.F.);
#5818 = EDGE_CURVE('',#5819,#5795,#5821,.T.);
#5819 = VERTEX_POINT('',#5820);
#5820 = CARTESIAN_POINT('',(19.73515625,42.11,2.));
#5821 = SURFACE_CURVE('',#5822,(#5827,#5834),.PCURVE_S1.);
#5822 = CIRCLE('',#5823,1.5);
#5823 = AXIS2_PLACEMENT_3D('',#5824,#5825,#5826);
#5824 = CARTESIAN_POINT('',(21.23515625,42.11,2.));
#5825 = DIRECTION('',(0.,0.,1.));
#5826 = DIRECTION('',(0.,-1.,0.));
#5827 = PCURVE('',#100,#5828);
#5828 = DEFINITIONAL_REPRESENTATION('',(#5829),#5833);
#5829 = CIRCLE('',#5830,1.5);
#5830 = AXIS2_PLACEMENT_2D('',#5831,#5832);
#5831 = CARTESIAN_POINT('',(-62.76484375,-6.39));
#5832 = DIRECTION('',(0.,-1.));
#5833 = ( GEOMETRIC_REPRESENTATION_CONTEXT(2) 
PARAMETRIC_REPRESENTATION_CONTEXT() REPRESENTATION_CONTEXT('2D SPACE',''
  ) );
#5834 = PCURVE('',#719,#5835);
#5835 = DEFINITIONAL_REPRESENTATION('',(#5836),#5840);
#5836 = LINE('',#5837,#5838);
#5837 = CARTESIAN_POINT('',(-6.28318530718,3.));
#5838 = VECTOR('',#5839,1.);
#5839 = DIRECTION('',(1.,-0.));
#5840 = ( GEOMETRIC_REPRESENTATION_CONTEXT(2) 
PARAMETRIC_REPRESENTATION_CONTEXT() REPRESENTATION_CONTEXT('2D SPACE',''
  ) );
#5841 = ORIENTED_EDGE('',*,*,#5842,.T.);
#5842 = EDGE_CURVE('',#5819,#5843,#5845,.T.);
#5843 = VERTEX_POINT('',#5844);
#5844 = CARTESIAN_POINT('',(19.73515625,53.323333333333,2.));
#5845 = SURFACE_CURVE('',#5846,(#5850,#5856),.PCURVE_S1.);
#5846 = LINE('',#5847,#5848);
#5847 = CARTESIAN_POINT('',(19.73515625,51.661666666667,2.));
#5848 = VECTOR('',#5849,1.);
#5849 = DIRECTION('',(-0.,1.,0.));
#5850 = PCURVE('',#100,#5851);
#5851 = DEFINITIONAL_REPRESENTATION('',(#5852),#5855);
#5852 = B_SPLINE_CURVE_WITH_KNOTS('',1,(#5853,#5854),.UNSPECIFIED.,.F.,
  .F.,(2,2),(-9.551666666667,1.661666666667),.PIECEWISE_BEZIER_KNOTS.);
#5853 = CARTESIAN_POINT('',(-64.26484375,-6.39));
#5854 = CARTESIAN_POINT('',(-64.26484375,4.823333333333));
#5855 = ( GEOMETRIC_REPRESENTATION_CONTEXT(2) 
PARAMETRIC_REPRESENTATION_CONTEXT() REPRESENTATION_CONTEXT('2D SPACE',''
  ) );
#5856 = PCURVE('',#746,#5857);
#5857 = DEFINITIONAL_REPRESENTATION('',(#5858),#5861);
#5858 = B_SPLINE_CURVE_WITH_KNOTS('',1,(#5859,#5860),.UNSPECIFIED.,.F.,
  .F.,(2,2),(-9.551666666667,1.661666666667),.PIECEWISE_BEZIER_KNOTS.);
#5859 = CARTESIAN_POINT('',(12.713333333333,-3.));
#5860 = CARTESIAN_POINT('',(1.5,-3.));
#5861 = ( GEOMETRIC_REPRESENTATION_CONTEXT(2) 
PARAMETRIC_REPRESENTATION_CONTEXT() REPRESENTATION_CONTEXT('2D SPACE',''
  ) );
#5862 = ORIENTED_EDGE('',*,*,#5863,.F.);
#5863 = EDGE_CURVE('',#5864,#5843,#5866,.T.);
#5864 = VERTEX_POINT('',#5865);
#5865 = CARTESIAN_POINT('',(20.105338172216,54.31,2.));
#5866 = SURFACE_CURVE('',#5867,(#5872,#5879),.PCURVE_S1.);
#5867 = CIRCLE('',#5868,1.5);
#5868 = AXIS2_PLACEMENT_3D('',#5869,#5870,#5871);
#5869 = CARTESIAN_POINT('',(21.23515625,53.323333333333,2.));
#5870 = DIRECTION('',(0.,0.,1.));
#5871 = DIRECTION('',(-0.,1.,0.));
#5872 = PCURVE('',#100,#5873);
#5873 = DEFINITIONAL_REPRESENTATION('',(#5874),#5878);
#5874 = CIRCLE('',#5875,1.5);
#5875 = AXIS2_PLACEMENT_2D('',#5876,#5877);
#5876 = CARTESIAN_POINT('',(-62.76484375,4.823333333333));
#5877 = DIRECTION('',(0.,1.));
#5878 = ( GEOMETRIC_REPRESENTATION_CONTEXT(2) 
PARAMETRIC_REPRESENTATION_CONTEXT() REPRESENTATION_CONTEXT('2D SPACE',''
  ) );
#5879 = PCURVE('',#774,#5880);
#5880 = DEFINITIONAL_REPRESENTATION('',(#5881),#5885);
#5881 = LINE('',#5882,#5883);
#5882 = CARTESIAN_POINT('',(0.,3.));
#5883 = VECTOR('',#5884,1.);
#5884 = DIRECTION('',(1.,0.));
#5885 = ( GEOMETRIC_REPRESENTATION_CONTEXT(2) 
PARAMETRIC_REPRESENTATION_CONTEXT() REPRESENTATION_CONTEXT('2D SPACE',''
  ) );
#5886 = ORIENTED_EDGE('',*,*,#5887,.F.);
#5887 = EDGE_CURVE('',#5888,#5864,#5890,.T.);
#5888 = VERTEX_POINT('',#5889);
#5889 = CARTESIAN_POINT('',(19.73515625,55.296666666667,2.));
#5890 = SURFACE_CURVE('',#5891,(#5896,#5903),.PCURVE_S1.);
#5891 = CIRCLE('',#5892,1.5);
#5892 = AXIS2_PLACEMENT_3D('',#5893,#5894,#5895);
#5893 = CARTESIAN_POINT('',(21.23515625,55.296666666667,2.));
#5894 = DIRECTION('',(0.,0.,1.));
#5895 = DIRECTION('',(0.,-1.,0.));
#5896 = PCURVE('',#100,#5897);
#5897 = DEFINITIONAL_REPRESENTATION('',(#5898),#5902);
#5898 = CIRCLE('',#5899,1.5);
#5899 = AXIS2_PLACEMENT_2D('',#5900,#5901);
#5900 = CARTESIAN_POINT('',(-62.76484375,6.796666666667));
#5901 = DIRECTION('',(0.,-1.));
#5902 = ( GEOMETRIC_REPRESENTATION_CONTEXT(2) 
PARAMETRIC_REPRESENTATION_CONTEXT() REPRESENTATION_CONTEXT('2D SPACE',''
  ) );
#5903 = PCURVE('',#803,#5904);
#5904 = DEFINITIONAL_REPRESENTATION('',(#5905),#5909);
#5905 = LINE('',#5906,#5907);
#5906 = CARTESIAN_POINT('',(-6.28318530718,3.));
#5907 = VECTOR('',#5908,1.);
#5908 = DIRECTION('',(1.,-0.));
#5909 = ( GEOMETRIC_REPRESENTATION_CONTEXT(2) 
PARAMETRIC_REPRESENTATION_CONTEXT() REPRESENTATION_CONTEXT('2D SPACE',''
  ) );
#5910 = ORIENTED_EDGE('',*,*,#5911,.T.);
#5911 = EDGE_CURVE('',#5888,#5912,#5914,.T.);
#5912 = VERTEX_POINT('',#5913);
#5913 = CARTESIAN_POINT('',(19.73515625,66.51,2.));
#5914 = SURFACE_CURVE('',#5915,(#5919,#5925),.PCURVE_S1.);
#5915 = LINE('',#5916,#5917);
#5916 = CARTESIAN_POINT('',(19.73515625,58.255,2.));
#5917 = VECTOR('',#5918,1.);
#5918 = DIRECTION('',(-0.,1.,0.));
#5919 = PCURVE('',#100,#5920);
#5920 = DEFINITIONAL_REPRESENTATION('',(#5921),#5924);
#5921 = B_SPLINE_CURVE_WITH_KNOTS('',1,(#5922,#5923),.UNSPECIFIED.,.F.,
  .F.,(2,2),(-2.958333333333,8.255),.PIECEWISE_BEZIER_KNOTS.);
#5922 = CARTESIAN_POINT('',(-64.26484375,6.796666666667));
#5923 = CARTESIAN_POINT('',(-64.26484375,18.01));
#5924 = ( GEOMETRIC_REPRESENTATION_CONTEXT(2) 
PARAMETRIC_REPRESENTATION_CONTEXT() REPRESENTATION_CONTEXT('2D SPACE',''
  ) );
#5925 = PCURVE('',#830,#5926);
#5926 = DEFINITIONAL_REPRESENTATION('',(#5927),#5930);
#5927 = B_SPLINE_CURVE_WITH_KNOTS('',1,(#5928,#5929),.UNSPECIFIED.,.F.,
  .F.,(2,2),(-2.958333333333,8.255),.PIECEWISE_BEZIER_KNOTS.);
#5928 = CARTESIAN_POINT('',(12.713333333333,-3.));
#5929 = CARTESIAN_POINT('',(1.5,-3.));
#5930 = ( GEOMETRIC_REPRESENTATION_CONTEXT(2) 
PARAMETRIC_REPRESENTATION_CONTEXT() REPRESENTATION_CONTEXT('2D SPACE',''
  ) );
#5931 = ORIENTED_EDGE('',*,*,#5932,.F.);
#5932 = EDGE_CURVE('',#5933,#5912,#5935,.T.);
#5933 = VERTEX_POINT('',#5934);
#5934 = CARTESIAN_POINT('',(21.23515625,68.01,2.));
#5935 = SURFACE_CURVE('',#5936,(#5941,#5948),.PCURVE_S1.);
#5936 = CIRCLE('',#5937,1.5);
#5937 = AXIS2_PLACEMENT_3D('',#5938,#5939,#5940);
#5938 = CARTESIAN_POINT('',(21.23515625,66.51,2.));
#5939 = DIRECTION('',(0.,0.,1.));
#5940 = DIRECTION('',(-0.,1.,0.));
#5941 = PCURVE('',#100,#5942);
#5942 = DEFINITIONAL_REPRESENTATION('',(#5943),#5947);
#5943 = CIRCLE('',#5944,1.5);
#5944 = AXIS2_PLACEMENT_2D('',#5945,#5946);
#5945 = CARTESIAN_POINT('',(-62.76484375,18.01));
#5946 = DIRECTION('',(0.,1.));
#5947 = ( GEOMETRIC_REPRESENTATION_CONTEXT(2) 
PARAMETRIC_REPRESENTATION_CONTEXT() REPRESENTATION_CONTEXT('2D SPACE',''
  ) );
#5948 = PCURVE('',#858,#5949);
#5949 = DEFINITIONAL_REPRESENTATION('',(#5950),#5954);
#5950 = LINE('',#5951,#5952);
#5951 = CARTESIAN_POINT('',(0.,3.));
#5952 = VECTOR('',#5953,1.);
#5953 = DIRECTION('',(1.,0.));
#5954 = ( GEOMETRIC_REPRESENTATION_CONTEXT(2) 
PARAMETRIC_REPRESENTATION_CONTEXT() REPRESENTATION_CONTEXT('2D SPACE',''
  ) );
#5955 = ORIENTED_EDGE('',*,*,#5956,.T.);
#5956 = EDGE_CURVE('',#5933,#5957,#5959,.T.);
#5957 = VERTEX_POINT('',#5958);
#5958 = CARTESIAN_POINT('',(43.145703125,68.01,2.));
#5959 = SURFACE_CURVE('',#5960,(#5964,#5970),.PCURVE_S1.);
#5960 = LINE('',#5961,#5962);
#5961 = CARTESIAN_POINT('',(64.3228515625,68.01,2.));
#5962 = VECTOR('',#5963,1.);
#5963 = DIRECTION('',(1.,0.,-0.));
#5964 = PCURVE('',#100,#5965);
#5965 = DEFINITIONAL_REPRESENTATION('',(#5966),#5969);
#5966 = B_SPLINE_CURVE_WITH_KNOTS('',1,(#5967,#5968),.UNSPECIFIED.,.F.,
  .F.,(2,2),(-43.0876953125,-21.1771484375),.PIECEWISE_BEZIER_KNOTS.);
#5967 = CARTESIAN_POINT('',(-62.76484375,19.51));
#5968 = CARTESIAN_POINT('',(-40.854296875,19.51));
#5969 = ( GEOMETRIC_REPRESENTATION_CONTEXT(2) 
PARAMETRIC_REPRESENTATION_CONTEXT() REPRESENTATION_CONTEXT('2D SPACE',''
  ) );
#5970 = PCURVE('',#885,#5971);
#5971 = DEFINITIONAL_REPRESENTATION('',(#5972),#5975);
#5972 = B_SPLINE_CURVE_WITH_KNOTS('',1,(#5973,#5974),.UNSPECIFIED.,.F.,
  .F.,(2,2),(-43.0876953125,-21.1771484375),.PIECEWISE_BEZIER_KNOTS.);
#5973 = CARTESIAN_POINT('',(23.410546875,-3.));
#5974 = CARTESIAN_POINT('',(1.5,-3.));
#5975 = ( GEOMETRIC_REPRESENTATION_CONTEXT(2) 
PARAMETRIC_REPRESENTATION_CONTEXT() REPRESENTATION_CONTEXT('2D SPACE',''
  ) );
#5976 = ORIENTED_EDGE('',*,*,#5977,.F.);
#5977 = EDGE_CURVE('',#5978,#5957,#5980,.T.);
#5978 = VERTEX_POINT('',#5979);
#5979 = CARTESIAN_POINT('',(44.146484375,67.627334725876,2.));
#5980 = SURFACE_CURVE('',#5981,(#5986,#5993),.PCURVE_S1.);
#5981 = CIRCLE('',#5982,1.5);
#5982 = AXIS2_PLACEMENT_3D('',#5983,#5984,#5985);
#5983 = CARTESIAN_POINT('',(43.145703125,66.51,2.));
#5984 = DIRECTION('',(0.,0.,1.));
#5985 = DIRECTION('',(1.,0.,-0.));
#5986 = PCURVE('',#100,#5987);
#5987 = DEFINITIONAL_REPRESENTATION('',(#5988),#5992);
#5988 = CIRCLE('',#5989,1.5);
#5989 = AXIS2_PLACEMENT_2D('',#5990,#5991);
#5990 = CARTESIAN_POINT('',(-40.854296875,18.01));
#5991 = DIRECTION('',(1.,0.));
#5992 = ( GEOMETRIC_REPRESENTATION_CONTEXT(2) 
PARAMETRIC_REPRESENTATION_CONTEXT() REPRESENTATION_CONTEXT('2D SPACE',''
  ) );
#5993 = PCURVE('',#913,#5994);
#5994 = DEFINITIONAL_REPRESENTATION('',(#5995),#5999);
#5995 = LINE('',#5996,#5997);
#5996 = CARTESIAN_POINT('',(0.,3.));
#5997 = VECTOR('',#5998,1.);
#5998 = DIRECTION('',(1.,0.));
#5999 = ( GEOMETRIC_REPRESENTATION_CONTEXT(2) 
PARAMETRIC_REPRESENTATION_CONTEXT() REPRESENTATION_CONTEXT('2D SPACE',''
  ) );
#6000 = ORIENTED_EDGE('',*,*,#6001,.F.);
#6001 = EDGE_CURVE('',#6002,#5978,#6004,.T.);
#6002 = VERTEX_POINT('',#6003);
#6003 = CARTESIAN_POINT('',(45.147265625,68.01,2.));
#6004 = SURFACE_CURVE('',#6005,(#6010,#6017),.PCURVE_S1.);
#6005 = CIRCLE('',#6006,1.5);
#6006 = AXIS2_PLACEMENT_3D('',#6007,#6008,#6009);
#6007 = CARTESIAN_POINT('',(45.147265625,66.51,2.));
#6008 = DIRECTION('',(0.,0.,1.));
#6009 = DIRECTION('',(-0.,1.,0.));
#6010 = PCURVE('',#100,#6011);
#6011 = DEFINITIONAL_REPRESENTATION('',(#6012),#6016);
#6012 = CIRCLE('',#6013,1.5);
#6013 = AXIS2_PLACEMENT_2D('',#6014,#6015);
#6014 = CARTESIAN_POINT('',(-38.852734375,18.01));
#6015 = DIRECTION('',(0.,1.));
#6016 = ( GEOMETRIC_REPRESENTATION_CONTEXT(2) 
PARAMETRIC_REPRESENTATION_CONTEXT() REPRESENTATION_CONTEXT('2D SPACE',''
  ) );
#6017 = PCURVE('',#942,#6018);
#6018 = DEFINITIONAL_REPRESENTATION('',(#6019),#6023);
#6019 = LINE('',#6020,#6021);
#6020 = CARTESIAN_POINT('',(0.,3.));
#6021 = VECTOR('',#6022,1.);
#6022 = DIRECTION('',(1.,0.));
#6023 = ( GEOMETRIC_REPRESENTATION_CONTEXT(2) 
PARAMETRIC_REPRESENTATION_CONTEXT() REPRESENTATION_CONTEXT('2D SPACE',''
  ) );
#6024 = ORIENTED_EDGE('',*,*,#6025,.T.);
#6025 = EDGE_CURVE('',#6002,#6026,#6028,.T.);
#6026 = VERTEX_POINT('',#6027);
#6027 = CARTESIAN_POINT('',(67.0578125,68.01,2.));
#6028 = SURFACE_CURVE('',#6029,(#6033,#6039),.PCURVE_S1.);
#6029 = LINE('',#6030,#6031);
#6030 = CARTESIAN_POINT('',(76.27890625,68.01,2.));
#6031 = VECTOR('',#6032,1.);
#6032 = DIRECTION('',(1.,0.,-0.));
#6033 = PCURVE('',#100,#6034);
#6034 = DEFINITIONAL_REPRESENTATION('',(#6035),#6038);
#6035 = B_SPLINE_CURVE_WITH_KNOTS('',1,(#6036,#6037),.UNSPECIFIED.,.F.,
  .F.,(2,2),(-31.131640625,-9.22109375),.PIECEWISE_BEZIER_KNOTS.);
#6036 = CARTESIAN_POINT('',(-38.852734375,19.51));
#6037 = CARTESIAN_POINT('',(-16.9421875,19.51));
#6038 = ( GEOMETRIC_REPRESENTATION_CONTEXT(2) 
PARAMETRIC_REPRESENTATION_CONTEXT() REPRESENTATION_CONTEXT('2D SPACE',''
  ) );
#6039 = PCURVE('',#969,#6040);
#6040 = DEFINITIONAL_REPRESENTATION('',(#6041),#6044);
#6041 = B_SPLINE_CURVE_WITH_KNOTS('',1,(#6042,#6043),.UNSPECIFIED.,.F.,
  .F.,(2,2),(-31.131640625,-9.22109375),.PIECEWISE_BEZIER_KNOTS.);
#6042 = CARTESIAN_POINT('',(23.410546875,-3.));
#6043 = CARTESIAN_POINT('',(1.5,-3.));
#6044 = ( GEOMETRIC_REPRESENTATION_CONTEXT(2) 
PARAMETRIC_REPRESENTATION_CONTEXT() REPRESENTATION_CONTEXT('2D SPACE',''
  ) );
#6045 = ORIENTED_EDGE('',*,*,#6046,.F.);
#6046 = EDGE_CURVE('',#6047,#6026,#6049,.T.);
#6047 = VERTEX_POINT('',#6048);
#6048 = CARTESIAN_POINT('',(68.058593749999,67.627334725877,2.));
#6049 = SURFACE_CURVE('',#6050,(#6055,#6062),.PCURVE_S1.);
#6050 = CIRCLE('',#6051,1.5);
#6051 = AXIS2_PLACEMENT_3D('',#6052,#6053,#6054);
#6052 = CARTESIAN_POINT('',(67.0578125,66.51,2.));
#6053 = DIRECTION('',(0.,0.,1.));
#6054 = DIRECTION('',(1.,0.,-0.));
#6055 = PCURVE('',#100,#6056);
#6056 = DEFINITIONAL_REPRESENTATION('',(#6057),#6061);
#6057 = CIRCLE('',#6058,1.5);
#6058 = AXIS2_PLACEMENT_2D('',#6059,#6060);
#6059 = CARTESIAN_POINT('',(-16.9421875,18.01));
#6060 = DIRECTION('',(1.,0.));
#6061 = ( GEOMETRIC_REPRESENTATION_CONTEXT(2) 
PARAMETRIC_REPRESENTATION_CONTEXT() REPRESENTATION_CONTEXT('2D SPACE',''
  ) );
#6062 = PCURVE('',#997,#6063);
#6063 = DEFINITIONAL_REPRESENTATION('',(#6064),#6068);
#6064 = LINE('',#6065,#6066);
#6065 = CARTESIAN_POINT('',(0.,3.));
#6066 = VECTOR('',#6067,1.);
#6067 = DIRECTION('',(1.,0.));
#6068 = ( GEOMETRIC_REPRESENTATION_CONTEXT(2) 
PARAMETRIC_REPRESENTATION_CONTEXT() REPRESENTATION_CONTEXT('2D SPACE',''
  ) );
#6069 = ORIENTED_EDGE('',*,*,#6070,.F.);
#6070 = EDGE_CURVE('',#6071,#6047,#6073,.T.);
#6071 = VERTEX_POINT('',#6072);
#6072 = CARTESIAN_POINT('',(69.059375,68.01,2.));
#6073 = SURFACE_CURVE('',#6074,(#6079,#6086),.PCURVE_S1.);
#6074 = CIRCLE('',#6075,1.5);
#6075 = AXIS2_PLACEMENT_3D('',#6076,#6077,#6078);
#6076 = CARTESIAN_POINT('',(69.059375,66.51,2.));
#6077 = DIRECTION('',(0.,0.,1.));
#6078 = DIRECTION('',(-0.,1.,0.));
#6079 = PCURVE('',#100,#6080);
#6080 = DEFINITIONAL_REPRESENTATION('',(#6081),#6085);
#6081 = CIRCLE('',#6082,1.5);
#6082 = AXIS2_PLACEMENT_2D('',#6083,#6084);
#6083 = CARTESIAN_POINT('',(-14.940625,18.01));
#6084 = DIRECTION('',(0.,1.));
#6085 = ( GEOMETRIC_REPRESENTATION_CONTEXT(2) 
PARAMETRIC_REPRESENTATION_CONTEXT() REPRESENTATION_CONTEXT('2D SPACE',''
  ) );
#6086 = PCURVE('',#1026,#6087);
#6087 = DEFINITIONAL_REPRESENTATION('',(#6088),#6092);
#6088 = LINE('',#6089,#6090);
#6089 = CARTESIAN_POINT('',(0.,3.));
#6090 = VECTOR('',#6091,1.);
#6091 = DIRECTION('',(1.,0.));
#6092 = ( GEOMETRIC_REPRESENTATION_CONTEXT(2) 
PARAMETRIC_REPRESENTATION_CONTEXT() REPRESENTATION_CONTEXT('2D SPACE',''
  ) );
#6093 = ORIENTED_EDGE('',*,*,#6094,.T.);
#6094 = EDGE_CURVE('',#6071,#6095,#6097,.T.);
#6095 = VERTEX_POINT('',#6096);
#6096 = CARTESIAN_POINT('',(90.969921875,68.01,2.));
#6097 = SURFACE_CURVE('',#6098,(#6102,#6108),.PCURVE_S1.);
#6098 = LINE('',#6099,#6100);
#6099 = CARTESIAN_POINT('',(88.2349609375,68.01,2.));
#6100 = VECTOR('',#6101,1.);
#6101 = DIRECTION('',(1.,0.,-0.));
#6102 = PCURVE('',#100,#6103);
#6103 = DEFINITIONAL_REPRESENTATION('',(#6104),#6107);
#6104 = B_SPLINE_CURVE_WITH_KNOTS('',1,(#6105,#6106),.UNSPECIFIED.,.F.,
  .F.,(2,2),(-19.1755859375,2.7349609375),.PIECEWISE_BEZIER_KNOTS.);
#6105 = CARTESIAN_POINT('',(-14.940625,19.51));
#6106 = CARTESIAN_POINT('',(6.969921875,19.51));
#6107 = ( GEOMETRIC_REPRESENTATION_CONTEXT(2) 
PARAMETRIC_REPRESENTATION_CONTEXT() REPRESENTATION_CONTEXT('2D SPACE',''
  ) );
#6108 = PCURVE('',#1053,#6109);
#6109 = DEFINITIONAL_REPRESENTATION('',(#6110),#6113);
#6110 = B_SPLINE_CURVE_WITH_KNOTS('',1,(#6111,#6112),.UNSPECIFIED.,.F.,
  .F.,(2,2),(-19.1755859375,2.7349609375),.PIECEWISE_BEZIER_KNOTS.);
#6111 = CARTESIAN_POINT('',(23.410546875,-3.));
#6112 = CARTESIAN_POINT('',(1.5,-3.));
#6113 = ( GEOMETRIC_REPRESENTATION_CONTEXT(2) 
PARAMETRIC_REPRESENTATION_CONTEXT() REPRESENTATION_CONTEXT('2D SPACE',''
  ) );
#6114 = ORIENTED_EDGE('',*,*,#6115,.F.);
#6115 = EDGE_CURVE('',#6116,#6095,#6118,.T.);
#6116 = VERTEX_POINT('',#6117);
#6117 = CARTESIAN_POINT('',(92.469921875,66.51,2.));
#6118 = SURFACE_CURVE('',#6119,(#6124,#6131),.PCURVE_S1.);
#6119 = CIRCLE('',#6120,1.5);
#6120 = AXIS2_PLACEMENT_3D('',#6121,#6122,#6123);
#6121 = CARTESIAN_POINT('',(90.969921875,66.51,2.));
#6122 = DIRECTION('',(0.,0.,1.));
#6123 = DIRECTION('',(1.,0.,-0.));
#6124 = PCURVE('',#100,#6125);
#6125 = DEFINITIONAL_REPRESENTATION('',(#6126),#6130);
#6126 = CIRCLE('',#6127,1.5);
#6127 = AXIS2_PLACEMENT_2D('',#6128,#6129);
#6128 = CARTESIAN_POINT('',(6.969921875,18.01));
#6129 = DIRECTION('',(1.,0.));
#6130 = ( GEOMETRIC_REPRESENTATION_CONTEXT(2) 
PARAMETRIC_REPRESENTATION_CONTEXT() REPRESENTATION_CONTEXT('2D SPACE',''
  ) );
#6131 = PCURVE('',#1081,#6132);
#6132 = DEFINITIONAL_REPRESENTATION('',(#6133),#6137);
#6133 = LINE('',#6134,#6135);
#6134 = CARTESIAN_POINT('',(0.,3.));
#6135 = VECTOR('',#6136,1.);
#6136 = DIRECTION('',(1.,0.));
#6137 = ( GEOMETRIC_REPRESENTATION_CONTEXT(2) 
PARAMETRIC_REPRESENTATION_CONTEXT() REPRESENTATION_CONTEXT('2D SPACE',''
  ) );
#6138 = ORIENTED_EDGE('',*,*,#6139,.T.);
#6139 = EDGE_CURVE('',#6116,#6140,#6142,.T.);
#6140 = VERTEX_POINT('',#6141);
#6141 = CARTESIAN_POINT('',(92.469921875,55.296666666667,2.));
#6142 = SURFACE_CURVE('',#6143,(#6147,#6153),.PCURVE_S1.);
#6143 = LINE('',#6144,#6145);
#6144 = CARTESIAN_POINT('',(92.469921875,51.148333333333,2.));
#6145 = VECTOR('',#6146,1.);
#6146 = DIRECTION('',(0.,-1.,0.));
#6147 = PCURVE('',#100,#6148);
#6148 = DEFINITIONAL_REPRESENTATION('',(#6149),#6152);
#6149 = B_SPLINE_CURVE_WITH_KNOTS('',1,(#6150,#6151),.UNSPECIFIED.,.F.,
  .F.,(2,2),(-15.36166666666,-4.148333333333),.PIECEWISE_BEZIER_KNOTS.);
#6150 = CARTESIAN_POINT('',(8.469921875,18.01));
#6151 = CARTESIAN_POINT('',(8.469921875,6.796666666667));
#6152 = ( GEOMETRIC_REPRESENTATION_CONTEXT(2) 
PARAMETRIC_REPRESENTATION_CONTEXT() REPRESENTATION_CONTEXT('2D SPACE',''
  ) );
#6153 = PCURVE('',#1108,#6154);
#6154 = DEFINITIONAL_REPRESENTATION('',(#6155),#6158);
#6155 = B_SPLINE_CURVE_WITH_KNOTS('',1,(#6156,#6157),.UNSPECIFIED.,.F.,
  .F.,(2,2),(-15.36166666666,-4.148333333333),.PIECEWISE_BEZIER_KNOTS.);
#6156 = CARTESIAN_POINT('',(12.713333333333,-3.));
#6157 = CARTESIAN_POINT('',(1.5,-3.));
#6158 = ( GEOMETRIC_REPRESENTATION_CONTEXT(2) 
PARAMETRIC_REPRESENTATION_CONTEXT() REPRESENTATION_CONTEXT('2D SPACE',''
  ) );
#6159 = ORIENTED_EDGE('',*,*,#6160,.F.);
#6160 = EDGE_CURVE('',#6161,#6140,#6163,.T.);
#6161 = VERTEX_POINT('',#6162);
#6162 = CARTESIAN_POINT('',(92.099739952784,54.309999999999,2.));
#6163 = SURFACE_CURVE('',#6164,(#6169,#6176),.PCURVE_S1.);
#6164 = CIRCLE('',#6165,1.5);
#6165 = AXIS2_PLACEMENT_3D('',#6166,#6167,#6168);
#6166 = CARTESIAN_POINT('',(90.969921875,55.296666666667,2.));
#6167 = DIRECTION('',(0.,0.,1.));
#6168 = DIRECTION('',(0.,-1.,0.));
#6169 = PCURVE('',#100,#6170);
#6170 = DEFINITIONAL_REPRESENTATION('',(#6171),#6175);
#6171 = CIRCLE('',#6172,1.5);
#6172 = AXIS2_PLACEMENT_2D('',#6173,#6174);
#6173 = CARTESIAN_POINT('',(6.969921875,6.796666666667));
#6174 = DIRECTION('',(0.,-1.));
#6175 = ( GEOMETRIC_REPRESENTATION_CONTEXT(2) 
PARAMETRIC_REPRESENTATION_CONTEXT() REPRESENTATION_CONTEXT('2D SPACE',''
  ) );
#6176 = PCURVE('',#1136,#6177);
#6177 = DEFINITIONAL_REPRESENTATION('',(#6178),#6182);
#6178 = LINE('',#6179,#6180);
#6179 = CARTESIAN_POINT('',(0.,3.));
#6180 = VECTOR('',#6181,1.);
#6181 = DIRECTION('',(1.,0.));
#6182 = ( GEOMETRIC_REPRESENTATION_CONTEXT(2) 
PARAMETRIC_REPRESENTATION_CONTEXT() REPRESENTATION_CONTEXT('2D SPACE',''
  ) );
#6183 = ORIENTED_EDGE('',*,*,#6184,.F.);
#6184 = EDGE_CURVE('',#6185,#6161,#6187,.T.);
#6185 = VERTEX_POINT('',#6186);
#6186 = CARTESIAN_POINT('',(92.469921875,53.323333333333,2.));
#6187 = SURFACE_CURVE('',#6188,(#6193,#6200),.PCURVE_S1.);
#6188 = CIRCLE('',#6189,1.5);
#6189 = AXIS2_PLACEMENT_3D('',#6190,#6191,#6192);
#6190 = CARTESIAN_POINT('',(90.969921875,53.323333333333,2.));
#6191 = DIRECTION('',(0.,0.,1.));
#6192 = DIRECTION('',(1.,0.,-0.));
#6193 = PCURVE('',#100,#6194);
#6194 = DEFINITIONAL_REPRESENTATION('',(#6195),#6199);
#6195 = CIRCLE('',#6196,1.5);
#6196 = AXIS2_PLACEMENT_2D('',#6197,#6198);
#6197 = CARTESIAN_POINT('',(6.969921875,4.823333333333));
#6198 = DIRECTION('',(1.,0.));
#6199 = ( GEOMETRIC_REPRESENTATION_CONTEXT(2) 
PARAMETRIC_REPRESENTATION_CONTEXT() REPRESENTATION_CONTEXT('2D SPACE',''
  ) );
#6200 = PCURVE('',#1165,#6201);
#6201 = DEFINITIONAL_REPRESENTATION('',(#6202),#6206);
#6202 = LINE('',#6203,#6204);
#6203 = CARTESIAN_POINT('',(0.,3.));
#6204 = VECTOR('',#6205,1.);
#6205 = DIRECTION('',(1.,0.));
#6206 = ( GEOMETRIC_REPRESENTATION_CONTEXT(2) 
PARAMETRIC_REPRESENTATION_CONTEXT() REPRESENTATION_CONTEXT('2D SPACE',''
  ) );
#6207 = ORIENTED_EDGE('',*,*,#6208,.T.);
#6208 = EDGE_CURVE('',#6185,#6209,#6211,.T.);
#6209 = VERTEX_POINT('',#6210);
#6210 = CARTESIAN_POINT('',(92.469921875,42.11,2.));
#6211 = SURFACE_CURVE('',#6212,(#6216,#6222),.PCURVE_S1.);
#6212 = LINE('',#6213,#6214);
#6213 = CARTESIAN_POINT('',(92.469921875,44.555,2.));
#6214 = VECTOR('',#6215,1.);
#6215 = DIRECTION('',(0.,-1.,0.));
#6216 = PCURVE('',#100,#6217);
#6217 = DEFINITIONAL_REPRESENTATION('',(#6218),#6221);
#6218 = B_SPLINE_CURVE_WITH_KNOTS('',1,(#6219,#6220),.UNSPECIFIED.,.F.,
  .F.,(2,2),(-8.768333333333,2.445),.PIECEWISE_BEZIER_KNOTS.);
#6219 = CARTESIAN_POINT('',(8.469921875,4.823333333333));
#6220 = CARTESIAN_POINT('',(8.469921875,-6.39));
#6221 = ( GEOMETRIC_REPRESENTATION_CONTEXT(2) 
PARAMETRIC_REPRESENTATION_CONTEXT() REPRESENTATION_CONTEXT('2D SPACE',''
  ) );
#6222 = PCURVE('',#1192,#6223);
#6223 = DEFINITIONAL_REPRESENTATION('',(#6224),#6227);
#6224 = B_SPLINE_CURVE_WITH_KNOTS('',1,(#6225,#6226),.UNSPECIFIED.,.F.,
  .F.,(2,2),(-8.768333333333,2.445),.PIECEWISE_BEZIER_KNOTS.);
#6225 = CARTESIAN_POINT('',(12.713333333333,-3.));
#6226 = CARTESIAN_POINT('',(1.5,-3.));
#6227 = ( GEOMETRIC_REPRESENTATION_CONTEXT(2) 
PARAMETRIC_REPRESENTATION_CONTEXT() REPRESENTATION_CONTEXT('2D SPACE',''
  ) );
#6228 = ORIENTED_EDGE('',*,*,#6229,.F.);
#6229 = EDGE_CURVE('',#6230,#6209,#6232,.T.);
#6230 = VERTEX_POINT('',#6231);
#6231 = CARTESIAN_POINT('',(92.099739952784,41.123333333333,2.));
#6232 = SURFACE_CURVE('',#6233,(#6238,#6245),.PCURVE_S1.);
#6233 = CIRCLE('',#6234,1.5);
#6234 = AXIS2_PLACEMENT_3D('',#6235,#6236,#6237);
#6235 = CARTESIAN_POINT('',(90.969921875,42.11,2.));
#6236 = DIRECTION('',(0.,0.,1.));
#6237 = DIRECTION('',(0.,-1.,0.));
#6238 = PCURVE('',#100,#6239);
#6239 = DEFINITIONAL_REPRESENTATION('',(#6240),#6244);
#6240 = CIRCLE('',#6241,1.5);
#6241 = AXIS2_PLACEMENT_2D('',#6242,#6243);
#6242 = CARTESIAN_POINT('',(6.969921875,-6.39));
#6243 = DIRECTION('',(0.,-1.));
#6244 = ( GEOMETRIC_REPRESENTATION_CONTEXT(2) 
PARAMETRIC_REPRESENTATION_CONTEXT() REPRESENTATION_CONTEXT('2D SPACE',''
  ) );
#6245 = PCURVE('',#1220,#6246);
#6246 = DEFINITIONAL_REPRESENTATION('',(#6247),#6251);
#6247 = LINE('',#6248,#6249);
#6248 = CARTESIAN_POINT('',(0.,3.));
#6249 = VECTOR('',#6250,1.);
#6250 = DIRECTION('',(1.,0.));
#6251 = ( GEOMETRIC_REPRESENTATION_CONTEXT(2) 
PARAMETRIC_REPRESENTATION_CONTEXT() REPRESENTATION_CONTEXT('2D SPACE',''
  ) );
#6252 = ORIENTED_EDGE('',*,*,#6253,.F.);
#6253 = EDGE_CURVE('',#6254,#6230,#6256,.T.);
#6254 = VERTEX_POINT('',#6255);
#6255 = CARTESIAN_POINT('',(92.469921875,40.136666666667,2.));
#6256 = SURFACE_CURVE('',#6257,(#6262,#6269),.PCURVE_S1.);
#6257 = CIRCLE('',#6258,1.5);
#6258 = AXIS2_PLACEMENT_3D('',#6259,#6260,#6261);
#6259 = CARTESIAN_POINT('',(90.969921875,40.136666666667,2.));
#6260 = DIRECTION('',(0.,0.,1.));
#6261 = DIRECTION('',(1.,0.,-0.));
#6262 = PCURVE('',#100,#6263);
#6263 = DEFINITIONAL_REPRESENTATION('',(#6264),#6268);
#6264 = CIRCLE('',#6265,1.5);
#6265 = AXIS2_PLACEMENT_2D('',#6266,#6267);
#6266 = CARTESIAN_POINT('',(6.969921875,-8.363333333333));
#6267 = DIRECTION('',(1.,0.));
#6268 = ( GEOMETRIC_REPRESENTATION_CONTEXT(2) 
PARAMETRIC_REPRESENTATION_CONTEXT() REPRESENTATION_CONTEXT('2D SPACE',''
  ) );
#6269 = PCURVE('',#1249,#6270);
#6270 = DEFINITIONAL_REPRESENTATION('',(#6271),#6275);
#6271 = LINE('',#6272,#6273);
#6272 = CARTESIAN_POINT('',(0.,3.));
#6273 = VECTOR('',#6274,1.);
#6274 = DIRECTION('',(1.,0.));
#6275 = ( GEOMETRIC_REPRESENTATION_CONTEXT(2) 
PARAMETRIC_REPRESENTATION_CONTEXT() REPRESENTATION_CONTEXT('2D SPACE',''
  ) );
#6276 = ORIENTED_EDGE('',*,*,#6277,.T.);
#6277 = EDGE_CURVE('',#6254,#6278,#6280,.T.);
#6278 = VERTEX_POINT('',#6279);
#6279 = CARTESIAN_POINT('',(92.469921875,28.923333333333,2.));
#6280 = SURFACE_CURVE('',#6281,(#6285,#6291),.PCURVE_S1.);
#6281 = LINE('',#6282,#6283);
#6282 = CARTESIAN_POINT('',(92.469921875,37.961666666667,2.));
#6283 = VECTOR('',#6284,1.);
#6284 = DIRECTION('',(0.,-1.,0.));
#6285 = PCURVE('',#100,#6286);
#6286 = DEFINITIONAL_REPRESENTATION('',(#6287),#6290);
#6287 = B_SPLINE_CURVE_WITH_KNOTS('',1,(#6288,#6289),.UNSPECIFIED.,.F.,
  .F.,(2,2),(-2.175,9.038333333333),.PIECEWISE_BEZIER_KNOTS.);
#6288 = CARTESIAN_POINT('',(8.469921875,-8.363333333333));
#6289 = CARTESIAN_POINT('',(8.469921875,-19.57666666666));
#6290 = ( GEOMETRIC_REPRESENTATION_CONTEXT(2) 
PARAMETRIC_REPRESENTATION_CONTEXT() REPRESENTATION_CONTEXT('2D SPACE',''
  ) );
#6291 = PCURVE('',#1276,#6292);
#6292 = DEFINITIONAL_REPRESENTATION('',(#6293),#6296);
#6293 = B_SPLINE_CURVE_WITH_KNOTS('',1,(#6294,#6295),.UNSPECIFIED.,.F.,
  .F.,(2,2),(-2.175,9.038333333333),.PIECEWISE_BEZIER_KNOTS.);
#6294 = CARTESIAN_POINT('',(12.713333333333,-3.));
#6295 = CARTESIAN_POINT('',(1.5,-3.));
#6296 = ( GEOMETRIC_REPRESENTATION_CONTEXT(2) 
PARAMETRIC_REPRESENTATION_CONTEXT() REPRESENTATION_CONTEXT('2D SPACE',''
  ) );
#6297 = ORIENTED_EDGE('',*,*,#6298,.F.);
#6298 = EDGE_CURVE('',#6299,#6278,#6301,.T.);
#6299 = VERTEX_POINT('',#6300);
#6300 = CARTESIAN_POINT('',(92.099739952784,27.936666666666,2.));
#6301 = SURFACE_CURVE('',#6302,(#6307,#6314),.PCURVE_S1.);
#6302 = CIRCLE('',#6303,1.5);
#6303 = AXIS2_PLACEMENT_3D('',#6304,#6305,#6306);
#6304 = CARTESIAN_POINT('',(90.969921875,28.923333333333,2.));
#6305 = DIRECTION('',(0.,0.,1.));
#6306 = DIRECTION('',(0.,-1.,0.));
#6307 = PCURVE('',#100,#6308);
#6308 = DEFINITIONAL_REPRESENTATION('',(#6309),#6313);
#6309 = CIRCLE('',#6310,1.5);
#6310 = AXIS2_PLACEMENT_2D('',#6311,#6312);
#6311 = CARTESIAN_POINT('',(6.969921875,-19.57666666666));
#6312 = DIRECTION('',(0.,-1.));
#6313 = ( GEOMETRIC_REPRESENTATION_CONTEXT(2) 
PARAMETRIC_REPRESENTATION_CONTEXT() REPRESENTATION_CONTEXT('2D SPACE',''
  ) );
#6314 = PCURVE('',#1304,#6315);
#6315 = DEFINITIONAL_REPRESENTATION('',(#6316),#6320);
#6316 = LINE('',#6317,#6318);
#6317 = CARTESIAN_POINT('',(0.,3.));
#6318 = VECTOR('',#6319,1.);
#6319 = DIRECTION('',(1.,0.));
#6320 = ( GEOMETRIC_REPRESENTATION_CONTEXT(2) 
PARAMETRIC_REPRESENTATION_CONTEXT() REPRESENTATION_CONTEXT('2D SPACE',''
  ) );
#6321 = ORIENTED_EDGE('',*,*,#6322,.F.);
#6322 = EDGE_CURVE('',#6323,#6299,#6325,.T.);
#6323 = VERTEX_POINT('',#6324);
#6324 = CARTESIAN_POINT('',(92.469921875,26.95,2.));
#6325 = SURFACE_CURVE('',#6326,(#6331,#6338),.PCURVE_S1.);
#6326 = CIRCLE('',#6327,1.5);
#6327 = AXIS2_PLACEMENT_3D('',#6328,#6329,#6330);
#6328 = CARTESIAN_POINT('',(90.969921875,26.95,2.));
#6329 = DIRECTION('',(0.,0.,1.));
#6330 = DIRECTION('',(1.,0.,-0.));
#6331 = PCURVE('',#100,#6332);
#6332 = DEFINITIONAL_REPRESENTATION('',(#6333),#6337);
#6333 = CIRCLE('',#6334,1.5);
#6334 = AXIS2_PLACEMENT_2D('',#6335,#6336);
#6335 = CARTESIAN_POINT('',(6.969921875,-21.55));
#6336 = DIRECTION('',(1.,0.));
#6337 = ( GEOMETRIC_REPRESENTATION_CONTEXT(2) 
PARAMETRIC_REPRESENTATION_CONTEXT() REPRESENTATION_CONTEXT('2D SPACE',''
  ) );
#6338 = PCURVE('',#1333,#6339);
#6339 = DEFINITIONAL_REPRESENTATION('',(#6340),#6344);
#6340 = LINE('',#6341,#6342);
#6341 = CARTESIAN_POINT('',(0.,3.));
#6342 = VECTOR('',#6343,1.);
#6343 = DIRECTION('',(1.,0.));
#6344 = ( GEOMETRIC_REPRESENTATION_CONTEXT(2) 
PARAMETRIC_REPRESENTATION_CONTEXT() REPRESENTATION_CONTEXT('2D SPACE',''
  ) );
#6345 = ORIENTED_EDGE('',*,*,#6346,.T.);
#6346 = EDGE_CURVE('',#6323,#6347,#6349,.T.);
#6347 = VERTEX_POINT('',#6348);
#6348 = CARTESIAN_POINT('',(92.469921875,15.736666666667,2.));
#6349 = SURFACE_CURVE('',#6350,(#6354,#6360),.PCURVE_S1.);
#6350 = LINE('',#6351,#6352);
#6351 = CARTESIAN_POINT('',(92.469921875,31.368333333333,2.));
#6352 = VECTOR('',#6353,1.);
#6353 = DIRECTION('',(0.,-1.,0.));
#6354 = PCURVE('',#100,#6355);
#6355 = DEFINITIONAL_REPRESENTATION('',(#6356),#6359);
#6356 = B_SPLINE_CURVE_WITH_KNOTS('',1,(#6357,#6358),.UNSPECIFIED.,.F.,
  .F.,(2,2),(4.418333333333,15.631666666667),.PIECEWISE_BEZIER_KNOTS.);
#6357 = CARTESIAN_POINT('',(8.469921875,-21.55));
#6358 = CARTESIAN_POINT('',(8.469921875,-32.76333333333));
#6359 = ( GEOMETRIC_REPRESENTATION_CONTEXT(2) 
PARAMETRIC_REPRESENTATION_CONTEXT() REPRESENTATION_CONTEXT('2D SPACE',''
  ) );
#6360 = PCURVE('',#1360,#6361);
#6361 = DEFINITIONAL_REPRESENTATION('',(#6362),#6365);
#6362 = B_SPLINE_CURVE_WITH_KNOTS('',1,(#6363,#6364),.UNSPECIFIED.,.F.,
  .F.,(2,2),(4.418333333333,15.631666666667),.PIECEWISE_BEZIER_KNOTS.);
#6363 = CARTESIAN_POINT('',(12.713333333333,-3.));
#6364 = CARTESIAN_POINT('',(1.5,-3.));
#6365 = ( GEOMETRIC_REPRESENTATION_CONTEXT(2) 
PARAMETRIC_REPRESENTATION_CONTEXT() REPRESENTATION_CONTEXT('2D SPACE',''
  ) );
#6366 = ORIENTED_EDGE('',*,*,#6367,.F.);
#6367 = EDGE_CURVE('',#6368,#6347,#6370,.T.);
#6368 = VERTEX_POINT('',#6369);
#6369 = CARTESIAN_POINT('',(90.969921875,14.236666666667,2.));
#6370 = SURFACE_CURVE('',#6371,(#6376,#6383),.PCURVE_S1.);
#6371 = CIRCLE('',#6372,1.5);
#6372 = AXIS2_PLACEMENT_3D('',#6373,#6374,#6375);
#6373 = CARTESIAN_POINT('',(90.969921875,15.736666666667,2.));
#6374 = DIRECTION('',(0.,0.,1.));
#6375 = DIRECTION('',(0.,-1.,0.));
#6376 = PCURVE('',#100,#6377);
#6377 = DEFINITIONAL_REPRESENTATION('',(#6378),#6382);
#6378 = CIRCLE('',#6379,1.5);
#6379 = AXIS2_PLACEMENT_2D('',#6380,#6381);
#6380 = CARTESIAN_POINT('',(6.969921875,-32.76333333333));
#6381 = DIRECTION('',(0.,-1.));
#6382 = ( GEOMETRIC_REPRESENTATION_CONTEXT(2) 
PARAMETRIC_REPRESENTATION_CONTEXT() REPRESENTATION_CONTEXT('2D SPACE',''
  ) );
#6383 = PCURVE('',#1388,#6384);
#6384 = DEFINITIONAL_REPRESENTATION('',(#6385),#6389);
#6385 = LINE('',#6386,#6387);
#6386 = CARTESIAN_POINT('',(0.,3.));
#6387 = VECTOR('',#6388,1.);
#6388 = DIRECTION('',(1.,0.));
#6389 = ( GEOMETRIC_REPRESENTATION_CONTEXT(2) 
PARAMETRIC_REPRESENTATION_CONTEXT() REPRESENTATION_CONTEXT('2D SPACE',''
  ) );
#6390 = ORIENTED_EDGE('',*,*,#6391,.T.);
#6391 = EDGE_CURVE('',#6368,#6392,#6394,.T.);
#6392 = VERTEX_POINT('',#6393);
#6393 = CARTESIAN_POINT('',(69.059375,14.236666666667,2.));
#6394 = SURFACE_CURVE('',#6395,(#6399,#6405),.PCURVE_S1.);
#6395 = LINE('',#6396,#6397);
#6396 = CARTESIAN_POINT('',(75.7796875,14.236666666667,2.));
#6397 = VECTOR('',#6398,1.);
#6398 = DIRECTION('',(-1.,0.,0.));
#6399 = PCURVE('',#100,#6400);
#6400 = DEFINITIONAL_REPRESENTATION('',(#6401),#6404);
#6401 = B_SPLINE_CURVE_WITH_KNOTS('',1,(#6402,#6403),.UNSPECIFIED.,.F.,
  .F.,(2,2),(-15.190234375,6.7203125),.PIECEWISE_BEZIER_KNOTS.);
#6402 = CARTESIAN_POINT('',(6.969921875,-34.26333333333));
#6403 = CARTESIAN_POINT('',(-14.940625,-34.26333333333));
#6404 = ( GEOMETRIC_REPRESENTATION_CONTEXT(2) 
PARAMETRIC_REPRESENTATION_CONTEXT() REPRESENTATION_CONTEXT('2D SPACE',''
  ) );
#6405 = PCURVE('',#1415,#6406);
#6406 = DEFINITIONAL_REPRESENTATION('',(#6407),#6410);
#6407 = B_SPLINE_CURVE_WITH_KNOTS('',1,(#6408,#6409),.UNSPECIFIED.,.F.,
  .F.,(2,2),(-15.190234375,6.7203125),.PIECEWISE_BEZIER_KNOTS.);
#6408 = CARTESIAN_POINT('',(23.410546875,-3.));
#6409 = CARTESIAN_POINT('',(1.5,-3.));
#6410 = ( GEOMETRIC_REPRESENTATION_CONTEXT(2) 
PARAMETRIC_REPRESENTATION_CONTEXT() REPRESENTATION_CONTEXT('2D SPACE',''
  ) );
#6411 = ORIENTED_EDGE('',*,*,#6412,.F.);
#6412 = EDGE_CURVE('',#6413,#6392,#6415,.T.);
#6413 = VERTEX_POINT('',#6414);
#6414 = CARTESIAN_POINT('',(68.05859375,14.619331940791,2.));
#6415 = SURFACE_CURVE('',#6416,(#6421,#6428),.PCURVE_S1.);
#6416 = CIRCLE('',#6417,1.5);
#6417 = AXIS2_PLACEMENT_3D('',#6418,#6419,#6420);
#6418 = CARTESIAN_POINT('',(69.059375,15.736666666667,2.));
#6419 = DIRECTION('',(0.,0.,1.));
#6420 = DIRECTION('',(0.,-1.,0.));
#6421 = PCURVE('',#100,#6422);
#6422 = DEFINITIONAL_REPRESENTATION('',(#6423),#6427);
#6423 = CIRCLE('',#6424,1.5);
#6424 = AXIS2_PLACEMENT_2D('',#6425,#6426);
#6425 = CARTESIAN_POINT('',(-14.940625,-32.76333333333));
#6426 = DIRECTION('',(0.,-1.));
#6427 = ( GEOMETRIC_REPRESENTATION_CONTEXT(2) 
PARAMETRIC_REPRESENTATION_CONTEXT() REPRESENTATION_CONTEXT('2D SPACE',''
  ) );
#6428 = PCURVE('',#1443,#6429);
#6429 = DEFINITIONAL_REPRESENTATION('',(#6430),#6434);
#6430 = LINE('',#6431,#6432);
#6431 = CARTESIAN_POINT('',(-6.28318530718,3.));
#6432 = VECTOR('',#6433,1.);
#6433 = DIRECTION('',(1.,-0.));
#6434 = ( GEOMETRIC_REPRESENTATION_CONTEXT(2) 
PARAMETRIC_REPRESENTATION_CONTEXT() REPRESENTATION_CONTEXT('2D SPACE',''
  ) );
#6435 = ORIENTED_EDGE('',*,*,#6436,.F.);
#6436 = EDGE_CURVE('',#6437,#6413,#6439,.T.);
#6437 = VERTEX_POINT('',#6438);
#6438 = CARTESIAN_POINT('',(67.0578125,14.236666666667,2.));
#6439 = SURFACE_CURVE('',#6440,(#6445,#6452),.PCURVE_S1.);
#6440 = CIRCLE('',#6441,1.5);
#6441 = AXIS2_PLACEMENT_3D('',#6442,#6443,#6444);
#6442 = CARTESIAN_POINT('',(67.0578125,15.736666666667,2.));
#6443 = DIRECTION('',(0.,0.,1.));
#6444 = DIRECTION('',(0.,-1.,0.));
#6445 = PCURVE('',#100,#6446);
#6446 = DEFINITIONAL_REPRESENTATION('',(#6447),#6451);
#6447 = CIRCLE('',#6448,1.5);
#6448 = AXIS2_PLACEMENT_2D('',#6449,#6450);
#6449 = CARTESIAN_POINT('',(-16.9421875,-32.76333333333));
#6450 = DIRECTION('',(0.,-1.));
#6451 = ( GEOMETRIC_REPRESENTATION_CONTEXT(2) 
PARAMETRIC_REPRESENTATION_CONTEXT() REPRESENTATION_CONTEXT('2D SPACE',''
  ) );
#6452 = PCURVE('',#1472,#6453);
#6453 = DEFINITIONAL_REPRESENTATION('',(#6454),#6458);
#6454 = LINE('',#6455,#6456);
#6455 = CARTESIAN_POINT('',(0.,3.));
#6456 = VECTOR('',#6457,1.);
#6457 = DIRECTION('',(1.,0.));
#6458 = ( GEOMETRIC_REPRESENTATION_CONTEXT(2) 
PARAMETRIC_REPRESENTATION_CONTEXT() REPRESENTATION_CONTEXT('2D SPACE',''
  ) );
#6459 = ORIENTED_EDGE('',*,*,#6460,.T.);
#6460 = EDGE_CURVE('',#6437,#5612,#6461,.T.);
#6461 = SURFACE_CURVE('',#6462,(#6466,#6472),.PCURVE_S1.);
#6462 = LINE('',#6463,#6464);
#6463 = CARTESIAN_POINT('',(63.8236328125,14.236666666667,2.));
#6464 = VECTOR('',#6465,1.);
#6465 = DIRECTION('',(-1.,0.,0.));
#6466 = PCURVE('',#100,#6467);
#6467 = DEFINITIONAL_REPRESENTATION('',(#6468),#6471);
#6468 = B_SPLINE_CURVE_WITH_KNOTS('',1,(#6469,#6470),.UNSPECIFIED.,.F.,
  .F.,(2,2),(-3.2341796875,18.6763671875),.PIECEWISE_BEZIER_KNOTS.);
#6469 = CARTESIAN_POINT('',(-16.9421875,-34.26333333333));
#6470 = CARTESIAN_POINT('',(-38.852734375,-34.26333333333));
#6471 = ( GEOMETRIC_REPRESENTATION_CONTEXT(2) 
PARAMETRIC_REPRESENTATION_CONTEXT() REPRESENTATION_CONTEXT('2D SPACE',''
  ) );
#6472 = PCURVE('',#1497,#6473);
#6473 = DEFINITIONAL_REPRESENTATION('',(#6474),#6477);
#6474 = B_SPLINE_CURVE_WITH_KNOTS('',1,(#6475,#6476),.UNSPECIFIED.,.F.,
  .F.,(2,2),(-3.2341796875,18.6763671875),.PIECEWISE_BEZIER_KNOTS.);
#6475 = CARTESIAN_POINT('',(23.410546875,-3.));
#6476 = CARTESIAN_POINT('',(1.5,-3.));
#6477 = ( GEOMETRIC_REPRESENTATION_CONTEXT(2) 
PARAMETRIC_REPRESENTATION_CONTEXT() REPRESENTATION_CONTEXT('2D SPACE',''
  ) );
#6478 = FACE_BOUND('',#6479,.T.);
#6479 = EDGE_LOOP('',(#6480,#6506,#6527,#6551,#6572,#6600,#6621,#6645,
    #6666,#6690,#6714,#6735,#6759,#6783,#6804,#6828,#6852,#6873,#6897,
    #6921,#6942,#6966,#6990,#7011,#7035,#7059,#7080,#7104,#7125,#7153,
    #7174,#7198,#7219,#7243,#7267,#7288,#7312,#7336,#7357,#7381,#7405,
    #7426,#7450,#7474,#7495,#7519,#7543,#7564));
#6480 = ORIENTED_EDGE('',*,*,#6481,.F.);
#6481 = EDGE_CURVE('',#6482,#6484,#6486,.T.);
#6482 = VERTEX_POINT('',#6483);
#6483 = CARTESIAN_POINT('',(32.46796875,4.346666666667,2.));
#6484 = VERTEX_POINT('',#6485);
#6485 = CARTESIAN_POINT('',(33.3935546875,4.666289323483,2.));
#6486 = SURFACE_CURVE('',#6487,(#6492,#6499),.PCURVE_S1.);
#6487 = CIRCLE('',#6488,1.5);
#6488 = AXIS2_PLACEMENT_3D('',#6489,#6490,#6491);
#6489 = CARTESIAN_POINT('',(32.46796875,5.846666666667,2.));
#6490 = DIRECTION('',(0.,0.,1.));
#6491 = DIRECTION('',(0.,-1.,0.));
#6492 = PCURVE('',#100,#6493);
#6493 = DEFINITIONAL_REPRESENTATION('',(#6494),#6498);
#6494 = CIRCLE('',#6495,1.5);
#6495 = AXIS2_PLACEMENT_2D('',#6496,#6497);
#6496 = CARTESIAN_POINT('',(-51.53203125,-42.65333333333));
#6497 = DIRECTION('',(0.,-1.));
#6498 = ( GEOMETRIC_REPRESENTATION_CONTEXT(2) 
PARAMETRIC_REPRESENTATION_CONTEXT() REPRESENTATION_CONTEXT('2D SPACE',''
  ) );
#6499 = PCURVE('',#1529,#6500);
#6500 = DEFINITIONAL_REPRESENTATION('',(#6501),#6505);
#6501 = LINE('',#6502,#6503);
#6502 = CARTESIAN_POINT('',(0.,3.));
#6503 = VECTOR('',#6504,1.);
#6504 = DIRECTION('',(1.,0.));
#6505 = ( GEOMETRIC_REPRESENTATION_CONTEXT(2) 
PARAMETRIC_REPRESENTATION_CONTEXT() REPRESENTATION_CONTEXT('2D SPACE',''
  ) );
#6506 = ORIENTED_EDGE('',*,*,#6507,.T.);
#6507 = EDGE_CURVE('',#6482,#6508,#6510,.T.);
#6508 = VERTEX_POINT('',#6509);
#6509 = CARTESIAN_POINT('',(14.166796875,4.346666666667,2.));
#6510 = SURFACE_CURVE('',#6511,(#6515,#6521),.PCURVE_S1.);
#6511 = LINE('',#6512,#6513);
#6512 = CARTESIAN_POINT('',(48.3333984375,4.346666666667,2.));
#6513 = VECTOR('',#6514,1.);
#6514 = DIRECTION('',(-1.,0.,0.));
#6515 = PCURVE('',#100,#6516);
#6516 = DEFINITIONAL_REPRESENTATION('',(#6517),#6520);
#6517 = B_SPLINE_CURVE_WITH_KNOTS('',1,(#6518,#6519),.UNSPECIFIED.,.F.,
  .F.,(2,2),(15.8654296875,34.1666015625),.PIECEWISE_BEZIER_KNOTS.);
#6518 = CARTESIAN_POINT('',(-51.53203125,-44.15333333333));
#6519 = CARTESIAN_POINT('',(-69.833203125,-44.15333333333));
#6520 = ( GEOMETRIC_REPRESENTATION_CONTEXT(2) 
PARAMETRIC_REPRESENTATION_CONTEXT() REPRESENTATION_CONTEXT('2D SPACE',''
  ) );
#6521 = PCURVE('',#1556,#6522);
#6522 = DEFINITIONAL_REPRESENTATION('',(#6523),#6526);
#6523 = B_SPLINE_CURVE_WITH_KNOTS('',1,(#6524,#6525),.UNSPECIFIED.,.F.,
  .F.,(2,2),(15.8654296875,34.1666015625),.PIECEWISE_BEZIER_KNOTS.);
#6524 = CARTESIAN_POINT('',(19.801171875,-3.));
#6525 = CARTESIAN_POINT('',(1.5,-3.));
#6526 = ( GEOMETRIC_REPRESENTATION_CONTEXT(2) 
PARAMETRIC_REPRESENTATION_CONTEXT() REPRESENTATION_CONTEXT('2D SPACE',''
  ) );
#6527 = ORIENTED_EDGE('',*,*,#6528,.F.);
#6528 = EDGE_CURVE('',#6529,#6508,#6531,.T.);
#6529 = VERTEX_POINT('',#6530);
#6530 = CARTESIAN_POINT('',(12.666796875,5.846666666667,2.));
#6531 = SURFACE_CURVE('',#6532,(#6537,#6544),.PCURVE_S1.);
#6532 = CIRCLE('',#6533,1.5);
#6533 = AXIS2_PLACEMENT_3D('',#6534,#6535,#6536);
#6534 = CARTESIAN_POINT('',(14.166796875,5.846666666667,2.));
#6535 = DIRECTION('',(0.,0.,1.));
#6536 = DIRECTION('',(0.,-1.,0.));
#6537 = PCURVE('',#100,#6538);
#6538 = DEFINITIONAL_REPRESENTATION('',(#6539),#6543);
#6539 = CIRCLE('',#6540,1.5);
#6540 = AXIS2_PLACEMENT_2D('',#6541,#6542);
#6541 = CARTESIAN_POINT('',(-69.833203125,-42.65333333333));
#6542 = DIRECTION('',(0.,-1.));
#6543 = ( GEOMETRIC_REPRESENTATION_CONTEXT(2) 
PARAMETRIC_REPRESENTATION_CONTEXT() REPRESENTATION_CONTEXT('2D SPACE',''
  ) );
#6544 = PCURVE('',#1584,#6545);
#6545 = DEFINITIONAL_REPRESENTATION('',(#6546),#6550);
#6546 = LINE('',#6547,#6548);
#6547 = CARTESIAN_POINT('',(-6.28318530718,3.));
#6548 = VECTOR('',#6549,1.);
#6549 = DIRECTION('',(1.,-0.));
#6550 = ( GEOMETRIC_REPRESENTATION_CONTEXT(2) 
PARAMETRIC_REPRESENTATION_CONTEXT() REPRESENTATION_CONTEXT('2D SPACE',''
  ) );
#6551 = ORIENTED_EDGE('',*,*,#6552,.T.);
#6552 = EDGE_CURVE('',#6529,#6553,#6555,.T.);
#6553 = VERTEX_POINT('',#6554);
#6554 = CARTESIAN_POINT('',(12.666796875,6.614782346613,2.));
#6555 = SURFACE_CURVE('',#6556,(#6560,#6566),.PCURVE_S1.);
#6556 = LINE('',#6557,#6558);
#6557 = CARTESIAN_POINT('',(12.666796875,30.663333333333,2.));
#6558 = VECTOR('',#6559,1.);
#6559 = DIRECTION('',(-0.,1.,0.));
#6560 = PCURVE('',#100,#6561);
#6561 = DEFINITIONAL_REPRESENTATION('',(#6562),#6565);
#6562 = B_SPLINE_CURVE_WITH_KNOTS('',1,(#6563,#6564),.UNSPECIFIED.,.F.,
  .F.,(2,2),(-24.81666666666,-19.33666666666),.PIECEWISE_BEZIER_KNOTS.);
#6563 = CARTESIAN_POINT('',(-71.333203125,-42.65333333333));
#6564 = CARTESIAN_POINT('',(-71.333203125,-37.17333333333));
#6565 = ( GEOMETRIC_REPRESENTATION_CONTEXT(2) 
PARAMETRIC_REPRESENTATION_CONTEXT() REPRESENTATION_CONTEXT('2D SPACE',''
  ) );
#6566 = PCURVE('',#1611,#6567);
#6567 = DEFINITIONAL_REPRESENTATION('',(#6568),#6571);
#6568 = B_SPLINE_CURVE_WITH_KNOTS('',1,(#6569,#6570),.UNSPECIFIED.,.F.,
  .F.,(2,2),(-24.81666666666,-19.33666666666),.PIECEWISE_BEZIER_KNOTS.);
#6569 = CARTESIAN_POINT('',(6.98,-3.));
#6570 = CARTESIAN_POINT('',(1.5,-3.));
#6571 = ( GEOMETRIC_REPRESENTATION_CONTEXT(2) 
PARAMETRIC_REPRESENTATION_CONTEXT() REPRESENTATION_CONTEXT('2D SPACE',''
  ) );
#6572 = ORIENTED_EDGE('',*,*,#6573,.T.);
#6573 = EDGE_CURVE('',#6553,#6574,#6576,.T.);
#6574 = VERTEX_POINT('',#6575);
#6575 = CARTESIAN_POINT('',(12.666796875,10.558550986721,2.));
#6576 = SURFACE_CURVE('',#6577,(#6582,#6593),.PCURVE_S1.);
#6577 = CIRCLE('',#6578,2.849791666667);
#6578 = AXIS2_PLACEMENT_3D('',#6579,#6580,#6581);
#6579 = CARTESIAN_POINT('',(10.609375,8.586666666667,2.));
#6580 = DIRECTION('',(0.,0.,-1.));
#6581 = DIRECTION('',(1.,0.,0.));
#6582 = PCURVE('',#100,#6583);
#6583 = DEFINITIONAL_REPRESENTATION('',(#6584),#6592);
#6584 = ( BOUNDED_CURVE() B_SPLINE_CURVE(2,(#6585,#6586,#6587,#6588,
#6589,#6590,#6591),.UNSPECIFIED.,.T.,.F.) B_SPLINE_CURVE_WITH_KNOTS((1,2
    ,2,2,2,1),(-2.094395102393,0.,2.094395102393,4.188790204786,
6.28318530718,8.377580409573),.UNSPECIFIED.) CURVE() 
GEOMETRIC_REPRESENTATION_ITEM() RATIONAL_B_SPLINE_CURVE((1.,0.5,1.,0.5,
1.,0.5,1.)) REPRESENTATION_ITEM('') );
#6585 = CARTESIAN_POINT('',(-70.54083333333,-39.91333333333));
#6586 = CARTESIAN_POINT('',(-70.54083333333,-44.84931729098));
#6587 = CARTESIAN_POINT('',(-74.81552083333,-42.38132531216));
#6588 = CARTESIAN_POINT('',(-79.09020833333,-39.91333333333));
#6589 = CARTESIAN_POINT('',(-74.81552083333,-37.4453413545));
#6590 = CARTESIAN_POINT('',(-70.54083333333,-34.97734937568));
#6591 = CARTESIAN_POINT('',(-70.54083333333,-39.91333333333));
#6592 = ( GEOMETRIC_REPRESENTATION_CONTEXT(2) 
PARAMETRIC_REPRESENTATION_CONTEXT() REPRESENTATION_CONTEXT('2D SPACE',''
  ) );
#6593 = PCURVE('',#1643,#6594);
#6594 = DEFINITIONAL_REPRESENTATION('',(#6595),#6599);
#6595 = LINE('',#6596,#6597);
#6596 = CARTESIAN_POINT('',(-6.28318530718,-3.));
#6597 = VECTOR('',#6598,1.);
#6598 = DIRECTION('',(1.,-0.));
#6599 = ( GEOMETRIC_REPRESENTATION_CONTEXT(2) 
PARAMETRIC_REPRESENTATION_CONTEXT() REPRESENTATION_CONTEXT('2D SPACE',''
  ) );
#6600 = ORIENTED_EDGE('',*,*,#6601,.T.);
#6601 = EDGE_CURVE('',#6574,#6602,#6604,.T.);
#6602 = VERTEX_POINT('',#6603);
#6603 = CARTESIAN_POINT('',(12.666796875,11.326666666667,2.));
#6604 = SURFACE_CURVE('',#6605,(#6609,#6615),.PCURVE_S1.);
#6605 = LINE('',#6606,#6607);
#6606 = CARTESIAN_POINT('',(12.666796875,30.663333333333,2.));
#6607 = VECTOR('',#6608,1.);
#6608 = DIRECTION('',(-0.,1.,0.));
#6609 = PCURVE('',#100,#6610);
#6610 = DEFINITIONAL_REPRESENTATION('',(#6611),#6614);
#6611 = B_SPLINE_CURVE_WITH_KNOTS('',1,(#6612,#6613),.UNSPECIFIED.,.F.,
  .F.,(2,2),(-24.81666666666,-19.33666666666),.PIECEWISE_BEZIER_KNOTS.);
#6612 = CARTESIAN_POINT('',(-71.333203125,-42.65333333333));
#6613 = CARTESIAN_POINT('',(-71.333203125,-37.17333333333));
#6614 = ( GEOMETRIC_REPRESENTATION_CONTEXT(2) 
PARAMETRIC_REPRESENTATION_CONTEXT() REPRESENTATION_CONTEXT('2D SPACE',''
  ) );
#6615 = PCURVE('',#1670,#6616);
#6616 = DEFINITIONAL_REPRESENTATION('',(#6617),#6620);
#6617 = B_SPLINE_CURVE_WITH_KNOTS('',1,(#6618,#6619),.UNSPECIFIED.,.F.,
  .F.,(2,2),(-24.81666666666,-19.33666666666),.PIECEWISE_BEZIER_KNOTS.);
#6618 = CARTESIAN_POINT('',(6.98,-3.));
#6619 = CARTESIAN_POINT('',(1.5,-3.));
#6620 = ( GEOMETRIC_REPRESENTATION_CONTEXT(2) 
PARAMETRIC_REPRESENTATION_CONTEXT() REPRESENTATION_CONTEXT('2D SPACE',''
  ) );
#6621 = ORIENTED_EDGE('',*,*,#6622,.F.);
#6622 = EDGE_CURVE('',#6623,#6602,#6625,.T.);
#6623 = VERTEX_POINT('',#6624);
#6624 = CARTESIAN_POINT('',(14.166796875,12.826666666667,2.));
#6625 = SURFACE_CURVE('',#6626,(#6631,#6638),.PCURVE_S1.);
#6626 = CIRCLE('',#6627,1.5);
#6627 = AXIS2_PLACEMENT_3D('',#6628,#6629,#6630);
#6628 = CARTESIAN_POINT('',(14.166796875,11.326666666667,2.));
#6629 = DIRECTION('',(0.,0.,1.));
#6630 = DIRECTION('',(-0.,1.,0.));
#6631 = PCURVE('',#100,#6632);
#6632 = DEFINITIONAL_REPRESENTATION('',(#6633),#6637);
#6633 = CIRCLE('',#6634,1.5);
#6634 = AXIS2_PLACEMENT_2D('',#6635,#6636);
#6635 = CARTESIAN_POINT('',(-69.833203125,-37.17333333333));
#6636 = DIRECTION('',(0.,1.));
#6637 = ( GEOMETRIC_REPRESENTATION_CONTEXT(2) 
PARAMETRIC_REPRESENTATION_CONTEXT() REPRESENTATION_CONTEXT('2D SPACE',''
  ) );
#6638 = PCURVE('',#1698,#6639);
#6639 = DEFINITIONAL_REPRESENTATION('',(#6640),#6644);
#6640 = LINE('',#6641,#6642);
#6641 = CARTESIAN_POINT('',(0.,3.));
#6642 = VECTOR('',#6643,1.);
#6643 = DIRECTION('',(1.,0.));
#6644 = ( GEOMETRIC_REPRESENTATION_CONTEXT(2) 
PARAMETRIC_REPRESENTATION_CONTEXT() REPRESENTATION_CONTEXT('2D SPACE',''
  ) );
#6645 = ORIENTED_EDGE('',*,*,#6646,.T.);
#6646 = EDGE_CURVE('',#6623,#6647,#6649,.T.);
#6647 = VERTEX_POINT('',#6648);
#6648 = CARTESIAN_POINT('',(32.46796875,12.826666666667,2.));
#6649 = SURFACE_CURVE('',#6650,(#6654,#6660),.PCURVE_S1.);
#6650 = LINE('',#6651,#6652);
#6651 = CARTESIAN_POINT('',(58.983984375,12.826666666667,2.));
#6652 = VECTOR('',#6653,1.);
#6653 = DIRECTION('',(1.,0.,-0.));
#6654 = PCURVE('',#100,#6655);
#6655 = DEFINITIONAL_REPRESENTATION('',(#6656),#6659);
#6656 = B_SPLINE_CURVE_WITH_KNOTS('',1,(#6657,#6658),.UNSPECIFIED.,.F.,
  .F.,(2,2),(-44.8171875,-26.516015625),.PIECEWISE_BEZIER_KNOTS.);
#6657 = CARTESIAN_POINT('',(-69.833203125,-35.67333333333));
#6658 = CARTESIAN_POINT('',(-51.53203125,-35.67333333333));
#6659 = ( GEOMETRIC_REPRESENTATION_CONTEXT(2) 
PARAMETRIC_REPRESENTATION_CONTEXT() REPRESENTATION_CONTEXT('2D SPACE',''
  ) );
#6660 = PCURVE('',#1725,#6661);
#6661 = DEFINITIONAL_REPRESENTATION('',(#6662),#6665);
#6662 = B_SPLINE_CURVE_WITH_KNOTS('',1,(#6663,#6664),.UNSPECIFIED.,.F.,
  .F.,(2,2),(-44.8171875,-26.516015625),.PIECEWISE_BEZIER_KNOTS.);
#6663 = CARTESIAN_POINT('',(19.801171875,-3.));
#6664 = CARTESIAN_POINT('',(1.5,-3.));
#6665 = ( GEOMETRIC_REPRESENTATION_CONTEXT(2) 
PARAMETRIC_REPRESENTATION_CONTEXT() REPRESENTATION_CONTEXT('2D SPACE',''
  ) );
#6666 = ORIENTED_EDGE('',*,*,#6667,.F.);
#6667 = EDGE_CURVE('',#6668,#6647,#6670,.T.);
#6668 = VERTEX_POINT('',#6669);
#6669 = CARTESIAN_POINT('',(33.3935546875,12.507044009851,2.));
#6670 = SURFACE_CURVE('',#6671,(#6676,#6683),.PCURVE_S1.);
#6671 = CIRCLE('',#6672,1.5);
#6672 = AXIS2_PLACEMENT_3D('',#6673,#6674,#6675);
#6673 = CARTESIAN_POINT('',(32.46796875,11.326666666667,2.));
#6674 = DIRECTION('',(0.,0.,1.));
#6675 = DIRECTION('',(1.,0.,-0.));
#6676 = PCURVE('',#100,#6677);
#6677 = DEFINITIONAL_REPRESENTATION('',(#6678),#6682);
#6678 = CIRCLE('',#6679,1.5);
#6679 = AXIS2_PLACEMENT_2D('',#6680,#6681);
#6680 = CARTESIAN_POINT('',(-51.53203125,-37.17333333333));
#6681 = DIRECTION('',(1.,0.));
#6682 = ( GEOMETRIC_REPRESENTATION_CONTEXT(2) 
PARAMETRIC_REPRESENTATION_CONTEXT() REPRESENTATION_CONTEXT('2D SPACE',''
  ) );
#6683 = PCURVE('',#1753,#6684);
#6684 = DEFINITIONAL_REPRESENTATION('',(#6685),#6689);
#6685 = LINE('',#6686,#6687);
#6686 = CARTESIAN_POINT('',(0.,3.));
#6687 = VECTOR('',#6688,1.);
#6688 = DIRECTION('',(1.,0.));
#6689 = ( GEOMETRIC_REPRESENTATION_CONTEXT(2) 
PARAMETRIC_REPRESENTATION_CONTEXT() REPRESENTATION_CONTEXT('2D SPACE',''
  ) );
#6690 = ORIENTED_EDGE('',*,*,#6691,.F.);
#6691 = EDGE_CURVE('',#6692,#6668,#6694,.T.);
#6692 = VERTEX_POINT('',#6693);
#6693 = CARTESIAN_POINT('',(34.319140625,12.826666666667,2.));
#6694 = SURFACE_CURVE('',#6695,(#6700,#6707),.PCURVE_S1.);
#6695 = CIRCLE('',#6696,1.5);
#6696 = AXIS2_PLACEMENT_3D('',#6697,#6698,#6699);
#6697 = CARTESIAN_POINT('',(34.319140625,11.326666666667,2.));
#6698 = DIRECTION('',(0.,0.,1.));
#6699 = DIRECTION('',(-0.,1.,0.));
#6700 = PCURVE('',#100,#6701);
#6701 = DEFINITIONAL_REPRESENTATION('',(#6702),#6706);
#6702 = CIRCLE('',#6703,1.5);
#6703 = AXIS2_PLACEMENT_2D('',#6704,#6705);
#6704 = CARTESIAN_POINT('',(-49.680859375,-37.17333333333));
#6705 = DIRECTION('',(0.,1.));
#6706 = ( GEOMETRIC_REPRESENTATION_CONTEXT(2) 
PARAMETRIC_REPRESENTATION_CONTEXT() REPRESENTATION_CONTEXT('2D SPACE',''
  ) );
#6707 = PCURVE('',#1782,#6708);
#6708 = DEFINITIONAL_REPRESENTATION('',(#6709),#6713);
#6709 = LINE('',#6710,#6711);
#6710 = CARTESIAN_POINT('',(0.,3.));
#6711 = VECTOR('',#6712,1.);
#6712 = DIRECTION('',(1.,0.));
#6713 = ( GEOMETRIC_REPRESENTATION_CONTEXT(2) 
PARAMETRIC_REPRESENTATION_CONTEXT() REPRESENTATION_CONTEXT('2D SPACE',''
  ) );
#6714 = ORIENTED_EDGE('',*,*,#6715,.T.);
#6715 = EDGE_CURVE('',#6692,#6716,#6718,.T.);
#6716 = VERTEX_POINT('',#6717);
#6717 = CARTESIAN_POINT('',(52.6203125,12.826666666667,2.));
#6718 = SURFACE_CURVE('',#6719,(#6723,#6729),.PCURVE_S1.);
#6719 = LINE('',#6720,#6721);
#6720 = CARTESIAN_POINT('',(69.06015625,12.826666666667,2.));
#6721 = VECTOR('',#6722,1.);
#6722 = DIRECTION('',(1.,0.,-0.));
#6723 = PCURVE('',#100,#6724);
#6724 = DEFINITIONAL_REPRESENTATION('',(#6725),#6728);
#6725 = B_SPLINE_CURVE_WITH_KNOTS('',1,(#6726,#6727),.UNSPECIFIED.,.F.,
  .F.,(2,2),(-34.741015625,-16.43984375),.PIECEWISE_BEZIER_KNOTS.);
#6726 = CARTESIAN_POINT('',(-49.680859375,-35.67333333333));
#6727 = CARTESIAN_POINT('',(-31.3796875,-35.67333333333));
#6728 = ( GEOMETRIC_REPRESENTATION_CONTEXT(2) 
PARAMETRIC_REPRESENTATION_CONTEXT() REPRESENTATION_CONTEXT('2D SPACE',''
  ) );
#6729 = PCURVE('',#1809,#6730);
#6730 = DEFINITIONAL_REPRESENTATION('',(#6731),#6734);
#6731 = B_SPLINE_CURVE_WITH_KNOTS('',1,(#6732,#6733),.UNSPECIFIED.,.F.,
  .F.,(2,2),(-34.741015625,-16.43984375),.PIECEWISE_BEZIER_KNOTS.);
#6732 = CARTESIAN_POINT('',(19.801171875,-3.));
#6733 = CARTESIAN_POINT('',(1.5,-3.));
#6734 = ( GEOMETRIC_REPRESENTATION_CONTEXT(2) 
PARAMETRIC_REPRESENTATION_CONTEXT() REPRESENTATION_CONTEXT('2D SPACE',''
  ) );
#6735 = ORIENTED_EDGE('',*,*,#6736,.F.);
#6736 = EDGE_CURVE('',#6737,#6716,#6739,.T.);
#6737 = VERTEX_POINT('',#6738);
#6738 = CARTESIAN_POINT('',(53.62109375,12.444001392543,2.));
#6739 = SURFACE_CURVE('',#6740,(#6745,#6752),.PCURVE_S1.);
#6740 = CIRCLE('',#6741,1.5);
#6741 = AXIS2_PLACEMENT_3D('',#6742,#6743,#6744);
#6742 = CARTESIAN_POINT('',(52.6203125,11.326666666667,2.));
#6743 = DIRECTION('',(0.,0.,1.));
#6744 = DIRECTION('',(1.,0.,-0.));
#6745 = PCURVE('',#100,#6746);
#6746 = DEFINITIONAL_REPRESENTATION('',(#6747),#6751);
#6747 = CIRCLE('',#6748,1.5);
#6748 = AXIS2_PLACEMENT_2D('',#6749,#6750);
#6749 = CARTESIAN_POINT('',(-31.3796875,-37.17333333333));
#6750 = DIRECTION('',(1.,0.));
#6751 = ( GEOMETRIC_REPRESENTATION_CONTEXT(2) 
PARAMETRIC_REPRESENTATION_CONTEXT() REPRESENTATION_CONTEXT('2D SPACE',''
  ) );
#6752 = PCURVE('',#1837,#6753);
#6753 = DEFINITIONAL_REPRESENTATION('',(#6754),#6758);
#6754 = LINE('',#6755,#6756);
#6755 = CARTESIAN_POINT('',(0.,3.));
#6756 = VECTOR('',#6757,1.);
#6757 = DIRECTION('',(1.,0.));
#6758 = ( GEOMETRIC_REPRESENTATION_CONTEXT(2) 
PARAMETRIC_REPRESENTATION_CONTEXT() REPRESENTATION_CONTEXT('2D SPACE',''
  ) );
#6759 = ORIENTED_EDGE('',*,*,#6760,.F.);
#6760 = EDGE_CURVE('',#6761,#6737,#6763,.T.);
#6761 = VERTEX_POINT('',#6762);
#6762 = CARTESIAN_POINT('',(54.621875,12.826666666667,2.));
#6763 = SURFACE_CURVE('',#6764,(#6769,#6776),.PCURVE_S1.);
#6764 = CIRCLE('',#6765,1.5);
#6765 = AXIS2_PLACEMENT_3D('',#6766,#6767,#6768);
#6766 = CARTESIAN_POINT('',(54.621875,11.326666666667,2.));
#6767 = DIRECTION('',(0.,0.,1.));
#6768 = DIRECTION('',(-0.,1.,0.));
#6769 = PCURVE('',#100,#6770);
#6770 = DEFINITIONAL_REPRESENTATION('',(#6771),#6775);
#6771 = CIRCLE('',#6772,1.5);
#6772 = AXIS2_PLACEMENT_2D('',#6773,#6774);
#6773 = CARTESIAN_POINT('',(-29.378125,-37.17333333333));
#6774 = DIRECTION('',(0.,1.));
#6775 = ( GEOMETRIC_REPRESENTATION_CONTEXT(2) 
PARAMETRIC_REPRESENTATION_CONTEXT() REPRESENTATION_CONTEXT('2D SPACE',''
  ) );
#6776 = PCURVE('',#1866,#6777);
#6777 = DEFINITIONAL_REPRESENTATION('',(#6778),#6782);
#6778 = LINE('',#6779,#6780);
#6779 = CARTESIAN_POINT('',(0.,3.));
#6780 = VECTOR('',#6781,1.);
#6781 = DIRECTION('',(1.,0.));
#6782 = ( GEOMETRIC_REPRESENTATION_CONTEXT(2) 
PARAMETRIC_REPRESENTATION_CONTEXT() REPRESENTATION_CONTEXT('2D SPACE',''
  ) );
#6783 = ORIENTED_EDGE('',*,*,#6784,.T.);
#6784 = EDGE_CURVE('',#6761,#6785,#6787,.T.);
#6785 = VERTEX_POINT('',#6786);
#6786 = CARTESIAN_POINT('',(72.923046875,12.826666666667,2.));
#6787 = SURFACE_CURVE('',#6788,(#6792,#6798),.PCURVE_S1.);
#6788 = LINE('',#6789,#6790);
#6789 = CARTESIAN_POINT('',(79.2115234375,12.826666666667,2.));
#6790 = VECTOR('',#6791,1.);
#6791 = DIRECTION('',(1.,0.,-0.));
#6792 = PCURVE('',#100,#6793);
#6793 = DEFINITIONAL_REPRESENTATION('',(#6794),#6797);
#6794 = B_SPLINE_CURVE_WITH_KNOTS('',1,(#6795,#6796),.UNSPECIFIED.,.F.,
  .F.,(2,2),(-24.5896484375,-6.2884765625),.PIECEWISE_BEZIER_KNOTS.);
#6795 = CARTESIAN_POINT('',(-29.378125,-35.67333333333));
#6796 = CARTESIAN_POINT('',(-11.076953125,-35.67333333333));
#6797 = ( GEOMETRIC_REPRESENTATION_CONTEXT(2) 
PARAMETRIC_REPRESENTATION_CONTEXT() REPRESENTATION_CONTEXT('2D SPACE',''
  ) );
#6798 = PCURVE('',#1893,#6799);
#6799 = DEFINITIONAL_REPRESENTATION('',(#6800),#6803);
#6800 = B_SPLINE_CURVE_WITH_KNOTS('',1,(#6801,#6802),.UNSPECIFIED.,.F.,
  .F.,(2,2),(-24.5896484375,-6.2884765625),.PIECEWISE_BEZIER_KNOTS.);
#6801 = CARTESIAN_POINT('',(19.801171875,-3.));
#6802 = CARTESIAN_POINT('',(1.5,-3.));
#6803 = ( GEOMETRIC_REPRESENTATION_CONTEXT(2) 
PARAMETRIC_REPRESENTATION_CONTEXT() REPRESENTATION_CONTEXT('2D SPACE',''
  ) );
#6804 = ORIENTED_EDGE('',*,*,#6805,.F.);
#6805 = EDGE_CURVE('',#6806,#6785,#6808,.T.);
#6806 = VERTEX_POINT('',#6807);
#6807 = CARTESIAN_POINT('',(73.8486328125,12.507044009851,2.));
#6808 = SURFACE_CURVE('',#6809,(#6814,#6821),.PCURVE_S1.);
#6809 = CIRCLE('',#6810,1.5);
#6810 = AXIS2_PLACEMENT_3D('',#6811,#6812,#6813);
#6811 = CARTESIAN_POINT('',(72.923046875,11.326666666667,2.));
#6812 = DIRECTION('',(0.,0.,1.));
#6813 = DIRECTION('',(1.,0.,-0.));
#6814 = PCURVE('',#100,#6815);
#6815 = DEFINITIONAL_REPRESENTATION('',(#6816),#6820);
#6816 = CIRCLE('',#6817,1.5);
#6817 = AXIS2_PLACEMENT_2D('',#6818,#6819);
#6818 = CARTESIAN_POINT('',(-11.076953125,-37.17333333333));
#6819 = DIRECTION('',(1.,0.));
#6820 = ( GEOMETRIC_REPRESENTATION_CONTEXT(2) 
PARAMETRIC_REPRESENTATION_CONTEXT() REPRESENTATION_CONTEXT('2D SPACE',''
  ) );
#6821 = PCURVE('',#1921,#6822);
#6822 = DEFINITIONAL_REPRESENTATION('',(#6823),#6827);
#6823 = LINE('',#6824,#6825);
#6824 = CARTESIAN_POINT('',(0.,3.));
#6825 = VECTOR('',#6826,1.);
#6826 = DIRECTION('',(1.,0.));
#6827 = ( GEOMETRIC_REPRESENTATION_CONTEXT(2) 
PARAMETRIC_REPRESENTATION_CONTEXT() REPRESENTATION_CONTEXT('2D SPACE',''
  ) );
#6828 = ORIENTED_EDGE('',*,*,#6829,.F.);
#6829 = EDGE_CURVE('',#6830,#6806,#6832,.T.);
#6830 = VERTEX_POINT('',#6831);
#6831 = CARTESIAN_POINT('',(74.77421875,12.826666666667,2.));
#6832 = SURFACE_CURVE('',#6833,(#6838,#6845),.PCURVE_S1.);
#6833 = CIRCLE('',#6834,1.5);
#6834 = AXIS2_PLACEMENT_3D('',#6835,#6836,#6837);
#6835 = CARTESIAN_POINT('',(74.77421875,11.326666666667,2.));
#6836 = DIRECTION('',(0.,0.,1.));
#6837 = DIRECTION('',(-0.,1.,0.));
#6838 = PCURVE('',#100,#6839);
#6839 = DEFINITIONAL_REPRESENTATION('',(#6840),#6844);
#6840 = CIRCLE('',#6841,1.5);
#6841 = AXIS2_PLACEMENT_2D('',#6842,#6843);
#6842 = CARTESIAN_POINT('',(-9.22578125,-37.17333333333));
#6843 = DIRECTION('',(0.,1.));
#6844 = ( GEOMETRIC_REPRESENTATION_CONTEXT(2) 
PARAMETRIC_REPRESENTATION_CONTEXT() REPRESENTATION_CONTEXT('2D SPACE',''
  ) );
#6845 = PCURVE('',#1950,#6846);
#6846 = DEFINITIONAL_REPRESENTATION('',(#6847),#6851);
#6847 = LINE('',#6848,#6849);
#6848 = CARTESIAN_POINT('',(0.,3.));
#6849 = VECTOR('',#6850,1.);
#6850 = DIRECTION('',(1.,0.));
#6851 = ( GEOMETRIC_REPRESENTATION_CONTEXT(2) 
PARAMETRIC_REPRESENTATION_CONTEXT() REPRESENTATION_CONTEXT('2D SPACE',''
  ) );
#6852 = ORIENTED_EDGE('',*,*,#6853,.T.);
#6853 = EDGE_CURVE('',#6830,#6854,#6856,.T.);
#6854 = VERTEX_POINT('',#6855);
#6855 = CARTESIAN_POINT('',(93.075390625,12.826666666667,2.));
#6856 = SURFACE_CURVE('',#6857,(#6861,#6867),.PCURVE_S1.);
#6857 = LINE('',#6858,#6859);
#6858 = CARTESIAN_POINT('',(89.2876953125,12.826666666667,2.));
#6859 = VECTOR('',#6860,1.);
#6860 = DIRECTION('',(1.,0.,-0.));
#6861 = PCURVE('',#100,#6862);
#6862 = DEFINITIONAL_REPRESENTATION('',(#6863),#6866);
#6863 = B_SPLINE_CURVE_WITH_KNOTS('',1,(#6864,#6865),.UNSPECIFIED.,.F.,
  .F.,(2,2),(-14.5134765625,3.7876953125),.PIECEWISE_BEZIER_KNOTS.);
#6864 = CARTESIAN_POINT('',(-9.22578125,-35.67333333333));
#6865 = CARTESIAN_POINT('',(9.075390625,-35.67333333333));
#6866 = ( GEOMETRIC_REPRESENTATION_CONTEXT(2) 
PARAMETRIC_REPRESENTATION_CONTEXT() REPRESENTATION_CONTEXT('2D SPACE',''
  ) );
#6867 = PCURVE('',#1977,#6868);
#6868 = DEFINITIONAL_REPRESENTATION('',(#6869),#6872);
#6869 = B_SPLINE_CURVE_WITH_KNOTS('',1,(#6870,#6871),.UNSPECIFIED.,.F.,
  .F.,(2,2),(-14.5134765625,3.7876953125),.PIECEWISE_BEZIER_KNOTS.);
#6870 = CARTESIAN_POINT('',(19.801171875,-3.));
#6871 = CARTESIAN_POINT('',(1.5,-3.));
#6872 = ( GEOMETRIC_REPRESENTATION_CONTEXT(2) 
PARAMETRIC_REPRESENTATION_CONTEXT() REPRESENTATION_CONTEXT('2D SPACE',''
  ) );
#6873 = ORIENTED_EDGE('',*,*,#6874,.F.);
#6874 = EDGE_CURVE('',#6875,#6854,#6877,.T.);
#6875 = VERTEX_POINT('',#6876);
#6876 = CARTESIAN_POINT('',(94.076171875,12.444001392543,2.));
#6877 = SURFACE_CURVE('',#6878,(#6883,#6890),.PCURVE_S1.);
#6878 = CIRCLE('',#6879,1.5);
#6879 = AXIS2_PLACEMENT_3D('',#6880,#6881,#6882);
#6880 = CARTESIAN_POINT('',(93.075390625,11.326666666667,2.));
#6881 = DIRECTION('',(0.,0.,1.));
#6882 = DIRECTION('',(1.,0.,-0.));
#6883 = PCURVE('',#100,#6884);
#6884 = DEFINITIONAL_REPRESENTATION('',(#6885),#6889);
#6885 = CIRCLE('',#6886,1.5);
#6886 = AXIS2_PLACEMENT_2D('',#6887,#6888);
#6887 = CARTESIAN_POINT('',(9.075390625,-37.17333333333));
#6888 = DIRECTION('',(1.,0.));
#6889 = ( GEOMETRIC_REPRESENTATION_CONTEXT(2) 
PARAMETRIC_REPRESENTATION_CONTEXT() REPRESENTATION_CONTEXT('2D SPACE',''
  ) );
#6890 = PCURVE('',#2005,#6891);
#6891 = DEFINITIONAL_REPRESENTATION('',(#6892),#6896);
#6892 = LINE('',#6893,#6894);
#6893 = CARTESIAN_POINT('',(0.,3.));
#6894 = VECTOR('',#6895,1.);
#6895 = DIRECTION('',(1.,0.));
#6896 = ( GEOMETRIC_REPRESENTATION_CONTEXT(2) 
PARAMETRIC_REPRESENTATION_CONTEXT() REPRESENTATION_CONTEXT('2D SPACE',''
  ) );
#6897 = ORIENTED_EDGE('',*,*,#6898,.F.);
#6898 = EDGE_CURVE('',#6899,#6875,#6901,.T.);
#6899 = VERTEX_POINT('',#6900);
#6900 = CARTESIAN_POINT('',(95.076953125,12.826666666667,2.));
#6901 = SURFACE_CURVE('',#6902,(#6907,#6914),.PCURVE_S1.);
#6902 = CIRCLE('',#6903,1.5);
#6903 = AXIS2_PLACEMENT_3D('',#6904,#6905,#6906);
#6904 = CARTESIAN_POINT('',(95.076953125,11.326666666667,2.));
#6905 = DIRECTION('',(0.,0.,1.));
#6906 = DIRECTION('',(-0.,1.,0.));
#6907 = PCURVE('',#100,#6908);
#6908 = DEFINITIONAL_REPRESENTATION('',(#6909),#6913);
#6909 = CIRCLE('',#6910,1.5);
#6910 = AXIS2_PLACEMENT_2D('',#6911,#6912);
#6911 = CARTESIAN_POINT('',(11.076953125,-37.17333333333));
#6912 = DIRECTION('',(0.,1.));
#6913 = ( GEOMETRIC_REPRESENTATION_CONTEXT(2) 
PARAMETRIC_REPRESENTATION_CONTEXT() REPRESENTATION_CONTEXT('2D SPACE',''
  ) );
#6914 = PCURVE('',#2034,#6915);
#6915 = DEFINITIONAL_REPRESENTATION('',(#6916),#6920);
#6916 = LINE('',#6917,#6918);
#6917 = CARTESIAN_POINT('',(0.,3.));
#6918 = VECTOR('',#6919,1.);
#6919 = DIRECTION('',(1.,0.));
#6920 = ( GEOMETRIC_REPRESENTATION_CONTEXT(2) 
PARAMETRIC_REPRESENTATION_CONTEXT() REPRESENTATION_CONTEXT('2D SPACE',''
  ) );
#6921 = ORIENTED_EDGE('',*,*,#6922,.T.);
#6922 = EDGE_CURVE('',#6899,#6923,#6925,.T.);
#6923 = VERTEX_POINT('',#6924);
#6924 = CARTESIAN_POINT('',(113.378125,12.826666666667,2.));
#6925 = SURFACE_CURVE('',#6926,(#6930,#6936),.PCURVE_S1.);
#6926 = LINE('',#6927,#6928);
#6927 = CARTESIAN_POINT('',(99.4390625,12.826666666667,2.));
#6928 = VECTOR('',#6929,1.);
#6929 = DIRECTION('',(1.,0.,-0.));
#6930 = PCURVE('',#100,#6931);
#6931 = DEFINITIONAL_REPRESENTATION('',(#6932),#6935);
#6932 = B_SPLINE_CURVE_WITH_KNOTS('',1,(#6933,#6934),.UNSPECIFIED.,.F.,
  .F.,(2,2),(-4.362109375,13.9390625),.PIECEWISE_BEZIER_KNOTS.);
#6933 = CARTESIAN_POINT('',(11.076953125,-35.67333333333));
#6934 = CARTESIAN_POINT('',(29.378125,-35.67333333333));
#6935 = ( GEOMETRIC_REPRESENTATION_CONTEXT(2) 
PARAMETRIC_REPRESENTATION_CONTEXT() REPRESENTATION_CONTEXT('2D SPACE',''
  ) );
#6936 = PCURVE('',#2061,#6937);
#6937 = DEFINITIONAL_REPRESENTATION('',(#6938),#6941);
#6938 = B_SPLINE_CURVE_WITH_KNOTS('',1,(#6939,#6940),.UNSPECIFIED.,.F.,
  .F.,(2,2),(-4.362109375,13.9390625),.PIECEWISE_BEZIER_KNOTS.);
#6939 = CARTESIAN_POINT('',(19.801171875,-3.));
#6940 = CARTESIAN_POINT('',(1.5,-3.));
#6941 = ( GEOMETRIC_REPRESENTATION_CONTEXT(2) 
PARAMETRIC_REPRESENTATION_CONTEXT() REPRESENTATION_CONTEXT('2D SPACE',''
  ) );
#6942 = ORIENTED_EDGE('',*,*,#6943,.F.);
#6943 = EDGE_CURVE('',#6944,#6923,#6946,.T.);
#6944 = VERTEX_POINT('',#6945);
#6945 = CARTESIAN_POINT('',(114.3037109375,12.507044009851,2.));
#6946 = SURFACE_CURVE('',#6947,(#6952,#6959),.PCURVE_S1.);
#6947 = CIRCLE('',#6948,1.5);
#6948 = AXIS2_PLACEMENT_3D('',#6949,#6950,#6951);
#6949 = CARTESIAN_POINT('',(113.378125,11.326666666667,2.));
#6950 = DIRECTION('',(0.,0.,1.));
#6951 = DIRECTION('',(1.,0.,-0.));
#6952 = PCURVE('',#100,#6953);
#6953 = DEFINITIONAL_REPRESENTATION('',(#6954),#6958);
#6954 = CIRCLE('',#6955,1.5);
#6955 = AXIS2_PLACEMENT_2D('',#6956,#6957);
#6956 = CARTESIAN_POINT('',(29.378125,-37.17333333333));
#6957 = DIRECTION('',(1.,0.));
#6958 = ( GEOMETRIC_REPRESENTATION_CONTEXT(2) 
PARAMETRIC_REPRESENTATION_CONTEXT() REPRESENTATION_CONTEXT('2D SPACE',''
  ) );
#6959 = PCURVE('',#2089,#6960);
#6960 = DEFINITIONAL_REPRESENTATION('',(#6961),#6965);
#6961 = LINE('',#6962,#6963);
#6962 = CARTESIAN_POINT('',(0.,3.));
#6963 = VECTOR('',#6964,1.);
#6964 = DIRECTION('',(1.,0.));
#6965 = ( GEOMETRIC_REPRESENTATION_CONTEXT(2) 
PARAMETRIC_REPRESENTATION_CONTEXT() REPRESENTATION_CONTEXT('2D SPACE',''
  ) );
#6966 = ORIENTED_EDGE('',*,*,#6967,.F.);
#6967 = EDGE_CURVE('',#6968,#6944,#6970,.T.);
#6968 = VERTEX_POINT('',#6969);
#6969 = CARTESIAN_POINT('',(115.229296875,12.826666666667,2.));
#6970 = SURFACE_CURVE('',#6971,(#6976,#6983),.PCURVE_S1.);
#6971 = CIRCLE('',#6972,1.5);
#6972 = AXIS2_PLACEMENT_3D('',#6973,#6974,#6975);
#6973 = CARTESIAN_POINT('',(115.229296875,11.326666666667,2.));
#6974 = DIRECTION('',(0.,0.,1.));
#6975 = DIRECTION('',(-0.,1.,0.));
#6976 = PCURVE('',#100,#6977);
#6977 = DEFINITIONAL_REPRESENTATION('',(#6978),#6982);
#6978 = CIRCLE('',#6979,1.5);
#6979 = AXIS2_PLACEMENT_2D('',#6980,#6981);
#6980 = CARTESIAN_POINT('',(31.229296875,-37.17333333333));
#6981 = DIRECTION('',(0.,1.));
#6982 = ( GEOMETRIC_REPRESENTATION_CONTEXT(2) 
PARAMETRIC_REPRESENTATION_CONTEXT() REPRESENTATION_CONTEXT('2D SPACE',''
  ) );
#6983 = PCURVE('',#2118,#6984);
#6984 = DEFINITIONAL_REPRESENTATION('',(#6985),#6989);
#6985 = LINE('',#6986,#6987);
#6986 = CARTESIAN_POINT('',(0.,3.));
#6987 = VECTOR('',#6988,1.);
#6988 = DIRECTION('',(1.,0.));
#6989 = ( GEOMETRIC_REPRESENTATION_CONTEXT(2) 
PARAMETRIC_REPRESENTATION_CONTEXT() REPRESENTATION_CONTEXT('2D SPACE',''
  ) );
#6990 = ORIENTED_EDGE('',*,*,#6991,.T.);
#6991 = EDGE_CURVE('',#6968,#6992,#6994,.T.);
#6992 = VERTEX_POINT('',#6993);
#6993 = CARTESIAN_POINT('',(133.53046875,12.826666666667,2.));
#6994 = SURFACE_CURVE('',#6995,(#6999,#7005),.PCURVE_S1.);
#6995 = LINE('',#6996,#6997);
#6996 = CARTESIAN_POINT('',(109.515234375,12.826666666667,2.));
#6997 = VECTOR('',#6998,1.);
#6998 = DIRECTION('',(1.,0.,-0.));
#6999 = PCURVE('',#100,#7000);
#7000 = DEFINITIONAL_REPRESENTATION('',(#7001),#7004);
#7001 = B_SPLINE_CURVE_WITH_KNOTS('',1,(#7002,#7003),.UNSPECIFIED.,.F.,
  .F.,(2,2),(5.7140625,24.015234375),.PIECEWISE_BEZIER_KNOTS.);
#7002 = CARTESIAN_POINT('',(31.229296875,-35.67333333333));
#7003 = CARTESIAN_POINT('',(49.53046875,-35.67333333333));
#7004 = ( GEOMETRIC_REPRESENTATION_CONTEXT(2) 
PARAMETRIC_REPRESENTATION_CONTEXT() REPRESENTATION_CONTEXT('2D SPACE',''
  ) );
#7005 = PCURVE('',#2145,#7006);
#7006 = DEFINITIONAL_REPRESENTATION('',(#7007),#7010);
#7007 = B_SPLINE_CURVE_WITH_KNOTS('',1,(#7008,#7009),.UNSPECIFIED.,.F.,
  .F.,(2,2),(5.7140625,24.015234375),.PIECEWISE_BEZIER_KNOTS.);
#7008 = CARTESIAN_POINT('',(19.801171875,-3.));
#7009 = CARTESIAN_POINT('',(1.5,-3.));
#7010 = ( GEOMETRIC_REPRESENTATION_CONTEXT(2) 
PARAMETRIC_REPRESENTATION_CONTEXT() REPRESENTATION_CONTEXT('2D SPACE',''
  ) );
#7011 = ORIENTED_EDGE('',*,*,#7012,.F.);
#7012 = EDGE_CURVE('',#7013,#6992,#7015,.T.);
#7013 = VERTEX_POINT('',#7014);
#7014 = CARTESIAN_POINT('',(134.53125,12.44400139254,2.));
#7015 = SURFACE_CURVE('',#7016,(#7021,#7028),.PCURVE_S1.);
#7016 = CIRCLE('',#7017,1.5);
#7017 = AXIS2_PLACEMENT_3D('',#7018,#7019,#7020);
#7018 = CARTESIAN_POINT('',(133.53046875,11.326666666667,2.));
#7019 = DIRECTION('',(0.,0.,1.));
#7020 = DIRECTION('',(1.,0.,-0.));
#7021 = PCURVE('',#100,#7022);
#7022 = DEFINITIONAL_REPRESENTATION('',(#7023),#7027);
#7023 = CIRCLE('',#7024,1.5);
#7024 = AXIS2_PLACEMENT_2D('',#7025,#7026);
#7025 = CARTESIAN_POINT('',(49.53046875,-37.17333333333));
#7026 = DIRECTION('',(1.,0.));
#7027 = ( GEOMETRIC_REPRESENTATION_CONTEXT(2) 
PARAMETRIC_REPRESENTATION_CONTEXT() REPRESENTATION_CONTEXT('2D SPACE',''
  ) );
#7028 = PCURVE('',#2173,#7029);
#7029 = DEFINITIONAL_REPRESENTATION('',(#7030),#7034);
#7030 = LINE('',#7031,#7032);
#7031 = CARTESIAN_POINT('',(0.,3.));
#7032 = VECTOR('',#7033,1.);
#7033 = DIRECTION('',(1.,0.));
#7034 = ( GEOMETRIC_REPRESENTATION_CONTEXT(2) 
PARAMETRIC_REPRESENTATION_CONTEXT() REPRESENTATION_CONTEXT('2D SPACE',''
  ) );
#7035 = ORIENTED_EDGE('',*,*,#7036,.F.);
#7036 = EDGE_CURVE('',#7037,#7013,#7039,.T.);
#7037 = VERTEX_POINT('',#7038);
#7038 = CARTESIAN_POINT('',(135.53203125,12.826666666667,2.));
#7039 = SURFACE_CURVE('',#7040,(#7045,#7052),.PCURVE_S1.);
#7040 = CIRCLE('',#7041,1.5);
#7041 = AXIS2_PLACEMENT_3D('',#7042,#7043,#7044);
#7042 = CARTESIAN_POINT('',(135.53203125,11.326666666667,2.));
#7043 = DIRECTION('',(0.,0.,1.));
#7044 = DIRECTION('',(-0.,1.,0.));
#7045 = PCURVE('',#100,#7046);
#7046 = DEFINITIONAL_REPRESENTATION('',(#7047),#7051);
#7047 = CIRCLE('',#7048,1.5);
#7048 = AXIS2_PLACEMENT_2D('',#7049,#7050);
#7049 = CARTESIAN_POINT('',(51.53203125,-37.17333333333));
#7050 = DIRECTION('',(0.,1.));
#7051 = ( GEOMETRIC_REPRESENTATION_CONTEXT(2) 
PARAMETRIC_REPRESENTATION_CONTEXT() REPRESENTATION_CONTEXT('2D SPACE',''
  ) );
#7052 = PCURVE('',#2202,#7053);
#7053 = DEFINITIONAL_REPRESENTATION('',(#7054),#7058);
#7054 = LINE('',#7055,#7056);
#7055 = CARTESIAN_POINT('',(0.,3.));
#7056 = VECTOR('',#7057,1.);
#7057 = DIRECTION('',(1.,0.));
#7058 = ( GEOMETRIC_REPRESENTATION_CONTEXT(2) 
PARAMETRIC_REPRESENTATION_CONTEXT() REPRESENTATION_CONTEXT('2D SPACE',''
  ) );
#7059 = ORIENTED_EDGE('',*,*,#7060,.T.);
#7060 = EDGE_CURVE('',#7037,#7061,#7063,.T.);
#7061 = VERTEX_POINT('',#7062);
#7062 = CARTESIAN_POINT('',(153.833203125,12.826666666667,2.));
#7063 = SURFACE_CURVE('',#7064,(#7068,#7074),.PCURVE_S1.);
#7064 = LINE('',#7065,#7066);
#7065 = CARTESIAN_POINT('',(119.6666015625,12.826666666667,2.));
#7066 = VECTOR('',#7067,1.);
#7067 = DIRECTION('',(1.,0.,-0.));
#7068 = PCURVE('',#100,#7069);
#7069 = DEFINITIONAL_REPRESENTATION('',(#7070),#7073);
#7070 = B_SPLINE_CURVE_WITH_KNOTS('',1,(#7071,#7072),.UNSPECIFIED.,.F.,
  .F.,(2,2),(15.8654296875,34.1666015625),.PIECEWISE_BEZIER_KNOTS.);
#7071 = CARTESIAN_POINT('',(51.53203125,-35.67333333333));
#7072 = CARTESIAN_POINT('',(69.833203125,-35.67333333333));
#7073 = ( GEOMETRIC_REPRESENTATION_CONTEXT(2) 
PARAMETRIC_REPRESENTATION_CONTEXT() REPRESENTATION_CONTEXT('2D SPACE',''
  ) );
#7074 = PCURVE('',#2229,#7075);
#7075 = DEFINITIONAL_REPRESENTATION('',(#7076),#7079);
#7076 = B_SPLINE_CURVE_WITH_KNOTS('',1,(#7077,#7078),.UNSPECIFIED.,.F.,
  .F.,(2,2),(15.8654296875,34.1666015625),.PIECEWISE_BEZIER_KNOTS.);
#7077 = CARTESIAN_POINT('',(19.801171875,-3.));
#7078 = CARTESIAN_POINT('',(1.5,-3.));
#7079 = ( GEOMETRIC_REPRESENTATION_CONTEXT(2) 
PARAMETRIC_REPRESENTATION_CONTEXT() REPRESENTATION_CONTEXT('2D SPACE',''
  ) );
#7080 = ORIENTED_EDGE('',*,*,#7081,.F.);
#7081 = EDGE_CURVE('',#7082,#7061,#7084,.T.);
#7082 = VERTEX_POINT('',#7083);
#7083 = CARTESIAN_POINT('',(155.333203125,11.326666666667,2.));
#7084 = SURFACE_CURVE('',#7085,(#7090,#7097),.PCURVE_S1.);
#7085 = CIRCLE('',#7086,1.5);
#7086 = AXIS2_PLACEMENT_3D('',#7087,#7088,#7089);
#7087 = CARTESIAN_POINT('',(153.833203125,11.326666666667,2.));
#7088 = DIRECTION('',(0.,0.,1.));
#7089 = DIRECTION('',(1.,0.,-0.));
#7090 = PCURVE('',#100,#7091);
#7091 = DEFINITIONAL_REPRESENTATION('',(#7092),#7096);
#7092 = CIRCLE('',#7093,1.5);
#7093 = AXIS2_PLACEMENT_2D('',#7094,#7095);
#7094 = CARTESIAN_POINT('',(69.833203125,-37.17333333333));
#7095 = DIRECTION('',(1.,0.));
#7096 = ( GEOMETRIC_REPRESENTATION_CONTEXT(2) 
PARAMETRIC_REPRESENTATION_CONTEXT() REPRESENTATION_CONTEXT('2D SPACE',''
  ) );
#7097 = PCURVE('',#2257,#7098);
#7098 = DEFINITIONAL_REPRESENTATION('',(#7099),#7103);
#7099 = LINE('',#7100,#7101);
#7100 = CARTESIAN_POINT('',(0.,3.));
#7101 = VECTOR('',#7102,1.);
#7102 = DIRECTION('',(1.,0.));
#7103 = ( GEOMETRIC_REPRESENTATION_CONTEXT(2) 
PARAMETRIC_REPRESENTATION_CONTEXT() REPRESENTATION_CONTEXT('2D SPACE',''
  ) );
#7104 = ORIENTED_EDGE('',*,*,#7105,.T.);
#7105 = EDGE_CURVE('',#7082,#7106,#7108,.T.);
#7106 = VERTEX_POINT('',#7107);
#7107 = CARTESIAN_POINT('',(155.333203125,10.558550986721,2.));
#7108 = SURFACE_CURVE('',#7109,(#7113,#7119),.PCURVE_S1.);
#7109 = LINE('',#7110,#7111);
#7110 = CARTESIAN_POINT('',(155.333203125,26.423333333333,2.));
#7111 = VECTOR('',#7112,1.);
#7112 = DIRECTION('',(0.,-1.,0.));
#7113 = PCURVE('',#100,#7114);
#7114 = DEFINITIONAL_REPRESENTATION('',(#7115),#7118);
#7115 = B_SPLINE_CURVE_WITH_KNOTS('',1,(#7116,#7117),.UNSPECIFIED.,.F.,
  .F.,(2,2),(15.096666666667,20.576666666667),.PIECEWISE_BEZIER_KNOTS.);
#7116 = CARTESIAN_POINT('',(71.333203125,-37.17333333333));
#7117 = CARTESIAN_POINT('',(71.333203125,-42.65333333333));
#7118 = ( GEOMETRIC_REPRESENTATION_CONTEXT(2) 
PARAMETRIC_REPRESENTATION_CONTEXT() REPRESENTATION_CONTEXT('2D SPACE',''
  ) );
#7119 = PCURVE('',#2284,#7120);
#7120 = DEFINITIONAL_REPRESENTATION('',(#7121),#7124);
#7121 = B_SPLINE_CURVE_WITH_KNOTS('',1,(#7122,#7123),.UNSPECIFIED.,.F.,
  .F.,(2,2),(15.096666666667,20.576666666667),.PIECEWISE_BEZIER_KNOTS.);
#7122 = CARTESIAN_POINT('',(6.98,-3.));
#7123 = CARTESIAN_POINT('',(1.5,-3.));
#7124 = ( GEOMETRIC_REPRESENTATION_CONTEXT(2) 
PARAMETRIC_REPRESENTATION_CONTEXT() REPRESENTATION_CONTEXT('2D SPACE',''
  ) );
#7125 = ORIENTED_EDGE('',*,*,#7126,.T.);
#7126 = EDGE_CURVE('',#7106,#7127,#7129,.T.);
#7127 = VERTEX_POINT('',#7128);
#7128 = CARTESIAN_POINT('',(155.333203125,6.614782346612,2.));
#7129 = SURFACE_CURVE('',#7130,(#7135,#7146),.PCURVE_S1.);
#7130 = CIRCLE('',#7131,2.849791666667);
#7131 = AXIS2_PLACEMENT_3D('',#7132,#7133,#7134);
#7132 = CARTESIAN_POINT('',(157.390625,8.586666666667,2.));
#7133 = DIRECTION('',(0.,0.,-1.));
#7134 = DIRECTION('',(-0.721955186783,0.691939815503,0.));
#7135 = PCURVE('',#100,#7136);
#7136 = DEFINITIONAL_REPRESENTATION('',(#7137),#7145);
#7137 = ( BOUNDED_CURVE() B_SPLINE_CURVE(2,(#7138,#7139,#7140,#7141,
#7142,#7143,#7144),.UNSPECIFIED.,.T.,.F.) B_SPLINE_CURVE_WITH_KNOTS((1,2
    ,2,2,2,1),(-2.094395102393,0.,2.094395102393,4.188790204786,
6.28318530718,8.377580409573),.UNSPECIFIED.) CURVE() 
GEOMETRIC_REPRESENTATION_ITEM() RATIONAL_B_SPLINE_CURVE((1.,0.5,1.,0.5,
1.,0.5,1.)) REPRESENTATION_ITEM('') );
#7138 = CARTESIAN_POINT('',(71.333203125,-37.94144901327));
#7139 = CARTESIAN_POINT('',(74.748606953983,-34.37788979317));
#7140 = CARTESIAN_POINT('',(76.127037851991,-39.1174958833));
#7141 = CARTESIAN_POINT('',(77.505468749999,-43.85710197344));
#7142 = CARTESIAN_POINT('',(72.711634023009,-42.68105510341));
#7143 = CARTESIAN_POINT('',(67.917799296018,-41.50500823338));
#7144 = CARTESIAN_POINT('',(71.333203125,-37.94144901327));
#7145 = ( GEOMETRIC_REPRESENTATION_CONTEXT(2) 
PARAMETRIC_REPRESENTATION_CONTEXT() REPRESENTATION_CONTEXT('2D SPACE',''
  ) );
#7146 = PCURVE('',#2312,#7147);
#7147 = DEFINITIONAL_REPRESENTATION('',(#7148),#7152);
#7148 = LINE('',#7149,#7150);
#7149 = CARTESIAN_POINT('',(-8.660605463704,-3.));
#7150 = VECTOR('',#7151,1.);
#7151 = DIRECTION('',(1.,-0.));
#7152 = ( GEOMETRIC_REPRESENTATION_CONTEXT(2) 
PARAMETRIC_REPRESENTATION_CONTEXT() REPRESENTATION_CONTEXT('2D SPACE',''
  ) );
#7153 = ORIENTED_EDGE('',*,*,#7154,.T.);
#7154 = EDGE_CURVE('',#7127,#7155,#7157,.T.);
#7155 = VERTEX_POINT('',#7156);
#7156 = CARTESIAN_POINT('',(155.333203125,5.846666666667,2.));
#7157 = SURFACE_CURVE('',#7158,(#7162,#7168),.PCURVE_S1.);
#7158 = LINE('',#7159,#7160);
#7159 = CARTESIAN_POINT('',(155.333203125,26.423333333333,2.));
#7160 = VECTOR('',#7161,1.);
#7161 = DIRECTION('',(0.,-1.,0.));
#7162 = PCURVE('',#100,#7163);
#7163 = DEFINITIONAL_REPRESENTATION('',(#7164),#7167);
#7164 = B_SPLINE_CURVE_WITH_KNOTS('',1,(#7165,#7166),.UNSPECIFIED.,.F.,
  .F.,(2,2),(15.096666666667,20.576666666667),.PIECEWISE_BEZIER_KNOTS.);
#7165 = CARTESIAN_POINT('',(71.333203125,-37.17333333333));
#7166 = CARTESIAN_POINT('',(71.333203125,-42.65333333333));
#7167 = ( GEOMETRIC_REPRESENTATION_CONTEXT(2) 
PARAMETRIC_REPRESENTATION_CONTEXT() REPRESENTATION_CONTEXT('2D SPACE',''
  ) );
#7168 = PCURVE('',#2339,#7169);
#7169 = DEFINITIONAL_REPRESENTATION('',(#7170),#7173);
#7170 = B_SPLINE_CURVE_WITH_KNOTS('',1,(#7171,#7172),.UNSPECIFIED.,.F.,
  .F.,(2,2),(15.096666666667,20.576666666667),.PIECEWISE_BEZIER_KNOTS.);
#7171 = CARTESIAN_POINT('',(6.98,-3.));
#7172 = CARTESIAN_POINT('',(1.5,-3.));
#7173 = ( GEOMETRIC_REPRESENTATION_CONTEXT(2) 
PARAMETRIC_REPRESENTATION_CONTEXT() REPRESENTATION_CONTEXT('2D SPACE',''
  ) );
#7174 = ORIENTED_EDGE('',*,*,#7175,.F.);
#7175 = EDGE_CURVE('',#7176,#7155,#7178,.T.);
#7176 = VERTEX_POINT('',#7177);
#7177 = CARTESIAN_POINT('',(153.833203125,4.346666666667,2.));
#7178 = SURFACE_CURVE('',#7179,(#7184,#7191),.PCURVE_S1.);
#7179 = CIRCLE('',#7180,1.5);
#7180 = AXIS2_PLACEMENT_3D('',#7181,#7182,#7183);
#7181 = CARTESIAN_POINT('',(153.833203125,5.846666666667,2.));
#7182 = DIRECTION('',(0.,0.,1.));
#7183 = DIRECTION('',(0.,-1.,0.));
#7184 = PCURVE('',#100,#7185);
#7185 = DEFINITIONAL_REPRESENTATION('',(#7186),#7190);
#7186 = CIRCLE('',#7187,1.5);
#7187 = AXIS2_PLACEMENT_2D('',#7188,#7189);
#7188 = CARTESIAN_POINT('',(69.833203125,-42.65333333333));
#7189 = DIRECTION('',(0.,-1.));
#7190 = ( GEOMETRIC_REPRESENTATION_CONTEXT(2) 
PARAMETRIC_REPRESENTATION_CONTEXT() REPRESENTATION_CONTEXT('2D SPACE',''
  ) );
#7191 = PCURVE('',#2367,#7192);
#7192 = DEFINITIONAL_REPRESENTATION('',(#7193),#7197);
#7193 = LINE('',#7194,#7195);
#7194 = CARTESIAN_POINT('',(0.,3.));
#7195 = VECTOR('',#7196,1.);
#7196 = DIRECTION('',(1.,0.));
#7197 = ( GEOMETRIC_REPRESENTATION_CONTEXT(2) 
PARAMETRIC_REPRESENTATION_CONTEXT() REPRESENTATION_CONTEXT('2D SPACE',''
  ) );
#7198 = ORIENTED_EDGE('',*,*,#7199,.T.);
#7199 = EDGE_CURVE('',#7176,#7200,#7202,.T.);
#7200 = VERTEX_POINT('',#7201);
#7201 = CARTESIAN_POINT('',(135.53203125,4.346666666667,2.));
#7202 = SURFACE_CURVE('',#7203,(#7207,#7213),.PCURVE_S1.);
#7203 = LINE('',#7204,#7205);
#7204 = CARTESIAN_POINT('',(109.016015625,4.346666666667,2.));
#7205 = VECTOR('',#7206,1.);
#7206 = DIRECTION('',(-1.,0.,0.));
#7207 = PCURVE('',#100,#7208);
#7208 = DEFINITIONAL_REPRESENTATION('',(#7209),#7212);
#7209 = B_SPLINE_CURVE_WITH_KNOTS('',1,(#7210,#7211),.UNSPECIFIED.,.F.,
  .F.,(2,2),(-44.8171875,-26.516015625),.PIECEWISE_BEZIER_KNOTS.);
#7210 = CARTESIAN_POINT('',(69.833203125,-44.15333333333));
#7211 = CARTESIAN_POINT('',(51.53203125,-44.15333333333));
#7212 = ( GEOMETRIC_REPRESENTATION_CONTEXT(2) 
PARAMETRIC_REPRESENTATION_CONTEXT() REPRESENTATION_CONTEXT('2D SPACE',''
  ) );
#7213 = PCURVE('',#2394,#7214);
#7214 = DEFINITIONAL_REPRESENTATION('',(#7215),#7218);
#7215 = B_SPLINE_CURVE_WITH_KNOTS('',1,(#7216,#7217),.UNSPECIFIED.,.F.,
  .F.,(2,2),(-44.8171875,-26.516015625),.PIECEWISE_BEZIER_KNOTS.);
#7216 = CARTESIAN_POINT('',(19.801171875,-3.));
#7217 = CARTESIAN_POINT('',(1.5,-3.));
#7218 = ( GEOMETRIC_REPRESENTATION_CONTEXT(2) 
PARAMETRIC_REPRESENTATION_CONTEXT() REPRESENTATION_CONTEXT('2D SPACE',''
  ) );
#7219 = ORIENTED_EDGE('',*,*,#7220,.F.);
#7220 = EDGE_CURVE('',#7221,#7200,#7223,.T.);
#7221 = VERTEX_POINT('',#7222);
#7222 = CARTESIAN_POINT('',(134.53125,4.729331940793,2.));
#7223 = SURFACE_CURVE('',#7224,(#7229,#7236),.PCURVE_S1.);
#7224 = CIRCLE('',#7225,1.5);
#7225 = AXIS2_PLACEMENT_3D('',#7226,#7227,#7228);
#7226 = CARTESIAN_POINT('',(135.53203125,5.846666666667,2.));
#7227 = DIRECTION('',(0.,0.,1.));
#7228 = DIRECTION('',(0.,-1.,0.));
#7229 = PCURVE('',#100,#7230);
#7230 = DEFINITIONAL_REPRESENTATION('',(#7231),#7235);
#7231 = CIRCLE('',#7232,1.5);
#7232 = AXIS2_PLACEMENT_2D('',#7233,#7234);
#7233 = CARTESIAN_POINT('',(51.53203125,-42.65333333333));
#7234 = DIRECTION('',(0.,-1.));
#7235 = ( GEOMETRIC_REPRESENTATION_CONTEXT(2) 
PARAMETRIC_REPRESENTATION_CONTEXT() REPRESENTATION_CONTEXT('2D SPACE',''
  ) );
#7236 = PCURVE('',#2422,#7237);
#7237 = DEFINITIONAL_REPRESENTATION('',(#7238),#7242);
#7238 = LINE('',#7239,#7240);
#7239 = CARTESIAN_POINT('',(-6.28318530718,3.));
#7240 = VECTOR('',#7241,1.);
#7241 = DIRECTION('',(1.,-0.));
#7242 = ( GEOMETRIC_REPRESENTATION_CONTEXT(2) 
PARAMETRIC_REPRESENTATION_CONTEXT() REPRESENTATION_CONTEXT('2D SPACE',''
  ) );
#7243 = ORIENTED_EDGE('',*,*,#7244,.F.);
#7244 = EDGE_CURVE('',#7245,#7221,#7247,.T.);
#7245 = VERTEX_POINT('',#7246);
#7246 = CARTESIAN_POINT('',(133.53046875,4.346666666667,2.));
#7247 = SURFACE_CURVE('',#7248,(#7253,#7260),.PCURVE_S1.);
#7248 = CIRCLE('',#7249,1.5);
#7249 = AXIS2_PLACEMENT_3D('',#7250,#7251,#7252);
#7250 = CARTESIAN_POINT('',(133.53046875,5.846666666667,2.));
#7251 = DIRECTION('',(0.,0.,1.));
#7252 = DIRECTION('',(0.,-1.,0.));
#7253 = PCURVE('',#100,#7254);
#7254 = DEFINITIONAL_REPRESENTATION('',(#7255),#7259);
#7255 = CIRCLE('',#7256,1.5);
#7256 = AXIS2_PLACEMENT_2D('',#7257,#7258);
#7257 = CARTESIAN_POINT('',(49.53046875,-42.65333333333));
#7258 = DIRECTION('',(0.,-1.));
#7259 = ( GEOMETRIC_REPRESENTATION_CONTEXT(2) 
PARAMETRIC_REPRESENTATION_CONTEXT() REPRESENTATION_CONTEXT('2D SPACE',''
  ) );
#7260 = PCURVE('',#2451,#7261);
#7261 = DEFINITIONAL_REPRESENTATION('',(#7262),#7266);
#7262 = LINE('',#7263,#7264);
#7263 = CARTESIAN_POINT('',(0.,3.));
#7264 = VECTOR('',#7265,1.);
#7265 = DIRECTION('',(1.,0.));
#7266 = ( GEOMETRIC_REPRESENTATION_CONTEXT(2) 
PARAMETRIC_REPRESENTATION_CONTEXT() REPRESENTATION_CONTEXT('2D SPACE',''
  ) );
#7267 = ORIENTED_EDGE('',*,*,#7268,.T.);
#7268 = EDGE_CURVE('',#7245,#7269,#7271,.T.);
#7269 = VERTEX_POINT('',#7270);
#7270 = CARTESIAN_POINT('',(115.229296875,4.346666666667,2.));
#7271 = SURFACE_CURVE('',#7272,(#7276,#7282),.PCURVE_S1.);
#7272 = LINE('',#7273,#7274);
#7273 = CARTESIAN_POINT('',(98.8646484375,4.346666666667,2.));
#7274 = VECTOR('',#7275,1.);
#7275 = DIRECTION('',(-1.,0.,0.));
#7276 = PCURVE('',#100,#7277);
#7277 = DEFINITIONAL_REPRESENTATION('',(#7278),#7281);
#7278 = B_SPLINE_CURVE_WITH_KNOTS('',1,(#7279,#7280),.UNSPECIFIED.,.F.,
  .F.,(2,2),(-34.6658203125,-16.3646484375),.PIECEWISE_BEZIER_KNOTS.);
#7279 = CARTESIAN_POINT('',(49.53046875,-44.15333333333));
#7280 = CARTESIAN_POINT('',(31.229296875,-44.15333333333));
#7281 = ( GEOMETRIC_REPRESENTATION_CONTEXT(2) 
PARAMETRIC_REPRESENTATION_CONTEXT() REPRESENTATION_CONTEXT('2D SPACE',''
  ) );
#7282 = PCURVE('',#2478,#7283);
#7283 = DEFINITIONAL_REPRESENTATION('',(#7284),#7287);
#7284 = B_SPLINE_CURVE_WITH_KNOTS('',1,(#7285,#7286),.UNSPECIFIED.,.F.,
  .F.,(2,2),(-34.6658203125,-16.3646484375),.PIECEWISE_BEZIER_KNOTS.);
#7285 = CARTESIAN_POINT('',(19.801171875,-3.));
#7286 = CARTESIAN_POINT('',(1.5,-3.));
#7287 = ( GEOMETRIC_REPRESENTATION_CONTEXT(2) 
PARAMETRIC_REPRESENTATION_CONTEXT() REPRESENTATION_CONTEXT('2D SPACE',''
  ) );
#7288 = ORIENTED_EDGE('',*,*,#7289,.F.);
#7289 = EDGE_CURVE('',#7290,#7269,#7292,.T.);
#7290 = VERTEX_POINT('',#7291);
#7291 = CARTESIAN_POINT('',(114.3037109375,4.666289323483,2.));
#7292 = SURFACE_CURVE('',#7293,(#7298,#7305),.PCURVE_S1.);
#7293 = CIRCLE('',#7294,1.5);
#7294 = AXIS2_PLACEMENT_3D('',#7295,#7296,#7297);
#7295 = CARTESIAN_POINT('',(115.229296875,5.846666666667,2.));
#7296 = DIRECTION('',(0.,0.,1.));
#7297 = DIRECTION('',(0.,-1.,0.));
#7298 = PCURVE('',#100,#7299);
#7299 = DEFINITIONAL_REPRESENTATION('',(#7300),#7304);
#7300 = CIRCLE('',#7301,1.5);
#7301 = AXIS2_PLACEMENT_2D('',#7302,#7303);
#7302 = CARTESIAN_POINT('',(31.229296875,-42.65333333333));
#7303 = DIRECTION('',(0.,-1.));
#7304 = ( GEOMETRIC_REPRESENTATION_CONTEXT(2) 
PARAMETRIC_REPRESENTATION_CONTEXT() REPRESENTATION_CONTEXT('2D SPACE',''
  ) );
#7305 = PCURVE('',#2506,#7306);
#7306 = DEFINITIONAL_REPRESENTATION('',(#7307),#7311);
#7307 = LINE('',#7308,#7309);
#7308 = CARTESIAN_POINT('',(-6.28318530718,3.));
#7309 = VECTOR('',#7310,1.);
#7310 = DIRECTION('',(1.,-0.));
#7311 = ( GEOMETRIC_REPRESENTATION_CONTEXT(2) 
PARAMETRIC_REPRESENTATION_CONTEXT() REPRESENTATION_CONTEXT('2D SPACE',''
  ) );
#7312 = ORIENTED_EDGE('',*,*,#7313,.F.);
#7313 = EDGE_CURVE('',#7314,#7290,#7316,.T.);
#7314 = VERTEX_POINT('',#7315);
#7315 = CARTESIAN_POINT('',(113.378125,4.346666666667,2.));
#7316 = SURFACE_CURVE('',#7317,(#7322,#7329),.PCURVE_S1.);
#7317 = CIRCLE('',#7318,1.5);
#7318 = AXIS2_PLACEMENT_3D('',#7319,#7320,#7321);
#7319 = CARTESIAN_POINT('',(113.378125,5.846666666667,2.));
#7320 = DIRECTION('',(0.,0.,1.));
#7321 = DIRECTION('',(0.,-1.,0.));
#7322 = PCURVE('',#100,#7323);
#7323 = DEFINITIONAL_REPRESENTATION('',(#7324),#7328);
#7324 = CIRCLE('',#7325,1.5);
#7325 = AXIS2_PLACEMENT_2D('',#7326,#7327);
#7326 = CARTESIAN_POINT('',(29.378125,-42.65333333333));
#7327 = DIRECTION('',(0.,-1.));
#7328 = ( GEOMETRIC_REPRESENTATION_CONTEXT(2) 
PARAMETRIC_REPRESENTATION_CONTEXT() REPRESENTATION_CONTEXT('2D SPACE',''
  ) );
#7329 = PCURVE('',#2535,#7330);
#7330 = DEFINITIONAL_REPRESENTATION('',(#7331),#7335);
#7331 = LINE('',#7332,#7333);
#7332 = CARTESIAN_POINT('',(0.,3.));
#7333 = VECTOR('',#7334,1.);
#7334 = DIRECTION('',(1.,0.));
#7335 = ( GEOMETRIC_REPRESENTATION_CONTEXT(2) 
PARAMETRIC_REPRESENTATION_CONTEXT() REPRESENTATION_CONTEXT('2D SPACE',''
  ) );
#7336 = ORIENTED_EDGE('',*,*,#7337,.T.);
#7337 = EDGE_CURVE('',#7314,#7338,#7340,.T.);
#7338 = VERTEX_POINT('',#7339);
#7339 = CARTESIAN_POINT('',(95.076953125,4.346666666667,2.));
#7340 = SURFACE_CURVE('',#7341,(#7345,#7351),.PCURVE_S1.);
#7341 = LINE('',#7342,#7343);
#7342 = CARTESIAN_POINT('',(88.7884765625,4.346666666667,2.));
#7343 = VECTOR('',#7344,1.);
#7344 = DIRECTION('',(-1.,0.,0.));
#7345 = PCURVE('',#100,#7346);
#7346 = DEFINITIONAL_REPRESENTATION('',(#7347),#7350);
#7347 = B_SPLINE_CURVE_WITH_KNOTS('',1,(#7348,#7349),.UNSPECIFIED.,.F.,
  .F.,(2,2),(-24.5896484375,-6.2884765625),.PIECEWISE_BEZIER_KNOTS.);
#7348 = CARTESIAN_POINT('',(29.378125,-44.15333333333));
#7349 = CARTESIAN_POINT('',(11.076953125,-44.15333333333));
#7350 = ( GEOMETRIC_REPRESENTATION_CONTEXT(2) 
PARAMETRIC_REPRESENTATION_CONTEXT() REPRESENTATION_CONTEXT('2D SPACE',''
  ) );
#7351 = PCURVE('',#2562,#7352);
#7352 = DEFINITIONAL_REPRESENTATION('',(#7353),#7356);
#7353 = B_SPLINE_CURVE_WITH_KNOTS('',1,(#7354,#7355),.UNSPECIFIED.,.F.,
  .F.,(2,2),(-24.5896484375,-6.2884765625),.PIECEWISE_BEZIER_KNOTS.);
#7354 = CARTESIAN_POINT('',(19.801171875,-3.));
#7355 = CARTESIAN_POINT('',(1.5,-3.));
#7356 = ( GEOMETRIC_REPRESENTATION_CONTEXT(2) 
PARAMETRIC_REPRESENTATION_CONTEXT() REPRESENTATION_CONTEXT('2D SPACE',''
  ) );
#7357 = ORIENTED_EDGE('',*,*,#7358,.F.);
#7358 = EDGE_CURVE('',#7359,#7338,#7361,.T.);
#7359 = VERTEX_POINT('',#7360);
#7360 = CARTESIAN_POINT('',(94.076171875,4.729331940791,2.));
#7361 = SURFACE_CURVE('',#7362,(#7367,#7374),.PCURVE_S1.);
#7362 = CIRCLE('',#7363,1.5);
#7363 = AXIS2_PLACEMENT_3D('',#7364,#7365,#7366);
#7364 = CARTESIAN_POINT('',(95.076953125,5.846666666667,2.));
#7365 = DIRECTION('',(0.,0.,1.));
#7366 = DIRECTION('',(0.,-1.,0.));
#7367 = PCURVE('',#100,#7368);
#7368 = DEFINITIONAL_REPRESENTATION('',(#7369),#7373);
#7369 = CIRCLE('',#7370,1.5);
#7370 = AXIS2_PLACEMENT_2D('',#7371,#7372);
#7371 = CARTESIAN_POINT('',(11.076953125,-42.65333333333));
#7372 = DIRECTION('',(0.,-1.));
#7373 = ( GEOMETRIC_REPRESENTATION_CONTEXT(2) 
PARAMETRIC_REPRESENTATION_CONTEXT() REPRESENTATION_CONTEXT('2D SPACE',''
  ) );
#7374 = PCURVE('',#2590,#7375);
#7375 = DEFINITIONAL_REPRESENTATION('',(#7376),#7380);
#7376 = LINE('',#7377,#7378);
#7377 = CARTESIAN_POINT('',(-6.28318530718,3.));
#7378 = VECTOR('',#7379,1.);
#7379 = DIRECTION('',(1.,-0.));
#7380 = ( GEOMETRIC_REPRESENTATION_CONTEXT(2) 
PARAMETRIC_REPRESENTATION_CONTEXT() REPRESENTATION_CONTEXT('2D SPACE',''
  ) );
#7381 = ORIENTED_EDGE('',*,*,#7382,.F.);
#7382 = EDGE_CURVE('',#7383,#7359,#7385,.T.);
#7383 = VERTEX_POINT('',#7384);
#7384 = CARTESIAN_POINT('',(93.075390625,4.346666666667,2.));
#7385 = SURFACE_CURVE('',#7386,(#7391,#7398),.PCURVE_S1.);
#7386 = CIRCLE('',#7387,1.5);
#7387 = AXIS2_PLACEMENT_3D('',#7388,#7389,#7390);
#7388 = CARTESIAN_POINT('',(93.075390625,5.846666666667,2.));
#7389 = DIRECTION('',(0.,0.,1.));
#7390 = DIRECTION('',(0.,-1.,0.));
#7391 = PCURVE('',#100,#7392);
#7392 = DEFINITIONAL_REPRESENTATION('',(#7393),#7397);
#7393 = CIRCLE('',#7394,1.5);
#7394 = AXIS2_PLACEMENT_2D('',#7395,#7396);
#7395 = CARTESIAN_POINT('',(9.075390625,-42.65333333333));
#7396 = DIRECTION('',(0.,-1.));
#7397 = ( GEOMETRIC_REPRESENTATION_CONTEXT(2) 
PARAMETRIC_REPRESENTATION_CONTEXT() REPRESENTATION_CONTEXT('2D SPACE',''
  ) );
#7398 = PCURVE('',#2619,#7399);
#7399 = DEFINITIONAL_REPRESENTATION('',(#7400),#7404);
#7400 = LINE('',#7401,#7402);
#7401 = CARTESIAN_POINT('',(0.,3.));
#7402 = VECTOR('',#7403,1.);
#7403 = DIRECTION('',(1.,0.));
#7404 = ( GEOMETRIC_REPRESENTATION_CONTEXT(2) 
PARAMETRIC_REPRESENTATION_CONTEXT() REPRESENTATION_CONTEXT('2D SPACE',''
  ) );
#7405 = ORIENTED_EDGE('',*,*,#7406,.T.);
#7406 = EDGE_CURVE('',#7383,#7407,#7409,.T.);
#7407 = VERTEX_POINT('',#7408);
#7408 = CARTESIAN_POINT('',(74.77421875,4.346666666667,2.));
#7409 = SURFACE_CURVE('',#7410,(#7414,#7420),.PCURVE_S1.);
#7410 = LINE('',#7411,#7412);
#7411 = CARTESIAN_POINT('',(78.637109375,4.346666666667,2.));
#7412 = VECTOR('',#7413,1.);
#7413 = DIRECTION('',(-1.,0.,0.));
#7414 = PCURVE('',#100,#7415);
#7415 = DEFINITIONAL_REPRESENTATION('',(#7416),#7419);
#7416 = B_SPLINE_CURVE_WITH_KNOTS('',1,(#7417,#7418),.UNSPECIFIED.,.F.,
  .F.,(2,2),(-14.43828125,3.862890625),.PIECEWISE_BEZIER_KNOTS.);
#7417 = CARTESIAN_POINT('',(9.075390625,-44.15333333333));
#7418 = CARTESIAN_POINT('',(-9.22578125,-44.15333333333));
#7419 = ( GEOMETRIC_REPRESENTATION_CONTEXT(2) 
PARAMETRIC_REPRESENTATION_CONTEXT() REPRESENTATION_CONTEXT('2D SPACE',''
  ) );
#7420 = PCURVE('',#2646,#7421);
#7421 = DEFINITIONAL_REPRESENTATION('',(#7422),#7425);
#7422 = B_SPLINE_CURVE_WITH_KNOTS('',1,(#7423,#7424),.UNSPECIFIED.,.F.,
  .F.,(2,2),(-14.43828125,3.862890625),.PIECEWISE_BEZIER_KNOTS.);
#7423 = CARTESIAN_POINT('',(19.801171875,-3.));
#7424 = CARTESIAN_POINT('',(1.5,-3.));
#7425 = ( GEOMETRIC_REPRESENTATION_CONTEXT(2) 
PARAMETRIC_REPRESENTATION_CONTEXT() REPRESENTATION_CONTEXT('2D SPACE',''
  ) );
#7426 = ORIENTED_EDGE('',*,*,#7427,.F.);
#7427 = EDGE_CURVE('',#7428,#7407,#7430,.T.);
#7428 = VERTEX_POINT('',#7429);
#7429 = CARTESIAN_POINT('',(73.8486328125,4.666289323482,2.));
#7430 = SURFACE_CURVE('',#7431,(#7436,#7443),.PCURVE_S1.);
#7431 = CIRCLE('',#7432,1.5);
#7432 = AXIS2_PLACEMENT_3D('',#7433,#7434,#7435);
#7433 = CARTESIAN_POINT('',(74.77421875,5.846666666667,2.));
#7434 = DIRECTION('',(0.,0.,1.));
#7435 = DIRECTION('',(0.,-1.,0.));
#7436 = PCURVE('',#100,#7437);
#7437 = DEFINITIONAL_REPRESENTATION('',(#7438),#7442);
#7438 = CIRCLE('',#7439,1.5);
#7439 = AXIS2_PLACEMENT_2D('',#7440,#7441);
#7440 = CARTESIAN_POINT('',(-9.22578125,-42.65333333333));
#7441 = DIRECTION('',(0.,-1.));
#7442 = ( GEOMETRIC_REPRESENTATION_CONTEXT(2) 
PARAMETRIC_REPRESENTATION_CONTEXT() REPRESENTATION_CONTEXT('2D SPACE',''
  ) );
#7443 = PCURVE('',#2674,#7444);
#7444 = DEFINITIONAL_REPRESENTATION('',(#7445),#7449);
#7445 = LINE('',#7446,#7447);
#7446 = CARTESIAN_POINT('',(-6.28318530718,3.));
#7447 = VECTOR('',#7448,1.);
#7448 = DIRECTION('',(1.,-0.));
#7449 = ( GEOMETRIC_REPRESENTATION_CONTEXT(2) 
PARAMETRIC_REPRESENTATION_CONTEXT() REPRESENTATION_CONTEXT('2D SPACE',''
  ) );
#7450 = ORIENTED_EDGE('',*,*,#7451,.F.);
#7451 = EDGE_CURVE('',#7452,#7428,#7454,.T.);
#7452 = VERTEX_POINT('',#7453);
#7453 = CARTESIAN_POINT('',(72.923046875,4.346666666667,2.));
#7454 = SURFACE_CURVE('',#7455,(#7460,#7467),.PCURVE_S1.);
#7455 = CIRCLE('',#7456,1.5);
#7456 = AXIS2_PLACEMENT_3D('',#7457,#7458,#7459);
#7457 = CARTESIAN_POINT('',(72.923046875,5.846666666667,2.));
#7458 = DIRECTION('',(0.,0.,1.));
#7459 = DIRECTION('',(0.,-1.,0.));
#7460 = PCURVE('',#100,#7461);
#7461 = DEFINITIONAL_REPRESENTATION('',(#7462),#7466);
#7462 = CIRCLE('',#7463,1.5);
#7463 = AXIS2_PLACEMENT_2D('',#7464,#7465);
#7464 = CARTESIAN_POINT('',(-11.076953125,-42.65333333333));
#7465 = DIRECTION('',(0.,-1.));
#7466 = ( GEOMETRIC_REPRESENTATION_CONTEXT(2) 
PARAMETRIC_REPRESENTATION_CONTEXT() REPRESENTATION_CONTEXT('2D SPACE',''
  ) );
#7467 = PCURVE('',#2703,#7468);
#7468 = DEFINITIONAL_REPRESENTATION('',(#7469),#7473);
#7469 = LINE('',#7470,#7471);
#7470 = CARTESIAN_POINT('',(0.,3.));
#7471 = VECTOR('',#7472,1.);
#7472 = DIRECTION('',(1.,0.));
#7473 = ( GEOMETRIC_REPRESENTATION_CONTEXT(2) 
PARAMETRIC_REPRESENTATION_CONTEXT() REPRESENTATION_CONTEXT('2D SPACE',''
  ) );
#7474 = ORIENTED_EDGE('',*,*,#7475,.T.);
#7475 = EDGE_CURVE('',#7452,#7476,#7478,.T.);
#7476 = VERTEX_POINT('',#7477);
#7477 = CARTESIAN_POINT('',(54.621875,4.346666666667,2.));
#7478 = SURFACE_CURVE('',#7479,(#7483,#7489),.PCURVE_S1.);
#7479 = LINE('',#7480,#7481);
#7480 = CARTESIAN_POINT('',(68.5609375,4.346666666667,2.));
#7481 = VECTOR('',#7482,1.);
#7482 = DIRECTION('',(-1.,0.,0.));
#7483 = PCURVE('',#100,#7484);
#7484 = DEFINITIONAL_REPRESENTATION('',(#7485),#7488);
#7485 = B_SPLINE_CURVE_WITH_KNOTS('',1,(#7486,#7487),.UNSPECIFIED.,.F.,
  .F.,(2,2),(-4.362109375,13.9390625),.PIECEWISE_BEZIER_KNOTS.);
#7486 = CARTESIAN_POINT('',(-11.076953125,-44.15333333333));
#7487 = CARTESIAN_POINT('',(-29.378125,-44.15333333333));
#7488 = ( GEOMETRIC_REPRESENTATION_CONTEXT(2) 
PARAMETRIC_REPRESENTATION_CONTEXT() REPRESENTATION_CONTEXT('2D SPACE',''
  ) );
#7489 = PCURVE('',#2730,#7490);
#7490 = DEFINITIONAL_REPRESENTATION('',(#7491),#7494);
#7491 = B_SPLINE_CURVE_WITH_KNOTS('',1,(#7492,#7493),.UNSPECIFIED.,.F.,
  .F.,(2,2),(-4.362109375,13.9390625),.PIECEWISE_BEZIER_KNOTS.);
#7492 = CARTESIAN_POINT('',(19.801171875,-3.));
#7493 = CARTESIAN_POINT('',(1.5,-3.));
#7494 = ( GEOMETRIC_REPRESENTATION_CONTEXT(2) 
PARAMETRIC_REPRESENTATION_CONTEXT() REPRESENTATION_CONTEXT('2D SPACE',''
  ) );
#7495 = ORIENTED_EDGE('',*,*,#7496,.F.);
#7496 = EDGE_CURVE('',#7497,#7476,#7499,.T.);
#7497 = VERTEX_POINT('',#7498);
#7498 = CARTESIAN_POINT('',(53.62109375,4.729331940791,2.));
#7499 = SURFACE_CURVE('',#7500,(#7505,#7512),.PCURVE_S1.);
#7500 = CIRCLE('',#7501,1.5);
#7501 = AXIS2_PLACEMENT_3D('',#7502,#7503,#7504);
#7502 = CARTESIAN_POINT('',(54.621875,5.846666666667,2.));
#7503 = DIRECTION('',(0.,0.,1.));
#7504 = DIRECTION('',(0.,-1.,0.));
#7505 = PCURVE('',#100,#7506);
#7506 = DEFINITIONAL_REPRESENTATION('',(#7507),#7511);
#7507 = CIRCLE('',#7508,1.5);
#7508 = AXIS2_PLACEMENT_2D('',#7509,#7510);
#7509 = CARTESIAN_POINT('',(-29.378125,-42.65333333333));
#7510 = DIRECTION('',(0.,-1.));
#7511 = ( GEOMETRIC_REPRESENTATION_CONTEXT(2) 
PARAMETRIC_REPRESENTATION_CONTEXT() REPRESENTATION_CONTEXT('2D SPACE',''
  ) );
#7512 = PCURVE('',#2758,#7513);
#7513 = DEFINITIONAL_REPRESENTATION('',(#7514),#7518);
#7514 = LINE('',#7515,#7516);
#7515 = CARTESIAN_POINT('',(-6.28318530718,3.));
#7516 = VECTOR('',#7517,1.);
#7517 = DIRECTION('',(1.,-0.));
#7518 = ( GEOMETRIC_REPRESENTATION_CONTEXT(2) 
PARAMETRIC_REPRESENTATION_CONTEXT() REPRESENTATION_CONTEXT('2D SPACE',''
  ) );
#7519 = ORIENTED_EDGE('',*,*,#7520,.F.);
#7520 = EDGE_CURVE('',#7521,#7497,#7523,.T.);
#7521 = VERTEX_POINT('',#7522);
#7522 = CARTESIAN_POINT('',(52.6203125,4.346666666667,2.));
#7523 = SURFACE_CURVE('',#7524,(#7529,#7536),.PCURVE_S1.);
#7524 = CIRCLE('',#7525,1.5);
#7525 = AXIS2_PLACEMENT_3D('',#7526,#7527,#7528);
#7526 = CARTESIAN_POINT('',(52.6203125,5.846666666667,2.));
#7527 = DIRECTION('',(0.,0.,1.));
#7528 = DIRECTION('',(0.,-1.,0.));
#7529 = PCURVE('',#100,#7530);
#7530 = DEFINITIONAL_REPRESENTATION('',(#7531),#7535);
#7531 = CIRCLE('',#7532,1.5);
#7532 = AXIS2_PLACEMENT_2D('',#7533,#7534);
#7533 = CARTESIAN_POINT('',(-31.3796875,-42.65333333333));
#7534 = DIRECTION('',(0.,-1.));
#7535 = ( GEOMETRIC_REPRESENTATION_CONTEXT(2) 
PARAMETRIC_REPRESENTATION_CONTEXT() REPRESENTATION_CONTEXT('2D SPACE',''
  ) );
#7536 = PCURVE('',#2787,#7537);
#7537 = DEFINITIONAL_REPRESENTATION('',(#7538),#7542);
#7538 = LINE('',#7539,#7540);
#7539 = CARTESIAN_POINT('',(0.,3.));
#7540 = VECTOR('',#7541,1.);
#7541 = DIRECTION('',(1.,0.));
#7542 = ( GEOMETRIC_REPRESENTATION_CONTEXT(2) 
PARAMETRIC_REPRESENTATION_CONTEXT() REPRESENTATION_CONTEXT('2D SPACE',''
  ) );
#7543 = ORIENTED_EDGE('',*,*,#7544,.T.);
#7544 = EDGE_CURVE('',#7521,#7545,#7547,.T.);
#7545 = VERTEX_POINT('',#7546);
#7546 = CARTESIAN_POINT('',(34.319140625,4.346666666667,2.));
#7547 = SURFACE_CURVE('',#7548,(#7552,#7558),.PCURVE_S1.);
#7548 = LINE('',#7549,#7550);
#7549 = CARTESIAN_POINT('',(58.4095703125,4.346666666667,2.));
#7550 = VECTOR('',#7551,1.);
#7551 = DIRECTION('',(-1.,0.,0.));
#7552 = PCURVE('',#100,#7553);
#7553 = DEFINITIONAL_REPRESENTATION('',(#7554),#7557);
#7554 = B_SPLINE_CURVE_WITH_KNOTS('',1,(#7555,#7556),.UNSPECIFIED.,.F.,
  .F.,(2,2),(5.7892578125,24.0904296875),.PIECEWISE_BEZIER_KNOTS.);
#7555 = CARTESIAN_POINT('',(-31.3796875,-44.15333333333));
#7556 = CARTESIAN_POINT('',(-49.680859375,-44.15333333333));
#7557 = ( GEOMETRIC_REPRESENTATION_CONTEXT(2) 
PARAMETRIC_REPRESENTATION_CONTEXT() REPRESENTATION_CONTEXT('2D SPACE',''
  ) );
#7558 = PCURVE('',#2814,#7559);
#7559 = DEFINITIONAL_REPRESENTATION('',(#7560),#7563);
#7560 = B_SPLINE_CURVE_WITH_KNOTS('',1,(#7561,#7562),.UNSPECIFIED.,.F.,
  .F.,(2,2),(5.7892578125,24.0904296875),.PIECEWISE_BEZIER_KNOTS.);
#7561 = CARTESIAN_POINT('',(19.801171875,-3.));
#7562 = CARTESIAN_POINT('',(1.5,-3.));
#7563 = ( GEOMETRIC_REPRESENTATION_CONTEXT(2) 
PARAMETRIC_REPRESENTATION_CONTEXT() REPRESENTATION_CONTEXT('2D SPACE',''
  ) );
#7564 = ORIENTED_EDGE('',*,*,#7565,.F.);
#7565 = EDGE_CURVE('',#6484,#7545,#7566,.T.);
#7566 = SURFACE_CURVE('',#7567,(#7572,#7579),.PCURVE_S1.);
#7567 = CIRCLE('',#7568,1.5);
#7568 = AXIS2_PLACEMENT_3D('',#7569,#7570,#7571);
#7569 = CARTESIAN_POINT('',(34.319140625,5.846666666667,2.));
#7570 = DIRECTION('',(0.,0.,1.));
#7571 = DIRECTION('',(0.,-1.,0.));
#7572 = PCURVE('',#100,#7573);
#7573 = DEFINITIONAL_REPRESENTATION('',(#7574),#7578);
#7574 = CIRCLE('',#7575,1.5);
#7575 = AXIS2_PLACEMENT_2D('',#7576,#7577);
#7576 = CARTESIAN_POINT('',(-49.680859375,-42.65333333333));
#7577 = DIRECTION('',(0.,-1.));
#7578 = ( GEOMETRIC_REPRESENTATION_CONTEXT(2) 
PARAMETRIC_REPRESENTATION_CONTEXT() REPRESENTATION_CONTEXT('2D SPACE',''
  ) );
#7579 = PCURVE('',#2840,#7580);
#7580 = DEFINITIONAL_REPRESENTATION('',(#7581),#7585);
#7581 = LINE('',#7582,#7583);
#7582 = CARTESIAN_POINT('',(-6.28318530718,3.));
#7583 = VECTOR('',#7584,1.);
#7584 = DIRECTION('',(1.,-0.));
#7585 = ( GEOMETRIC_REPRESENTATION_CONTEXT(2) 
PARAMETRIC_REPRESENTATION_CONTEXT() REPRESENTATION_CONTEXT('2D SPACE',''
  ) );
#7586 = FACE_BOUND('',#7587,.T.);
#7587 = EDGE_LOOP('',(#7588));
#7588 = ORIENTED_EDGE('',*,*,#7589,.T.);
#7589 = EDGE_CURVE('',#7590,#7590,#7592,.T.);
#7590 = VERTEX_POINT('',#7591);
#7591 = CARTESIAN_POINT('',(105.2984375,20.053333333333,2.));
#7592 = SURFACE_CURVE('',#7593,(#7598,#7609),.PCURVE_S1.);
#7593 = CIRCLE('',#7594,4.905859375);
#7594 = AXIS2_PLACEMENT_3D('',#7595,#7596,#7597);
#7595 = CARTESIAN_POINT('',(100.392578125,20.053333333333,2.));
#7596 = DIRECTION('',(0.,0.,-1.));
#7597 = DIRECTION('',(1.,0.,0.));
#7598 = PCURVE('',#100,#7599);
#7599 = DEFINITIONAL_REPRESENTATION('',(#7600),#7608);
#7600 = ( BOUNDED_CURVE() B_SPLINE_CURVE(2,(#7601,#7602,#7603,#7604,
#7605,#7606,#7607),.UNSPECIFIED.,.T.,.F.) B_SPLINE_CURVE_WITH_KNOTS((1,2
    ,2,2,2,1),(-2.094395102393,0.,2.094395102393,4.188790204786,
6.28318530718,8.377580409573),.UNSPECIFIED.) CURVE() 
GEOMETRIC_REPRESENTATION_ITEM() RATIONAL_B_SPLINE_CURVE((1.,0.5,1.,0.5,
1.,0.5,1.)) REPRESENTATION_ITEM('') );
#7601 = CARTESIAN_POINT('',(21.2984375,-28.44666666666));
#7602 = CARTESIAN_POINT('',(21.2984375,-36.94386435895));
#7603 = CARTESIAN_POINT('',(13.9396484375,-32.69526551281));
#7604 = CARTESIAN_POINT('',(6.580859375,-28.44666666666));
#7605 = CARTESIAN_POINT('',(13.9396484375,-24.19806782052));
#7606 = CARTESIAN_POINT('',(21.2984375,-19.94946897437));
#7607 = CARTESIAN_POINT('',(21.2984375,-28.44666666666));
#7608 = ( GEOMETRIC_REPRESENTATION_CONTEXT(2) 
PARAMETRIC_REPRESENTATION_CONTEXT() REPRESENTATION_CONTEXT('2D SPACE',''
  ) );
#7609 = PCURVE('',#2875,#7610);
#7610 = DEFINITIONAL_REPRESENTATION('',(#7611),#7615);
#7611 = LINE('',#7612,#7613);
#7612 = CARTESIAN_POINT('',(-6.28318530718,-3.));
#7613 = VECTOR('',#7614,1.);
#7614 = DIRECTION('',(1.,-0.));
#7615 = ( GEOMETRIC_REPRESENTATION_CONTEXT(2) 
PARAMETRIC_REPRESENTATION_CONTEXT() REPRESENTATION_CONTEXT('2D SPACE',''
  ) );
#7616 = FACE_BOUND('',#7617,.T.);
#7617 = EDGE_LOOP('',(#7618,#7644,#7665,#7689,#7710,#7734,#7755,#7779));
#7618 = ORIENTED_EDGE('',*,*,#7619,.F.);
#7619 = EDGE_CURVE('',#7620,#7622,#7624,.T.);
#7620 = VERTEX_POINT('',#7621);
#7621 = CARTESIAN_POINT('',(147.516796875,13.52,2.));
#7622 = VERTEX_POINT('',#7623);
#7623 = CARTESIAN_POINT('',(149.016796875,15.02,2.));
#7624 = SURFACE_CURVE('',#7625,(#7630,#7637),.PCURVE_S1.);
#7625 = CIRCLE('',#7626,1.5);
#7626 = AXIS2_PLACEMENT_3D('',#7627,#7628,#7629);
#7627 = CARTESIAN_POINT('',(147.516796875,15.02,2.));
#7628 = DIRECTION('',(0.,0.,1.));
#7629 = DIRECTION('',(0.,-1.,0.));
#7630 = PCURVE('',#100,#7631);
#7631 = DEFINITIONAL_REPRESENTATION('',(#7632),#7636);
#7632 = CIRCLE('',#7633,1.5);
#7633 = AXIS2_PLACEMENT_2D('',#7634,#7635);
#7634 = CARTESIAN_POINT('',(63.516796875,-33.48));
#7635 = DIRECTION('',(0.,-1.));
#7636 = ( GEOMETRIC_REPRESENTATION_CONTEXT(2) 
PARAMETRIC_REPRESENTATION_CONTEXT() REPRESENTATION_CONTEXT('2D SPACE',''
  ) );
#7637 = PCURVE('',#2908,#7638);
#7638 = DEFINITIONAL_REPRESENTATION('',(#7639),#7643);
#7639 = LINE('',#7640,#7641);
#7640 = CARTESIAN_POINT('',(0.,3.));
#7641 = VECTOR('',#7642,1.);
#7642 = DIRECTION('',(1.,0.));
#7643 = ( GEOMETRIC_REPRESENTATION_CONTEXT(2) 
PARAMETRIC_REPRESENTATION_CONTEXT() REPRESENTATION_CONTEXT('2D SPACE',''
  ) );
#7644 = ORIENTED_EDGE('',*,*,#7645,.T.);
#7645 = EDGE_CURVE('',#7620,#7646,#7648,.T.);
#7646 = VERTEX_POINT('',#7647);
#7647 = CARTESIAN_POINT('',(109.06328125,13.52,2.));
#7648 = SURFACE_CURVE('',#7649,(#7653,#7659),.PCURVE_S1.);
#7649 = LINE('',#7650,#7651);
#7650 = CARTESIAN_POINT('',(95.781640625,13.52,2.));
#7651 = VECTOR('',#7652,1.);
#7652 = DIRECTION('',(-1.,0.,0.));
#7653 = PCURVE('',#100,#7654);
#7654 = DEFINITIONAL_REPRESENTATION('',(#7655),#7658);
#7655 = B_SPLINE_CURVE_WITH_KNOTS('',1,(#7656,#7657),.UNSPECIFIED.,.F.,
  .F.,(2,2),(-51.73515625,-13.281640625),.PIECEWISE_BEZIER_KNOTS.);
#7656 = CARTESIAN_POINT('',(63.516796875,-34.98));
#7657 = CARTESIAN_POINT('',(25.06328125,-34.98));
#7658 = ( GEOMETRIC_REPRESENTATION_CONTEXT(2) 
PARAMETRIC_REPRESENTATION_CONTEXT() REPRESENTATION_CONTEXT('2D SPACE',''
  ) );
#7659 = PCURVE('',#2935,#7660);
#7660 = DEFINITIONAL_REPRESENTATION('',(#7661),#7664);
#7661 = B_SPLINE_CURVE_WITH_KNOTS('',1,(#7662,#7663),.UNSPECIFIED.,.F.,
  .F.,(2,2),(-51.73515625,-13.281640625),.PIECEWISE_BEZIER_KNOTS.);
#7662 = CARTESIAN_POINT('',(39.953515625,-3.));
#7663 = CARTESIAN_POINT('',(1.5,-3.));
#7664 = ( GEOMETRIC_REPRESENTATION_CONTEXT(2) 
PARAMETRIC_REPRESENTATION_CONTEXT() REPRESENTATION_CONTEXT('2D SPACE',''
  ) );
#7665 = ORIENTED_EDGE('',*,*,#7666,.F.);
#7666 = EDGE_CURVE('',#7667,#7646,#7669,.T.);
#7667 = VERTEX_POINT('',#7668);
#7668 = CARTESIAN_POINT('',(107.56328125,15.02,2.));
#7669 = SURFACE_CURVE('',#7670,(#7675,#7682),.PCURVE_S1.);
#7670 = CIRCLE('',#7671,1.5);
#7671 = AXIS2_PLACEMENT_3D('',#7672,#7673,#7674);
#7672 = CARTESIAN_POINT('',(109.06328125,15.02,2.));
#7673 = DIRECTION('',(0.,0.,1.));
#7674 = DIRECTION('',(0.,-1.,0.));
#7675 = PCURVE('',#100,#7676);
#7676 = DEFINITIONAL_REPRESENTATION('',(#7677),#7681);
#7677 = CIRCLE('',#7678,1.5);
#7678 = AXIS2_PLACEMENT_2D('',#7679,#7680);
#7679 = CARTESIAN_POINT('',(25.06328125,-33.48));
#7680 = DIRECTION('',(0.,-1.));
#7681 = ( GEOMETRIC_REPRESENTATION_CONTEXT(2) 
PARAMETRIC_REPRESENTATION_CONTEXT() REPRESENTATION_CONTEXT('2D SPACE',''
  ) );
#7682 = PCURVE('',#2963,#7683);
#7683 = DEFINITIONAL_REPRESENTATION('',(#7684),#7688);
#7684 = LINE('',#7685,#7686);
#7685 = CARTESIAN_POINT('',(-6.28318530718,3.));
#7686 = VECTOR('',#7687,1.);
#7687 = DIRECTION('',(1.,-0.));
#7688 = ( GEOMETRIC_REPRESENTATION_CONTEXT(2) 
PARAMETRIC_REPRESENTATION_CONTEXT() REPRESENTATION_CONTEXT('2D SPACE',''
  ) );
#7689 = ORIENTED_EDGE('',*,*,#7690,.T.);
#7690 = EDGE_CURVE('',#7667,#7691,#7693,.T.);
#7691 = VERTEX_POINT('',#7692);
#7692 = CARTESIAN_POINT('',(107.56328125,25.23,2.));
#7693 = SURFACE_CURVE('',#7694,(#7698,#7704),.PCURVE_S1.);
#7694 = LINE('',#7695,#7696);
#7695 = CARTESIAN_POINT('',(107.56328125,37.615,2.));
#7696 = VECTOR('',#7697,1.);
#7697 = DIRECTION('',(-0.,1.,0.));
#7698 = PCURVE('',#100,#7699);
#7699 = DEFINITIONAL_REPRESENTATION('',(#7700),#7703);
#7700 = B_SPLINE_CURVE_WITH_KNOTS('',1,(#7701,#7702),.UNSPECIFIED.,.F.,
  .F.,(2,2),(-22.595,-12.385),.PIECEWISE_BEZIER_KNOTS.);
#7701 = CARTESIAN_POINT('',(23.56328125,-33.48));
#7702 = CARTESIAN_POINT('',(23.56328125,-23.27));
#7703 = ( GEOMETRIC_REPRESENTATION_CONTEXT(2) 
PARAMETRIC_REPRESENTATION_CONTEXT() REPRESENTATION_CONTEXT('2D SPACE',''
  ) );
#7704 = PCURVE('',#2990,#7705);
#7705 = DEFINITIONAL_REPRESENTATION('',(#7706),#7709);
#7706 = B_SPLINE_CURVE_WITH_KNOTS('',1,(#7707,#7708),.UNSPECIFIED.,.F.,
  .F.,(2,2),(-22.595,-12.385),.PIECEWISE_BEZIER_KNOTS.);
#7707 = CARTESIAN_POINT('',(11.71,-3.));
#7708 = CARTESIAN_POINT('',(1.5,-3.));
#7709 = ( GEOMETRIC_REPRESENTATION_CONTEXT(2) 
PARAMETRIC_REPRESENTATION_CONTEXT() REPRESENTATION_CONTEXT('2D SPACE',''
  ) );
#7710 = ORIENTED_EDGE('',*,*,#7711,.F.);
#7711 = EDGE_CURVE('',#7712,#7691,#7714,.T.);
#7712 = VERTEX_POINT('',#7713);
#7713 = CARTESIAN_POINT('',(109.06328125,26.73,2.));
#7714 = SURFACE_CURVE('',#7715,(#7720,#7727),.PCURVE_S1.);
#7715 = CIRCLE('',#7716,1.5);
#7716 = AXIS2_PLACEMENT_3D('',#7717,#7718,#7719);
#7717 = CARTESIAN_POINT('',(109.06328125,25.23,2.));
#7718 = DIRECTION('',(0.,0.,1.));
#7719 = DIRECTION('',(-0.,1.,0.));
#7720 = PCURVE('',#100,#7721);
#7721 = DEFINITIONAL_REPRESENTATION('',(#7722),#7726);
#7722 = CIRCLE('',#7723,1.5);
#7723 = AXIS2_PLACEMENT_2D('',#7724,#7725);
#7724 = CARTESIAN_POINT('',(25.06328125,-23.27));
#7725 = DIRECTION('',(0.,1.));
#7726 = ( GEOMETRIC_REPRESENTATION_CONTEXT(2) 
PARAMETRIC_REPRESENTATION_CONTEXT() REPRESENTATION_CONTEXT('2D SPACE',''
  ) );
#7727 = PCURVE('',#3018,#7728);
#7728 = DEFINITIONAL_REPRESENTATION('',(#7729),#7733);
#7729 = LINE('',#7730,#7731);
#7730 = CARTESIAN_POINT('',(0.,3.));
#7731 = VECTOR('',#7732,1.);
#7732 = DIRECTION('',(1.,0.));
#7733 = ( GEOMETRIC_REPRESENTATION_CONTEXT(2) 
PARAMETRIC_REPRESENTATION_CONTEXT() REPRESENTATION_CONTEXT('2D SPACE',''
  ) );
#7734 = ORIENTED_EDGE('',*,*,#7735,.T.);
#7735 = EDGE_CURVE('',#7712,#7736,#7738,.T.);
#7736 = VERTEX_POINT('',#7737);
#7737 = CARTESIAN_POINT('',(147.516796875,26.73,2.));
#7738 = SURFACE_CURVE('',#7739,(#7743,#7749),.PCURVE_S1.);
#7739 = LINE('',#7740,#7741);
#7740 = CARTESIAN_POINT('',(116.5083984375,26.73,2.));
#7741 = VECTOR('',#7742,1.);
#7742 = DIRECTION('',(1.,0.,-0.));
#7743 = PCURVE('',#100,#7744);
#7744 = DEFINITIONAL_REPRESENTATION('',(#7745),#7748);
#7745 = B_SPLINE_CURVE_WITH_KNOTS('',1,(#7746,#7747),.UNSPECIFIED.,.F.,
  .F.,(2,2),(-7.4451171875,31.0083984375),.PIECEWISE_BEZIER_KNOTS.);
#7746 = CARTESIAN_POINT('',(25.06328125,-21.77));
#7747 = CARTESIAN_POINT('',(63.516796875,-21.77));
#7748 = ( GEOMETRIC_REPRESENTATION_CONTEXT(2) 
PARAMETRIC_REPRESENTATION_CONTEXT() REPRESENTATION_CONTEXT('2D SPACE',''
  ) );
#7749 = PCURVE('',#3045,#7750);
#7750 = DEFINITIONAL_REPRESENTATION('',(#7751),#7754);
#7751 = B_SPLINE_CURVE_WITH_KNOTS('',1,(#7752,#7753),.UNSPECIFIED.,.F.,
  .F.,(2,2),(-7.4451171875,31.0083984375),.PIECEWISE_BEZIER_KNOTS.);
#7752 = CARTESIAN_POINT('',(39.953515625,-3.));
#7753 = CARTESIAN_POINT('',(1.5,-3.));
#7754 = ( GEOMETRIC_REPRESENTATION_CONTEXT(2) 
PARAMETRIC_REPRESENTATION_CONTEXT() REPRESENTATION_CONTEXT('2D SPACE',''
  ) );
#7755 = ORIENTED_EDGE('',*,*,#7756,.F.);
#7756 = EDGE_CURVE('',#7757,#7736,#7759,.T.);
#7757 = VERTEX_POINT('',#7758);
#7758 = CARTESIAN_POINT('',(149.016796875,25.23,2.));
#7759 = SURFACE_CURVE('',#7760,(#7765,#7772),.PCURVE_S1.);
#7760 = CIRCLE('',#7761,1.5);
#7761 = AXIS2_PLACEMENT_3D('',#7762,#7763,#7764);
#7762 = CARTESIAN_POINT('',(147.516796875,25.23,2.));
#7763 = DIRECTION('',(0.,0.,1.));
#7764 = DIRECTION('',(1.,0.,-0.));
#7765 = PCURVE('',#100,#7766);
#7766 = DEFINITIONAL_REPRESENTATION('',(#7767),#7771);
#7767 = CIRCLE('',#7768,1.5);
#7768 = AXIS2_PLACEMENT_2D('',#7769,#7770);
#7769 = CARTESIAN_POINT('',(63.516796875,-23.27));
#7770 = DIRECTION('',(1.,0.));
#7771 = ( GEOMETRIC_REPRESENTATION_CONTEXT(2) 
PARAMETRIC_REPRESENTATION_CONTEXT() REPRESENTATION_CONTEXT('2D SPACE',''
  ) );
#7772 = PCURVE('',#3073,#7773);
#7773 = DEFINITIONAL_REPRESENTATION('',(#7774),#7778);
#7774 = LINE('',#7775,#7776);
#7775 = CARTESIAN_POINT('',(0.,3.));
#7776 = VECTOR('',#7777,1.);
#7777 = DIRECTION('',(1.,0.));
#7778 = ( GEOMETRIC_REPRESENTATION_CONTEXT(2) 
PARAMETRIC_REPRESENTATION_CONTEXT() REPRESENTATION_CONTEXT('2D SPACE',''
  ) );
#7779 = ORIENTED_EDGE('',*,*,#7780,.T.);
#7780 = EDGE_CURVE('',#7757,#7622,#7781,.T.);
#7781 = SURFACE_CURVE('',#7782,(#7786,#7792),.PCURVE_S1.);
#7782 = LINE('',#7783,#7784);
#7783 = CARTESIAN_POINT('',(149.016796875,31.01,2.));
#7784 = VECTOR('',#7785,1.);
#7785 = DIRECTION('',(0.,-1.,0.));
#7786 = PCURVE('',#100,#7787);
#7787 = DEFINITIONAL_REPRESENTATION('',(#7788),#7791);
#7788 = B_SPLINE_CURVE_WITH_KNOTS('',1,(#7789,#7790),.UNSPECIFIED.,.F.,
  .F.,(2,2),(5.78,15.99),.PIECEWISE_BEZIER_KNOTS.);
#7789 = CARTESIAN_POINT('',(65.016796875,-23.27));
#7790 = CARTESIAN_POINT('',(65.016796875,-33.48));
#7791 = ( GEOMETRIC_REPRESENTATION_CONTEXT(2) 
PARAMETRIC_REPRESENTATION_CONTEXT() REPRESENTATION_CONTEXT('2D SPACE',''
  ) );
#7792 = PCURVE('',#3098,#7793);
#7793 = DEFINITIONAL_REPRESENTATION('',(#7794),#7797);
#7794 = B_SPLINE_CURVE_WITH_KNOTS('',1,(#7795,#7796),.UNSPECIFIED.,.F.,
  .F.,(2,2),(5.78,15.99),.PIECEWISE_BEZIER_KNOTS.);
#7795 = CARTESIAN_POINT('',(11.71,-3.));
#7796 = CARTESIAN_POINT('',(1.5,-3.));
#7797 = ( GEOMETRIC_REPRESENTATION_CONTEXT(2) 
PARAMETRIC_REPRESENTATION_CONTEXT() REPRESENTATION_CONTEXT('2D SPACE',''
  ) );
#7798 = FACE_BOUND('',#7799,.T.);
#7799 = EDGE_LOOP('',(#7800));
#7800 = ORIENTED_EDGE('',*,*,#7801,.T.);
#7801 = EDGE_CURVE('',#7802,#7802,#7804,.T.);
#7802 = VERTEX_POINT('',#7803);
#7803 = CARTESIAN_POINT('',(105.2984375,35.103333333333,2.));
#7804 = SURFACE_CURVE('',#7805,(#7810,#7821),.PCURVE_S1.);
#7805 = CIRCLE('',#7806,4.905859375);
#7806 = AXIS2_PLACEMENT_3D('',#7807,#7808,#7809);
#7807 = CARTESIAN_POINT('',(100.392578125,35.103333333333,2.));
#7808 = DIRECTION('',(0.,0.,-1.));
#7809 = DIRECTION('',(1.,0.,0.));
#7810 = PCURVE('',#100,#7811);
#7811 = DEFINITIONAL_REPRESENTATION('',(#7812),#7820);
#7812 = ( BOUNDED_CURVE() B_SPLINE_CURVE(2,(#7813,#7814,#7815,#7816,
#7817,#7818,#7819),.UNSPECIFIED.,.T.,.F.) B_SPLINE_CURVE_WITH_KNOTS((1,2
    ,2,2,2,1),(-2.094395102393,0.,2.094395102393,4.188790204786,
6.28318530718,8.377580409573),.UNSPECIFIED.) CURVE() 
GEOMETRIC_REPRESENTATION_ITEM() RATIONAL_B_SPLINE_CURVE((1.,0.5,1.,0.5,
1.,0.5,1.)) REPRESENTATION_ITEM('') );
#7813 = CARTESIAN_POINT('',(21.2984375,-13.39666666666));
#7814 = CARTESIAN_POINT('',(21.2984375,-21.89386435895));
#7815 = CARTESIAN_POINT('',(13.9396484375,-17.64526551281));
#7816 = CARTESIAN_POINT('',(6.580859375,-13.39666666666));
#7817 = CARTESIAN_POINT('',(13.9396484375,-9.148067820523));
#7818 = CARTESIAN_POINT('',(21.2984375,-4.899468974379));
#7819 = CARTESIAN_POINT('',(21.2984375,-13.39666666666));
#7820 = ( GEOMETRIC_REPRESENTATION_CONTEXT(2) 
PARAMETRIC_REPRESENTATION_CONTEXT() REPRESENTATION_CONTEXT('2D SPACE',''
  ) );
#7821 = PCURVE('',#3132,#7822);
#7822 = DEFINITIONAL_REPRESENTATION('',(#7823),#7827);
#7823 = LINE('',#7824,#7825);
#7824 = CARTESIAN_POINT('',(-6.28318530718,-3.));
#7825 = VECTOR('',#7826,1.);
#7826 = DIRECTION('',(1.,-0.));
#7827 = ( GEOMETRIC_REPRESENTATION_CONTEXT(2) 
PARAMETRIC_REPRESENTATION_CONTEXT() REPRESENTATION_CONTEXT('2D SPACE',''
  ) );
#7828 = FACE_BOUND('',#7829,.T.);
#7829 = EDGE_LOOP('',(#7830,#7856,#7877,#7901,#7922,#7946,#7967,#7991));
#7830 = ORIENTED_EDGE('',*,*,#7831,.F.);
#7831 = EDGE_CURVE('',#7832,#7834,#7836,.T.);
#7832 = VERTEX_POINT('',#7833);
#7833 = CARTESIAN_POINT('',(147.516796875,28.426666666667,2.));
#7834 = VERTEX_POINT('',#7835);
#7835 = CARTESIAN_POINT('',(149.016796875,29.926666666667,2.));
#7836 = SURFACE_CURVE('',#7837,(#7842,#7849),.PCURVE_S1.);
#7837 = CIRCLE('',#7838,1.5);
#7838 = AXIS2_PLACEMENT_3D('',#7839,#7840,#7841);
#7839 = CARTESIAN_POINT('',(147.516796875,29.926666666667,2.));
#7840 = DIRECTION('',(0.,0.,1.));
#7841 = DIRECTION('',(0.,-1.,0.));
#7842 = PCURVE('',#100,#7843);
#7843 = DEFINITIONAL_REPRESENTATION('',(#7844),#7848);
#7844 = CIRCLE('',#7845,1.5);
#7845 = AXIS2_PLACEMENT_2D('',#7846,#7847);
#7846 = CARTESIAN_POINT('',(63.516796875,-18.57333333333));
#7847 = DIRECTION('',(0.,-1.));
#7848 = ( GEOMETRIC_REPRESENTATION_CONTEXT(2) 
PARAMETRIC_REPRESENTATION_CONTEXT() REPRESENTATION_CONTEXT('2D SPACE',''
  ) );
#7849 = PCURVE('',#3165,#7850);
#7850 = DEFINITIONAL_REPRESENTATION('',(#7851),#7855);
#7851 = LINE('',#7852,#7853);
#7852 = CARTESIAN_POINT('',(0.,3.));
#7853 = VECTOR('',#7854,1.);
#7854 = DIRECTION('',(1.,0.));
#7855 = ( GEOMETRIC_REPRESENTATION_CONTEXT(2) 
PARAMETRIC_REPRESENTATION_CONTEXT() REPRESENTATION_CONTEXT('2D SPACE',''
  ) );
#7856 = ORIENTED_EDGE('',*,*,#7857,.T.);
#7857 = EDGE_CURVE('',#7832,#7858,#7860,.T.);
#7858 = VERTEX_POINT('',#7859);
#7859 = CARTESIAN_POINT('',(109.06328125,28.426666666667,2.));
#7860 = SURFACE_CURVE('',#7861,(#7865,#7871),.PCURVE_S1.);
#7861 = LINE('',#7862,#7863);
#7862 = CARTESIAN_POINT('',(95.781640625,28.426666666667,2.));
#7863 = VECTOR('',#7864,1.);
#7864 = DIRECTION('',(-1.,0.,0.));
#7865 = PCURVE('',#100,#7866);
#7866 = DEFINITIONAL_REPRESENTATION('',(#7867),#7870);
#7867 = B_SPLINE_CURVE_WITH_KNOTS('',1,(#7868,#7869),.UNSPECIFIED.,.F.,
  .F.,(2,2),(-51.73515625,-13.281640625),.PIECEWISE_BEZIER_KNOTS.);
#7868 = CARTESIAN_POINT('',(63.516796875,-20.07333333333));
#7869 = CARTESIAN_POINT('',(25.06328125,-20.07333333333));
#7870 = ( GEOMETRIC_REPRESENTATION_CONTEXT(2) 
PARAMETRIC_REPRESENTATION_CONTEXT() REPRESENTATION_CONTEXT('2D SPACE',''
  ) );
#7871 = PCURVE('',#3192,#7872);
#7872 = DEFINITIONAL_REPRESENTATION('',(#7873),#7876);
#7873 = B_SPLINE_CURVE_WITH_KNOTS('',1,(#7874,#7875),.UNSPECIFIED.,.F.,
  .F.,(2,2),(-51.73515625,-13.281640625),.PIECEWISE_BEZIER_KNOTS.);
#7874 = CARTESIAN_POINT('',(39.953515625,-3.));
#7875 = CARTESIAN_POINT('',(1.5,-3.));
#7876 = ( GEOMETRIC_REPRESENTATION_CONTEXT(2) 
PARAMETRIC_REPRESENTATION_CONTEXT() REPRESENTATION_CONTEXT('2D SPACE',''
  ) );
#7877 = ORIENTED_EDGE('',*,*,#7878,.F.);
#7878 = EDGE_CURVE('',#7879,#7858,#7881,.T.);
#7879 = VERTEX_POINT('',#7880);
#7880 = CARTESIAN_POINT('',(107.56328125,29.926666666667,2.));
#7881 = SURFACE_CURVE('',#7882,(#7887,#7894),.PCURVE_S1.);
#7882 = CIRCLE('',#7883,1.5);
#7883 = AXIS2_PLACEMENT_3D('',#7884,#7885,#7886);
#7884 = CARTESIAN_POINT('',(109.06328125,29.926666666667,2.));
#7885 = DIRECTION('',(0.,0.,1.));
#7886 = DIRECTION('',(0.,-1.,0.));
#7887 = PCURVE('',#100,#7888);
#7888 = DEFINITIONAL_REPRESENTATION('',(#7889),#7893);
#7889 = CIRCLE('',#7890,1.5);
#7890 = AXIS2_PLACEMENT_2D('',#7891,#7892);
#7891 = CARTESIAN_POINT('',(25.06328125,-18.57333333333));
#7892 = DIRECTION('',(0.,-1.));
#7893 = ( GEOMETRIC_REPRESENTATION_CONTEXT(2) 
PARAMETRIC_REPRESENTATION_CONTEXT() REPRESENTATION_CONTEXT('2D SPACE',''
  ) );
#7894 = PCURVE('',#3220,#7895);
#7895 = DEFINITIONAL_REPRESENTATION('',(#7896),#7900);
#7896 = LINE('',#7897,#7898);
#7897 = CARTESIAN_POINT('',(-6.28318530718,3.));
#7898 = VECTOR('',#7899,1.);
#7899 = DIRECTION('',(1.,-0.));
#7900 = ( GEOMETRIC_REPRESENTATION_CONTEXT(2) 
PARAMETRIC_REPRESENTATION_CONTEXT() REPRESENTATION_CONTEXT('2D SPACE',''
  ) );
#7901 = ORIENTED_EDGE('',*,*,#7902,.T.);
#7902 = EDGE_CURVE('',#7879,#7903,#7905,.T.);
#7903 = VERTEX_POINT('',#7904);
#7904 = CARTESIAN_POINT('',(107.56328125,40.136666666667,2.));
#7905 = SURFACE_CURVE('',#7906,(#7910,#7916),.PCURVE_S1.);
#7906 = LINE('',#7907,#7908);
#7907 = CARTESIAN_POINT('',(107.56328125,45.068333333333,2.));
#7908 = VECTOR('',#7909,1.);
#7909 = DIRECTION('',(-0.,1.,0.));
#7910 = PCURVE('',#100,#7911);
#7911 = DEFINITIONAL_REPRESENTATION('',(#7912),#7915);
#7912 = B_SPLINE_CURVE_WITH_KNOTS('',1,(#7913,#7914),.UNSPECIFIED.,.F.,
  .F.,(2,2),(-15.14166666666,-4.931666666667),.PIECEWISE_BEZIER_KNOTS.);
#7913 = CARTESIAN_POINT('',(23.56328125,-18.57333333333));
#7914 = CARTESIAN_POINT('',(23.56328125,-8.363333333333));
#7915 = ( GEOMETRIC_REPRESENTATION_CONTEXT(2) 
PARAMETRIC_REPRESENTATION_CONTEXT() REPRESENTATION_CONTEXT('2D SPACE',''
  ) );
#7916 = PCURVE('',#3247,#7917);
#7917 = DEFINITIONAL_REPRESENTATION('',(#7918),#7921);
#7918 = B_SPLINE_CURVE_WITH_KNOTS('',1,(#7919,#7920),.UNSPECIFIED.,.F.,
  .F.,(2,2),(-15.14166666666,-4.931666666667),.PIECEWISE_BEZIER_KNOTS.);
#7919 = CARTESIAN_POINT('',(11.71,-3.));
#7920 = CARTESIAN_POINT('',(1.5,-3.));
#7921 = ( GEOMETRIC_REPRESENTATION_CONTEXT(2) 
PARAMETRIC_REPRESENTATION_CONTEXT() REPRESENTATION_CONTEXT('2D SPACE',''
  ) );
#7922 = ORIENTED_EDGE('',*,*,#7923,.F.);
#7923 = EDGE_CURVE('',#7924,#7903,#7926,.T.);
#7924 = VERTEX_POINT('',#7925);
#7925 = CARTESIAN_POINT('',(109.06328125,41.636666666667,2.));
#7926 = SURFACE_CURVE('',#7927,(#7932,#7939),.PCURVE_S1.);
#7927 = CIRCLE('',#7928,1.5);
#7928 = AXIS2_PLACEMENT_3D('',#7929,#7930,#7931);
#7929 = CARTESIAN_POINT('',(109.06328125,40.136666666667,2.));
#7930 = DIRECTION('',(0.,0.,1.));
#7931 = DIRECTION('',(-0.,1.,0.));
#7932 = PCURVE('',#100,#7933);
#7933 = DEFINITIONAL_REPRESENTATION('',(#7934),#7938);
#7934 = CIRCLE('',#7935,1.5);
#7935 = AXIS2_PLACEMENT_2D('',#7936,#7937);
#7936 = CARTESIAN_POINT('',(25.06328125,-8.363333333333));
#7937 = DIRECTION('',(0.,1.));
#7938 = ( GEOMETRIC_REPRESENTATION_CONTEXT(2) 
PARAMETRIC_REPRESENTATION_CONTEXT() REPRESENTATION_CONTEXT('2D SPACE',''
  ) );
#7939 = PCURVE('',#3275,#7940);
#7940 = DEFINITIONAL_REPRESENTATION('',(#7941),#7945);
#7941 = LINE('',#7942,#7943);
#7942 = CARTESIAN_POINT('',(0.,3.));
#7943 = VECTOR('',#7944,1.);
#7944 = DIRECTION('',(1.,0.));
#7945 = ( GEOMETRIC_REPRESENTATION_CONTEXT(2) 
PARAMETRIC_REPRESENTATION_CONTEXT() REPRESENTATION_CONTEXT('2D SPACE',''
  ) );
#7946 = ORIENTED_EDGE('',*,*,#7947,.T.);
#7947 = EDGE_CURVE('',#7924,#7948,#7950,.T.);
#7948 = VERTEX_POINT('',#7949);
#7949 = CARTESIAN_POINT('',(147.516796875,41.636666666667,2.));
#7950 = SURFACE_CURVE('',#7951,(#7955,#7961),.PCURVE_S1.);
#7951 = LINE('',#7952,#7953);
#7952 = CARTESIAN_POINT('',(116.5083984375,41.636666666667,2.));
#7953 = VECTOR('',#7954,1.);
#7954 = DIRECTION('',(1.,0.,-0.));
#7955 = PCURVE('',#100,#7956);
#7956 = DEFINITIONAL_REPRESENTATION('',(#7957),#7960);
#7957 = B_SPLINE_CURVE_WITH_KNOTS('',1,(#7958,#7959),.UNSPECIFIED.,.F.,
  .F.,(2,2),(-7.4451171875,31.0083984375),.PIECEWISE_BEZIER_KNOTS.);
#7958 = CARTESIAN_POINT('',(25.06328125,-6.863333333333));
#7959 = CARTESIAN_POINT('',(63.516796875,-6.863333333333));
#7960 = ( GEOMETRIC_REPRESENTATION_CONTEXT(2) 
PARAMETRIC_REPRESENTATION_CONTEXT() REPRESENTATION_CONTEXT('2D SPACE',''
  ) );
#7961 = PCURVE('',#3302,#7962);
#7962 = DEFINITIONAL_REPRESENTATION('',(#7963),#7966);
#7963 = B_SPLINE_CURVE_WITH_KNOTS('',1,(#7964,#7965),.UNSPECIFIED.,.F.,
  .F.,(2,2),(-7.4451171875,31.0083984375),.PIECEWISE_BEZIER_KNOTS.);
#7964 = CARTESIAN_POINT('',(39.953515625,-3.));
#7965 = CARTESIAN_POINT('',(1.5,-3.));
#7966 = ( GEOMETRIC_REPRESENTATION_CONTEXT(2) 
PARAMETRIC_REPRESENTATION_CONTEXT() REPRESENTATION_CONTEXT('2D SPACE',''
  ) );
#7967 = ORIENTED_EDGE('',*,*,#7968,.F.);
#7968 = EDGE_CURVE('',#7969,#7948,#7971,.T.);
#7969 = VERTEX_POINT('',#7970);
#7970 = CARTESIAN_POINT('',(149.016796875,40.136666666667,2.));
#7971 = SURFACE_CURVE('',#7972,(#7977,#7984),.PCURVE_S1.);
#7972 = CIRCLE('',#7973,1.5);
#7973 = AXIS2_PLACEMENT_3D('',#7974,#7975,#7976);
#7974 = CARTESIAN_POINT('',(147.516796875,40.136666666667,2.));
#7975 = DIRECTION('',(0.,0.,1.));
#7976 = DIRECTION('',(1.,0.,-0.));
#7977 = PCURVE('',#100,#7978);
#7978 = DEFINITIONAL_REPRESENTATION('',(#7979),#7983);
#7979 = CIRCLE('',#7980,1.5);
#7980 = AXIS2_PLACEMENT_2D('',#7981,#7982);
#7981 = CARTESIAN_POINT('',(63.516796875,-8.363333333333));
#7982 = DIRECTION('',(1.,0.));
#7983 = ( GEOMETRIC_REPRESENTATION_CONTEXT(2) 
PARAMETRIC_REPRESENTATION_CONTEXT() REPRESENTATION_CONTEXT('2D SPACE',''
  ) );
#7984 = PCURVE('',#3330,#7985);
#7985 = DEFINITIONAL_REPRESENTATION('',(#7986),#7990);
#7986 = LINE('',#7987,#7988);
#7987 = CARTESIAN_POINT('',(0.,3.));
#7988 = VECTOR('',#7989,1.);
#7989 = DIRECTION('',(1.,0.));
#7990 = ( GEOMETRIC_REPRESENTATION_CONTEXT(2) 
PARAMETRIC_REPRESENTATION_CONTEXT() REPRESENTATION_CONTEXT('2D SPACE',''
  ) );
#7991 = ORIENTED_EDGE('',*,*,#7992,.T.);
#7992 = EDGE_CURVE('',#7969,#7834,#7993,.T.);
#7993 = SURFACE_CURVE('',#7994,(#7998,#8004),.PCURVE_S1.);
#7994 = LINE('',#7995,#7996);
#7995 = CARTESIAN_POINT('',(149.016796875,38.463333333333,2.));
#7996 = VECTOR('',#7997,1.);
#7997 = DIRECTION('',(0.,-1.,0.));
#7998 = PCURVE('',#100,#7999);
#7999 = DEFINITIONAL_REPRESENTATION('',(#8000),#8003);
#8000 = B_SPLINE_CURVE_WITH_KNOTS('',1,(#8001,#8002),.UNSPECIFIED.,.F.,
  .F.,(2,2),(-1.673333333333,8.536666666667),.PIECEWISE_BEZIER_KNOTS.);
#8001 = CARTESIAN_POINT('',(65.016796875,-8.363333333333));
#8002 = CARTESIAN_POINT('',(65.016796875,-18.57333333333));
#8003 = ( GEOMETRIC_REPRESENTATION_CONTEXT(2) 
PARAMETRIC_REPRESENTATION_CONTEXT() REPRESENTATION_CONTEXT('2D SPACE',''
  ) );
#8004 = PCURVE('',#3355,#8005);
#8005 = DEFINITIONAL_REPRESENTATION('',(#8006),#8009);
#8006 = B_SPLINE_CURVE_WITH_KNOTS('',1,(#8007,#8008),.UNSPECIFIED.,.F.,
  .F.,(2,2),(-1.673333333333,8.536666666667),.PIECEWISE_BEZIER_KNOTS.);
#8007 = CARTESIAN_POINT('',(11.71,-3.));
#8008 = CARTESIAN_POINT('',(1.5,-3.));
#8009 = ( GEOMETRIC_REPRESENTATION_CONTEXT(2) 
PARAMETRIC_REPRESENTATION_CONTEXT() REPRESENTATION_CONTEXT('2D SPACE',''
  ) );
#8010 = FACE_BOUND('',#8011,.T.);
#8011 = EDGE_LOOP('',(#8012,#8038,#8059,#8083,#8104,#8128,#8149,#8173));
#8012 = ORIENTED_EDGE('',*,*,#8013,.F.);
#8013 = EDGE_CURVE('',#8014,#8016,#8018,.T.);
#8014 = VERTEX_POINT('',#8015);
#8015 = CARTESIAN_POINT('',(157.544140625,14.666666666667,2.));
#8016 = VERTEX_POINT('',#8017);
#8017 = CARTESIAN_POINT('',(159.544140625,16.666666666667,2.));
#8018 = SURFACE_CURVE('',#8019,(#8024,#8031),.PCURVE_S1.);
#8019 = CIRCLE('',#8020,2.);
#8020 = AXIS2_PLACEMENT_3D('',#8021,#8022,#8023);
#8021 = CARTESIAN_POINT('',(157.544140625,16.666666666667,2.));
#8022 = DIRECTION('',(0.,0.,1.));
#8023 = DIRECTION('',(0.,-1.,0.));
#8024 = PCURVE('',#100,#8025);
#8025 = DEFINITIONAL_REPRESENTATION('',(#8026),#8030);
#8026 = CIRCLE('',#8027,2.);
#8027 = AXIS2_PLACEMENT_2D('',#8028,#8029);
#8028 = CARTESIAN_POINT('',(73.544140625,-31.83333333333));
#8029 = DIRECTION('',(0.,-1.));
#8030 = ( GEOMETRIC_REPRESENTATION_CONTEXT(2) 
PARAMETRIC_REPRESENTATION_CONTEXT() REPRESENTATION_CONTEXT('2D SPACE',''
  ) );
#8031 = PCURVE('',#3387,#8032);
#8032 = DEFINITIONAL_REPRESENTATION('',(#8033),#8037);
#8033 = LINE('',#8034,#8035);
#8034 = CARTESIAN_POINT('',(0.,3.));
#8035 = VECTOR('',#8036,1.);
#8036 = DIRECTION('',(1.,0.));
#8037 = ( GEOMETRIC_REPRESENTATION_CONTEXT(2) 
PARAMETRIC_REPRESENTATION_CONTEXT() REPRESENTATION_CONTEXT('2D SPACE',''
  ) );
#8038 = ORIENTED_EDGE('',*,*,#8039,.T.);
#8039 = EDGE_CURVE('',#8014,#8040,#8042,.T.);
#8040 = VERTEX_POINT('',#8041);
#8041 = CARTESIAN_POINT('',(151.221484375,14.666666666667,2.));
#8042 = SURFACE_CURVE('',#8043,(#8047,#8053),.PCURVE_S1.);
#8043 = LINE('',#8044,#8045);
#8044 = CARTESIAN_POINT('',(116.6107421875,14.666666666667,2.));
#8045 = VECTOR('',#8046,1.);
#8046 = DIRECTION('',(-1.,0.,0.));
#8047 = PCURVE('',#100,#8048);
#8048 = DEFINITIONAL_REPRESENTATION('',(#8049),#8052);
#8049 = B_SPLINE_CURVE_WITH_KNOTS('',1,(#8050,#8051),.UNSPECIFIED.,.F.,
  .F.,(2,2),(-40.9333984375,-34.6107421875),.PIECEWISE_BEZIER_KNOTS.);
#8050 = CARTESIAN_POINT('',(73.544140625,-33.83333333333));
#8051 = CARTESIAN_POINT('',(67.221484375,-33.83333333333));
#8052 = ( GEOMETRIC_REPRESENTATION_CONTEXT(2) 
PARAMETRIC_REPRESENTATION_CONTEXT() REPRESENTATION_CONTEXT('2D SPACE',''
  ) );
#8053 = PCURVE('',#3414,#8054);
#8054 = DEFINITIONAL_REPRESENTATION('',(#8055),#8058);
#8055 = B_SPLINE_CURVE_WITH_KNOTS('',1,(#8056,#8057),.UNSPECIFIED.,.F.,
  .F.,(2,2),(-40.9333984375,-34.6107421875),.PIECEWISE_BEZIER_KNOTS.);
#8056 = CARTESIAN_POINT('',(8.32265625,-3.));
#8057 = CARTESIAN_POINT('',(2.,-3.));
#8058 = ( GEOMETRIC_REPRESENTATION_CONTEXT(2) 
PARAMETRIC_REPRESENTATION_CONTEXT() REPRESENTATION_CONTEXT('2D SPACE',''
  ) );
#8059 = ORIENTED_EDGE('',*,*,#8060,.F.);
#8060 = EDGE_CURVE('',#8061,#8040,#8063,.T.);
#8061 = VERTEX_POINT('',#8062);
#8062 = CARTESIAN_POINT('',(149.221484375,16.666666666667,2.));
#8063 = SURFACE_CURVE('',#8064,(#8069,#8076),.PCURVE_S1.);
#8064 = CIRCLE('',#8065,2.);
#8065 = AXIS2_PLACEMENT_3D('',#8066,#8067,#8068);
#8066 = CARTESIAN_POINT('',(151.221484375,16.666666666667,2.));
#8067 = DIRECTION('',(0.,0.,1.));
#8068 = DIRECTION('',(0.,-1.,0.));
#8069 = PCURVE('',#100,#8070);
#8070 = DEFINITIONAL_REPRESENTATION('',(#8071),#8075);
#8071 = CIRCLE('',#8072,2.);
#8072 = AXIS2_PLACEMENT_2D('',#8073,#8074);
#8073 = CARTESIAN_POINT('',(67.221484375,-31.83333333333));
#8074 = DIRECTION('',(0.,-1.));
#8075 = ( GEOMETRIC_REPRESENTATION_CONTEXT(2) 
PARAMETRIC_REPRESENTATION_CONTEXT() REPRESENTATION_CONTEXT('2D SPACE',''
  ) );
#8076 = PCURVE('',#3442,#8077);
#8077 = DEFINITIONAL_REPRESENTATION('',(#8078),#8082);
#8078 = LINE('',#8079,#8080);
#8079 = CARTESIAN_POINT('',(-6.28318530718,3.));
#8080 = VECTOR('',#8081,1.);
#8081 = DIRECTION('',(1.,-0.));
#8082 = ( GEOMETRIC_REPRESENTATION_CONTEXT(2) 
PARAMETRIC_REPRESENTATION_CONTEXT() REPRESENTATION_CONTEXT('2D SPACE',''
  ) );
#8083 = ORIENTED_EDGE('',*,*,#8084,.T.);
#8084 = EDGE_CURVE('',#8061,#8085,#8087,.T.);
#8085 = VERTEX_POINT('',#8086);
#8086 = CARTESIAN_POINT('',(149.221484375,33.903333333333,2.));
#8087 = SURFACE_CURVE('',#8088,(#8092,#8098),.PCURVE_S1.);
#8088 = LINE('',#8089,#8090);
#8089 = CARTESIAN_POINT('',(149.221484375,42.201666666667,2.));
#8090 = VECTOR('',#8091,1.);
#8091 = DIRECTION('',(-0.,1.,0.));
#8092 = PCURVE('',#100,#8093);
#8093 = DEFINITIONAL_REPRESENTATION('',(#8094),#8097);
#8094 = B_SPLINE_CURVE_WITH_KNOTS('',1,(#8095,#8096),.UNSPECIFIED.,.F.,
  .F.,(2,2),(-25.535,-8.298333333333),.PIECEWISE_BEZIER_KNOTS.);
#8095 = CARTESIAN_POINT('',(65.221484375,-31.83333333333));
#8096 = CARTESIAN_POINT('',(65.221484375,-14.59666666666));
#8097 = ( GEOMETRIC_REPRESENTATION_CONTEXT(2) 
PARAMETRIC_REPRESENTATION_CONTEXT() REPRESENTATION_CONTEXT('2D SPACE',''
  ) );
#8098 = PCURVE('',#3469,#8099);
#8099 = DEFINITIONAL_REPRESENTATION('',(#8100),#8103);
#8100 = B_SPLINE_CURVE_WITH_KNOTS('',1,(#8101,#8102),.UNSPECIFIED.,.F.,
  .F.,(2,2),(-25.535,-8.298333333333),.PIECEWISE_BEZIER_KNOTS.);
#8101 = CARTESIAN_POINT('',(19.236666666667,-3.));
#8102 = CARTESIAN_POINT('',(2.,-3.));
#8103 = ( GEOMETRIC_REPRESENTATION_CONTEXT(2) 
PARAMETRIC_REPRESENTATION_CONTEXT() REPRESENTATION_CONTEXT('2D SPACE',''
  ) );
#8104 = ORIENTED_EDGE('',*,*,#8105,.F.);
#8105 = EDGE_CURVE('',#8106,#8085,#8108,.T.);
#8106 = VERTEX_POINT('',#8107);
#8107 = CARTESIAN_POINT('',(151.221484375,35.903333333333,2.));
#8108 = SURFACE_CURVE('',#8109,(#8114,#8121),.PCURVE_S1.);
#8109 = CIRCLE('',#8110,2.);
#8110 = AXIS2_PLACEMENT_3D('',#8111,#8112,#8113);
#8111 = CARTESIAN_POINT('',(151.221484375,33.903333333333,2.));
#8112 = DIRECTION('',(0.,0.,1.));
#8113 = DIRECTION('',(-0.,1.,0.));
#8114 = PCURVE('',#100,#8115);
#8115 = DEFINITIONAL_REPRESENTATION('',(#8116),#8120);
#8116 = CIRCLE('',#8117,2.);
#8117 = AXIS2_PLACEMENT_2D('',#8118,#8119);
#8118 = CARTESIAN_POINT('',(67.221484375,-14.59666666666));
#8119 = DIRECTION('',(0.,1.));
#8120 = ( GEOMETRIC_REPRESENTATION_CONTEXT(2) 
PARAMETRIC_REPRESENTATION_CONTEXT() REPRESENTATION_CONTEXT('2D SPACE',''
  ) );
#8121 = PCURVE('',#3497,#8122);
#8122 = DEFINITIONAL_REPRESENTATION('',(#8123),#8127);
#8123 = LINE('',#8124,#8125);
#8124 = CARTESIAN_POINT('',(0.,3.));
#8125 = VECTOR('',#8126,1.);
#8126 = DIRECTION('',(1.,0.));
#8127 = ( GEOMETRIC_REPRESENTATION_CONTEXT(2) 
PARAMETRIC_REPRESENTATION_CONTEXT() REPRESENTATION_CONTEXT('2D SPACE',''
  ) );
#8128 = ORIENTED_EDGE('',*,*,#8129,.T.);
#8129 = EDGE_CURVE('',#8106,#8130,#8132,.T.);
#8130 = VERTEX_POINT('',#8131);
#8131 = CARTESIAN_POINT('',(157.544140625,35.903333333333,2.));
#8132 = SURFACE_CURVE('',#8133,(#8137,#8143),.PCURVE_S1.);
#8133 = LINE('',#8134,#8135);
#8134 = CARTESIAN_POINT('',(121.7720703125,35.903333333333,2.));
#8135 = VECTOR('',#8136,1.);
#8136 = DIRECTION('',(1.,0.,-0.));
#8137 = PCURVE('',#100,#8138);
#8138 = DEFINITIONAL_REPRESENTATION('',(#8139),#8142);
#8139 = B_SPLINE_CURVE_WITH_KNOTS('',1,(#8140,#8141),.UNSPECIFIED.,.F.,
  .F.,(2,2),(29.4494140625,35.7720703125),.PIECEWISE_BEZIER_KNOTS.);
#8140 = CARTESIAN_POINT('',(67.221484375,-12.59666666666));
#8141 = CARTESIAN_POINT('',(73.544140625,-12.59666666666));
#8142 = ( GEOMETRIC_REPRESENTATION_CONTEXT(2) 
PARAMETRIC_REPRESENTATION_CONTEXT() REPRESENTATION_CONTEXT('2D SPACE',''
  ) );
#8143 = PCURVE('',#3524,#8144);
#8144 = DEFINITIONAL_REPRESENTATION('',(#8145),#8148);
#8145 = B_SPLINE_CURVE_WITH_KNOTS('',1,(#8146,#8147),.UNSPECIFIED.,.F.,
  .F.,(2,2),(29.4494140625,35.7720703125),.PIECEWISE_BEZIER_KNOTS.);
#8146 = CARTESIAN_POINT('',(8.32265625,-3.));
#8147 = CARTESIAN_POINT('',(2.,-3.));
#8148 = ( GEOMETRIC_REPRESENTATION_CONTEXT(2) 
PARAMETRIC_REPRESENTATION_CONTEXT() REPRESENTATION_CONTEXT('2D SPACE',''
  ) );
#8149 = ORIENTED_EDGE('',*,*,#8150,.F.);
#8150 = EDGE_CURVE('',#8151,#8130,#8153,.T.);
#8151 = VERTEX_POINT('',#8152);
#8152 = CARTESIAN_POINT('',(159.544140625,33.903333333333,2.));
#8153 = SURFACE_CURVE('',#8154,(#8159,#8166),.PCURVE_S1.);
#8154 = CIRCLE('',#8155,2.);
#8155 = AXIS2_PLACEMENT_3D('',#8156,#8157,#8158);
#8156 = CARTESIAN_POINT('',(157.544140625,33.903333333333,2.));
#8157 = DIRECTION('',(0.,0.,1.));
#8158 = DIRECTION('',(1.,0.,-0.));
#8159 = PCURVE('',#100,#8160);
#8160 = DEFINITIONAL_REPRESENTATION('',(#8161),#8165);
#8161 = CIRCLE('',#8162,2.);
#8162 = AXIS2_PLACEMENT_2D('',#8163,#8164);
#8163 = CARTESIAN_POINT('',(73.544140625,-14.59666666666));
#8164 = DIRECTION('',(1.,0.));
#8165 = ( GEOMETRIC_REPRESENTATION_CONTEXT(2) 
PARAMETRIC_REPRESENTATION_CONTEXT() REPRESENTATION_CONTEXT('2D SPACE',''
  ) );
#8166 = PCURVE('',#3552,#8167);
#8167 = DEFINITIONAL_REPRESENTATION('',(#8168),#8172);
#8168 = LINE('',#8169,#8170);
#8169 = CARTESIAN_POINT('',(0.,3.));
#8170 = VECTOR('',#8171,1.);
#8171 = DIRECTION('',(1.,0.));
#8172 = ( GEOMETRIC_REPRESENTATION_CONTEXT(2) 
PARAMETRIC_REPRESENTATION_CONTEXT() REPRESENTATION_CONTEXT('2D SPACE',''
  ) );
#8173 = ORIENTED_EDGE('',*,*,#8174,.T.);
#8174 = EDGE_CURVE('',#8151,#8016,#8175,.T.);
#8175 = SURFACE_CURVE('',#8176,(#8180,#8186),.PCURVE_S1.);
#8176 = LINE('',#8177,#8178);
#8177 = CARTESIAN_POINT('',(159.544140625,31.583333333333,2.));
#8178 = VECTOR('',#8179,1.);
#8179 = DIRECTION('',(0.,-1.,0.));
#8180 = PCURVE('',#100,#8181);
#8181 = DEFINITIONAL_REPRESENTATION('',(#8182),#8185);
#8182 = B_SPLINE_CURVE_WITH_KNOTS('',1,(#8183,#8184),.UNSPECIFIED.,.F.,
  .F.,(2,2),(-2.32,14.916666666667),.PIECEWISE_BEZIER_KNOTS.);
#8183 = CARTESIAN_POINT('',(75.544140625,-14.59666666666));
#8184 = CARTESIAN_POINT('',(75.544140625,-31.83333333333));
#8185 = ( GEOMETRIC_REPRESENTATION_CONTEXT(2) 
PARAMETRIC_REPRESENTATION_CONTEXT() REPRESENTATION_CONTEXT('2D SPACE',''
  ) );
#8186 = PCURVE('',#3577,#8187);
#8187 = DEFINITIONAL_REPRESENTATION('',(#8188),#8191);
#8188 = B_SPLINE_CURVE_WITH_KNOTS('',1,(#8189,#8190),.UNSPECIFIED.,.F.,
  .F.,(2,2),(-2.32,14.916666666667),.PIECEWISE_BEZIER_KNOTS.);
#8189 = CARTESIAN_POINT('',(19.236666666667,-3.));
#8190 = CARTESIAN_POINT('',(2.,-3.));
#8191 = ( GEOMETRIC_REPRESENTATION_CONTEXT(2) 
PARAMETRIC_REPRESENTATION_CONTEXT() REPRESENTATION_CONTEXT('2D SPACE',''
  ) );
#8192 = FACE_BOUND('',#8193,.T.);
#8193 = EDGE_LOOP('',(#8194,#8224,#8245,#8269,#8290,#8314,#8335,#8359,
    #8380,#8404));
#8194 = ORIENTED_EDGE('',*,*,#8195,.T.);
#8195 = EDGE_CURVE('',#8196,#8198,#8200,.T.);
#8196 = VERTEX_POINT('',#8197);
#8197 = CARTESIAN_POINT('',(11.593371037698,81.196666666667,2.));
#8198 = VERTEX_POINT('',#8199);
#8199 = CARTESIAN_POINT('',(15.641003962302,81.196666666667,2.));
#8200 = SURFACE_CURVE('',#8201,(#8206,#8217),.PCURVE_S1.);
#8201 = CIRCLE('',#8202,2.996653645833);
#8202 = AXIS2_PLACEMENT_3D('',#8203,#8204,#8205);
#8203 = CARTESIAN_POINT('',(13.6171875,83.406666666667,2.));
#8204 = DIRECTION('',(-0.,0.,-1.));
#8205 = DIRECTION('',(-0.675358817365,-0.737489300131,0.));
#8206 = PCURVE('',#100,#8207);
#8207 = DEFINITIONAL_REPRESENTATION('',(#8208),#8216);
#8208 = ( BOUNDED_CURVE() B_SPLINE_CURVE(2,(#8209,#8210,#8211,#8212,
#8213,#8214,#8215),.UNSPECIFIED.,.T.,.F.) B_SPLINE_CURVE_WITH_KNOTS((1,2
    ,2,2,2,1),(-2.094395102393,0.,2.094395102393,4.188790204786,
6.28318530718,8.377580409573),.UNSPECIFIED.) CURVE() 
GEOMETRIC_REPRESENTATION_ITEM() RATIONAL_B_SPLINE_CURVE((1.,0.5,1.,0.5,
1.,0.5,1.)) REPRESENTATION_ITEM('') );
#8209 = CARTESIAN_POINT('',(-72.4066289623,32.696666666667));
#8210 = CARTESIAN_POINT('',(-76.23446124703,36.202019604569));
#8211 = CARTESIAN_POINT('',(-71.28482041121,37.764343135618));
#8212 = CARTESIAN_POINT('',(-66.33517957539,39.326666666667));
#8213 = CARTESIAN_POINT('',(-67.45698812648,34.258990197716));
#8214 = CARTESIAN_POINT('',(-68.57879667757,29.191313728765));
#8215 = CARTESIAN_POINT('',(-72.4066289623,32.696666666667));
#8216 = ( GEOMETRIC_REPRESENTATION_CONTEXT(2) 
PARAMETRIC_REPRESENTATION_CONTEXT() REPRESENTATION_CONTEXT('2D SPACE',''
  ) );
#8217 = PCURVE('',#3635,#8218);
#8218 = DEFINITIONAL_REPRESENTATION('',(#8219),#8223);
#8219 = LINE('',#8220,#8221);
#8220 = CARTESIAN_POINT('',(-10.2541231546,-3.));
#8221 = VECTOR('',#8222,1.);
#8222 = DIRECTION('',(1.,-0.));
#8223 = ( GEOMETRIC_REPRESENTATION_CONTEXT(2) 
PARAMETRIC_REPRESENTATION_CONTEXT() REPRESENTATION_CONTEXT('2D SPACE',''
  ) );
#8224 = ORIENTED_EDGE('',*,*,#8225,.T.);
#8225 = EDGE_CURVE('',#8198,#8226,#8228,.T.);
#8226 = VERTEX_POINT('',#8227);
#8227 = CARTESIAN_POINT('',(15.973828125,81.196666666667,2.));
#8228 = SURFACE_CURVE('',#8229,(#8233,#8239),.PCURVE_S1.);
#8229 = LINE('',#8230,#8231);
#8230 = CARTESIAN_POINT('',(50.4869140625,81.196666666667,2.));
#8231 = VECTOR('',#8232,1.);
#8232 = DIRECTION('',(1.,0.,-0.));
#8233 = PCURVE('',#100,#8234);
#8234 = DEFINITIONAL_REPRESENTATION('',(#8235),#8238);
#8235 = B_SPLINE_CURVE_WITH_KNOTS('',1,(#8236,#8237),.UNSPECIFIED.,.F.,
  .F.,(2,2),(-39.2263671875,-34.5130859375),.PIECEWISE_BEZIER_KNOTS.);
#8236 = CARTESIAN_POINT('',(-72.739453125,32.696666666667));
#8237 = CARTESIAN_POINT('',(-68.026171875,32.696666666667));
#8238 = ( GEOMETRIC_REPRESENTATION_CONTEXT(2) 
PARAMETRIC_REPRESENTATION_CONTEXT() REPRESENTATION_CONTEXT('2D SPACE',''
  ) );
#8239 = PCURVE('',#3662,#8240);
#8240 = DEFINITIONAL_REPRESENTATION('',(#8241),#8244);
#8241 = B_SPLINE_CURVE_WITH_KNOTS('',1,(#8242,#8243),.UNSPECIFIED.,.F.,
  .F.,(2,2),(-39.2263671875,-34.5130859375),.PIECEWISE_BEZIER_KNOTS.);
#8242 = CARTESIAN_POINT('',(5.71328125,-3.));
#8243 = CARTESIAN_POINT('',(1.,-3.));
#8244 = ( GEOMETRIC_REPRESENTATION_CONTEXT(2) 
PARAMETRIC_REPRESENTATION_CONTEXT() REPRESENTATION_CONTEXT('2D SPACE',''
  ) );
#8245 = ORIENTED_EDGE('',*,*,#8246,.F.);
#8246 = EDGE_CURVE('',#8247,#8226,#8249,.T.);
#8247 = VERTEX_POINT('',#8248);
#8248 = CARTESIAN_POINT('',(16.973828125,80.196666666667,2.));
#8249 = SURFACE_CURVE('',#8250,(#8255,#8262),.PCURVE_S1.);
#8250 = CIRCLE('',#8251,1.);
#8251 = AXIS2_PLACEMENT_3D('',#8252,#8253,#8254);
#8252 = CARTESIAN_POINT('',(15.973828125,80.196666666667,2.));
#8253 = DIRECTION('',(0.,0.,1.));
#8254 = DIRECTION('',(1.,0.,-0.));
#8255 = PCURVE('',#100,#8256);
#8256 = DEFINITIONAL_REPRESENTATION('',(#8257),#8261);
#8257 = CIRCLE('',#8258,1.);
#8258 = AXIS2_PLACEMENT_2D('',#8259,#8260);
#8259 = CARTESIAN_POINT('',(-68.026171875,31.696666666667));
#8260 = DIRECTION('',(1.,0.));
#8261 = ( GEOMETRIC_REPRESENTATION_CONTEXT(2) 
PARAMETRIC_REPRESENTATION_CONTEXT() REPRESENTATION_CONTEXT('2D SPACE',''
  ) );
#8262 = PCURVE('',#3690,#8263);
#8263 = DEFINITIONAL_REPRESENTATION('',(#8264),#8268);
#8264 = LINE('',#8265,#8266);
#8265 = CARTESIAN_POINT('',(0.,3.));
#8266 = VECTOR('',#8267,1.);
#8267 = DIRECTION('',(1.,0.));
#8268 = ( GEOMETRIC_REPRESENTATION_CONTEXT(2) 
PARAMETRIC_REPRESENTATION_CONTEXT() REPRESENTATION_CONTEXT('2D SPACE',''
  ) );
#8269 = ORIENTED_EDGE('',*,*,#8270,.T.);
#8270 = EDGE_CURVE('',#8247,#8271,#8273,.T.);
#8271 = VERTEX_POINT('',#8272);
#8272 = CARTESIAN_POINT('',(16.973828125,71.28,2.));
#8273 = SURFACE_CURVE('',#8274,(#8278,#8284),.PCURVE_S1.);
#8274 = LINE('',#8275,#8276);
#8275 = CARTESIAN_POINT('',(16.973828125,59.39,2.));
#8276 = VECTOR('',#8277,1.);
#8277 = DIRECTION('',(0.,-1.,0.));
#8278 = PCURVE('',#100,#8279);
#8279 = DEFINITIONAL_REPRESENTATION('',(#8280),#8283);
#8280 = B_SPLINE_CURVE_WITH_KNOTS('',1,(#8281,#8282),.UNSPECIFIED.,.F.,
  .F.,(2,2),(-20.80666666666,-11.89),.PIECEWISE_BEZIER_KNOTS.);
#8281 = CARTESIAN_POINT('',(-67.026171875,31.696666666667));
#8282 = CARTESIAN_POINT('',(-67.026171875,22.78));
#8283 = ( GEOMETRIC_REPRESENTATION_CONTEXT(2) 
PARAMETRIC_REPRESENTATION_CONTEXT() REPRESENTATION_CONTEXT('2D SPACE',''
  ) );
#8284 = PCURVE('',#3717,#8285);
#8285 = DEFINITIONAL_REPRESENTATION('',(#8286),#8289);
#8286 = B_SPLINE_CURVE_WITH_KNOTS('',1,(#8287,#8288),.UNSPECIFIED.,.F.,
  .F.,(2,2),(-20.80666666666,-11.89),.PIECEWISE_BEZIER_KNOTS.);
#8287 = CARTESIAN_POINT('',(9.916666666667,-3.));
#8288 = CARTESIAN_POINT('',(1.,-3.));
#8289 = ( GEOMETRIC_REPRESENTATION_CONTEXT(2) 
PARAMETRIC_REPRESENTATION_CONTEXT() REPRESENTATION_CONTEXT('2D SPACE',''
  ) );
#8290 = ORIENTED_EDGE('',*,*,#8291,.F.);
#8291 = EDGE_CURVE('',#8292,#8271,#8294,.T.);
#8292 = VERTEX_POINT('',#8293);
#8293 = CARTESIAN_POINT('',(15.973828125,70.28,2.));
#8294 = SURFACE_CURVE('',#8295,(#8300,#8307),.PCURVE_S1.);
#8295 = CIRCLE('',#8296,1.);
#8296 = AXIS2_PLACEMENT_3D('',#8297,#8298,#8299);
#8297 = CARTESIAN_POINT('',(15.973828125,71.28,2.));
#8298 = DIRECTION('',(0.,0.,1.));
#8299 = DIRECTION('',(0.,-1.,0.));
#8300 = PCURVE('',#100,#8301);
#8301 = DEFINITIONAL_REPRESENTATION('',(#8302),#8306);
#8302 = CIRCLE('',#8303,1.);
#8303 = AXIS2_PLACEMENT_2D('',#8304,#8305);
#8304 = CARTESIAN_POINT('',(-68.026171875,22.78));
#8305 = DIRECTION('',(0.,-1.));
#8306 = ( GEOMETRIC_REPRESENTATION_CONTEXT(2) 
PARAMETRIC_REPRESENTATION_CONTEXT() REPRESENTATION_CONTEXT('2D SPACE',''
  ) );
#8307 = PCURVE('',#3745,#8308);
#8308 = DEFINITIONAL_REPRESENTATION('',(#8309),#8313);
#8309 = LINE('',#8310,#8311);
#8310 = CARTESIAN_POINT('',(0.,3.));
#8311 = VECTOR('',#8312,1.);
#8312 = DIRECTION('',(1.,0.));
#8313 = ( GEOMETRIC_REPRESENTATION_CONTEXT(2) 
PARAMETRIC_REPRESENTATION_CONTEXT() REPRESENTATION_CONTEXT('2D SPACE',''
  ) );
#8314 = ORIENTED_EDGE('',*,*,#8315,.T.);
#8315 = EDGE_CURVE('',#8292,#8316,#8318,.T.);
#8316 = VERTEX_POINT('',#8317);
#8317 = CARTESIAN_POINT('',(11.260546875,70.28,2.));
#8318 = SURFACE_CURVE('',#8319,(#8323,#8329),.PCURVE_S1.);
#8319 = LINE('',#8320,#8321);
#8320 = CARTESIAN_POINT('',(47.1302734375,70.28,2.));
#8321 = VECTOR('',#8322,1.);
#8322 = DIRECTION('',(-1.,0.,0.));
#8323 = PCURVE('',#100,#8324);
#8324 = DEFINITIONAL_REPRESENTATION('',(#8325),#8328);
#8325 = B_SPLINE_CURVE_WITH_KNOTS('',1,(#8326,#8327),.UNSPECIFIED.,.F.,
  .F.,(2,2),(31.1564453125,35.8697265625),.PIECEWISE_BEZIER_KNOTS.);
#8326 = CARTESIAN_POINT('',(-68.026171875,21.78));
#8327 = CARTESIAN_POINT('',(-72.739453125,21.78));
#8328 = ( GEOMETRIC_REPRESENTATION_CONTEXT(2) 
PARAMETRIC_REPRESENTATION_CONTEXT() REPRESENTATION_CONTEXT('2D SPACE',''
  ) );
#8329 = PCURVE('',#3772,#8330);
#8330 = DEFINITIONAL_REPRESENTATION('',(#8331),#8334);
#8331 = B_SPLINE_CURVE_WITH_KNOTS('',1,(#8332,#8333),.UNSPECIFIED.,.F.,
  .F.,(2,2),(31.1564453125,35.8697265625),.PIECEWISE_BEZIER_KNOTS.);
#8332 = CARTESIAN_POINT('',(5.71328125,-3.));
#8333 = CARTESIAN_POINT('',(1.,-3.));
#8334 = ( GEOMETRIC_REPRESENTATION_CONTEXT(2) 
PARAMETRIC_REPRESENTATION_CONTEXT() REPRESENTATION_CONTEXT('2D SPACE',''
  ) );
#8335 = ORIENTED_EDGE('',*,*,#8336,.F.);
#8336 = EDGE_CURVE('',#8337,#8316,#8339,.T.);
#8337 = VERTEX_POINT('',#8338);
#8338 = CARTESIAN_POINT('',(10.260546875,71.28,2.));
#8339 = SURFACE_CURVE('',#8340,(#8345,#8352),.PCURVE_S1.);
#8340 = CIRCLE('',#8341,1.);
#8341 = AXIS2_PLACEMENT_3D('',#8342,#8343,#8344);
#8342 = CARTESIAN_POINT('',(11.260546875,71.28,2.));
#8343 = DIRECTION('',(0.,0.,1.));
#8344 = DIRECTION('',(0.,-1.,0.));
#8345 = PCURVE('',#100,#8346);
#8346 = DEFINITIONAL_REPRESENTATION('',(#8347),#8351);
#8347 = CIRCLE('',#8348,1.);
#8348 = AXIS2_PLACEMENT_2D('',#8349,#8350);
#8349 = CARTESIAN_POINT('',(-72.739453125,22.78));
#8350 = DIRECTION('',(0.,-1.));
#8351 = ( GEOMETRIC_REPRESENTATION_CONTEXT(2) 
PARAMETRIC_REPRESENTATION_CONTEXT() REPRESENTATION_CONTEXT('2D SPACE',''
  ) );
#8352 = PCURVE('',#3800,#8353);
#8353 = DEFINITIONAL_REPRESENTATION('',(#8354),#8358);
#8354 = LINE('',#8355,#8356);
#8355 = CARTESIAN_POINT('',(-6.28318530718,3.));
#8356 = VECTOR('',#8357,1.);
#8357 = DIRECTION('',(1.,-0.));
#8358 = ( GEOMETRIC_REPRESENTATION_CONTEXT(2) 
PARAMETRIC_REPRESENTATION_CONTEXT() REPRESENTATION_CONTEXT('2D SPACE',''
  ) );
#8359 = ORIENTED_EDGE('',*,*,#8360,.T.);
#8360 = EDGE_CURVE('',#8337,#8361,#8363,.T.);
#8361 = VERTEX_POINT('',#8362);
#8362 = CARTESIAN_POINT('',(10.260546875,80.196666666667,2.));
#8363 = SURFACE_CURVE('',#8364,(#8368,#8374),.PCURVE_S1.);
#8364 = LINE('',#8365,#8366);
#8365 = CARTESIAN_POINT('',(10.260546875,64.848333333333,2.));
#8366 = VECTOR('',#8367,1.);
#8367 = DIRECTION('',(-0.,1.,0.));
#8368 = PCURVE('',#100,#8369);
#8369 = DEFINITIONAL_REPRESENTATION('',(#8370),#8373);
#8370 = B_SPLINE_CURVE_WITH_KNOTS('',1,(#8371,#8372),.UNSPECIFIED.,.F.,
  .F.,(2,2),(6.431666666667,15.348333333333),.PIECEWISE_BEZIER_KNOTS.);
#8371 = CARTESIAN_POINT('',(-73.739453125,22.78));
#8372 = CARTESIAN_POINT('',(-73.739453125,31.696666666667));
#8373 = ( GEOMETRIC_REPRESENTATION_CONTEXT(2) 
PARAMETRIC_REPRESENTATION_CONTEXT() REPRESENTATION_CONTEXT('2D SPACE',''
  ) );
#8374 = PCURVE('',#3827,#8375);
#8375 = DEFINITIONAL_REPRESENTATION('',(#8376),#8379);
#8376 = B_SPLINE_CURVE_WITH_KNOTS('',1,(#8377,#8378),.UNSPECIFIED.,.F.,
  .F.,(2,2),(6.431666666667,15.348333333333),.PIECEWISE_BEZIER_KNOTS.);
#8377 = CARTESIAN_POINT('',(9.916666666667,-3.));
#8378 = CARTESIAN_POINT('',(1.,-3.));
#8379 = ( GEOMETRIC_REPRESENTATION_CONTEXT(2) 
PARAMETRIC_REPRESENTATION_CONTEXT() REPRESENTATION_CONTEXT('2D SPACE',''
  ) );
#8380 = ORIENTED_EDGE('',*,*,#8381,.F.);
#8381 = EDGE_CURVE('',#8382,#8361,#8384,.T.);
#8382 = VERTEX_POINT('',#8383);
#8383 = CARTESIAN_POINT('',(11.260546875,81.196666666667,2.));
#8384 = SURFACE_CURVE('',#8385,(#8390,#8397),.PCURVE_S1.);
#8385 = CIRCLE('',#8386,1.);
#8386 = AXIS2_PLACEMENT_3D('',#8387,#8388,#8389);
#8387 = CARTESIAN_POINT('',(11.260546875,80.196666666667,2.));
#8388 = DIRECTION('',(0.,0.,1.));
#8389 = DIRECTION('',(-0.,1.,0.));
#8390 = PCURVE('',#100,#8391);
#8391 = DEFINITIONAL_REPRESENTATION('',(#8392),#8396);
#8392 = CIRCLE('',#8393,1.);
#8393 = AXIS2_PLACEMENT_2D('',#8394,#8395);
#8394 = CARTESIAN_POINT('',(-72.739453125,31.696666666667));
#8395 = DIRECTION('',(0.,1.));
#8396 = ( GEOMETRIC_REPRESENTATION_CONTEXT(2) 
PARAMETRIC_REPRESENTATION_CONTEXT() REPRESENTATION_CONTEXT('2D SPACE',''
  ) );
#8397 = PCURVE('',#3853,#8398);
#8398 = DEFINITIONAL_REPRESENTATION('',(#8399),#8403);
#8399 = LINE('',#8400,#8401);
#8400 = CARTESIAN_POINT('',(0.,3.));
#8401 = VECTOR('',#8402,1.);
#8402 = DIRECTION('',(1.,0.));
#8403 = ( GEOMETRIC_REPRESENTATION_CONTEXT(2) 
PARAMETRIC_REPRESENTATION_CONTEXT() REPRESENTATION_CONTEXT('2D SPACE',''
  ) );
#8404 = ORIENTED_EDGE('',*,*,#8405,.T.);
#8405 = EDGE_CURVE('',#8382,#8196,#8406,.T.);
#8406 = SURFACE_CURVE('',#8407,(#8411,#8417),.PCURVE_S1.);
#8407 = LINE('',#8408,#8409);
#8408 = CARTESIAN_POINT('',(50.4869140625,81.196666666667,2.));
#8409 = VECTOR('',#8410,1.);
#8410 = DIRECTION('',(1.,0.,-0.));
#8411 = PCURVE('',#100,#8412);
#8412 = DEFINITIONAL_REPRESENTATION('',(#8413),#8416);
#8413 = B_SPLINE_CURVE_WITH_KNOTS('',1,(#8414,#8415),.UNSPECIFIED.,.F.,
  .F.,(2,2),(-39.2263671875,-34.5130859375),.PIECEWISE_BEZIER_KNOTS.);
#8414 = CARTESIAN_POINT('',(-72.739453125,32.696666666667));
#8415 = CARTESIAN_POINT('',(-68.026171875,32.696666666667));
#8416 = ( GEOMETRIC_REPRESENTATION_CONTEXT(2) 
PARAMETRIC_REPRESENTATION_CONTEXT() REPRESENTATION_CONTEXT('2D SPACE',''
  ) );
#8417 = PCURVE('',#3607,#8418);
#8418 = DEFINITIONAL_REPRESENTATION('',(#8419),#8422);
#8419 = B_SPLINE_CURVE_WITH_KNOTS('',1,(#8420,#8421),.UNSPECIFIED.,.F.,
  .F.,(2,2),(-39.2263671875,-34.5130859375),.PIECEWISE_BEZIER_KNOTS.);
#8420 = CARTESIAN_POINT('',(5.71328125,-3.));
#8421 = CARTESIAN_POINT('',(1.,-3.));
#8422 = ( GEOMETRIC_REPRESENTATION_CONTEXT(2) 
PARAMETRIC_REPRESENTATION_CONTEXT() REPRESENTATION_CONTEXT('2D SPACE',''
  ) );
#8423 = FACE_BOUND('',#8424,.T.);
#8424 = EDGE_LOOP('',(#8425,#8451,#8472,#8496,#8517,#8541,#8562,#8586));
#8425 = ORIENTED_EDGE('',*,*,#8426,.F.);
#8426 = EDGE_CURVE('',#8427,#8429,#8431,.T.);
#8427 = VERTEX_POINT('',#8428);
#8428 = CARTESIAN_POINT('',(91.221875,70.566666666667,2.));
#8429 = VERTEX_POINT('',#8430);
#8430 = CARTESIAN_POINT('',(93.221875,72.566666666667,2.));
#8431 = SURFACE_CURVE('',#8432,(#8437,#8444),.PCURVE_S1.);
#8432 = CIRCLE('',#8433,2.);
#8433 = AXIS2_PLACEMENT_3D('',#8434,#8435,#8436);
#8434 = CARTESIAN_POINT('',(91.221875,72.566666666667,2.));
#8435 = DIRECTION('',(0.,0.,1.));
#8436 = DIRECTION('',(0.,-1.,0.));
#8437 = PCURVE('',#100,#8438);
#8438 = DEFINITIONAL_REPRESENTATION('',(#8439),#8443);
#8439 = CIRCLE('',#8440,2.);
#8440 = AXIS2_PLACEMENT_2D('',#8441,#8442);
#8441 = CARTESIAN_POINT('',(7.221875,24.066666666667));
#8442 = DIRECTION('',(0.,-1.));
#8443 = ( GEOMETRIC_REPRESENTATION_CONTEXT(2) 
PARAMETRIC_REPRESENTATION_CONTEXT() REPRESENTATION_CONTEXT('2D SPACE',''
  ) );
#8444 = PCURVE('',#3886,#8445);
#8445 = DEFINITIONAL_REPRESENTATION('',(#8446),#8450);
#8446 = LINE('',#8447,#8448);
#8447 = CARTESIAN_POINT('',(0.,3.));
#8448 = VECTOR('',#8449,1.);
#8449 = DIRECTION('',(1.,0.));
#8450 = ( GEOMETRIC_REPRESENTATION_CONTEXT(2) 
PARAMETRIC_REPRESENTATION_CONTEXT() REPRESENTATION_CONTEXT('2D SPACE',''
  ) );
#8451 = ORIENTED_EDGE('',*,*,#8452,.T.);
#8452 = EDGE_CURVE('',#8427,#8453,#8455,.T.);
#8453 = VERTEX_POINT('',#8454);
#8454 = CARTESIAN_POINT('',(20.983203125,70.566666666667,2.));
#8455 = SURFACE_CURVE('',#8456,(#8460,#8466),.PCURVE_S1.);
#8456 = LINE('',#8457,#8458);
#8457 = CARTESIAN_POINT('',(51.4916015625,70.566666666667,2.));
#8458 = VECTOR('',#8459,1.);
#8459 = DIRECTION('',(-1.,0.,0.));
#8460 = PCURVE('',#100,#8461);
#8461 = DEFINITIONAL_REPRESENTATION('',(#8462),#8465);
#8462 = B_SPLINE_CURVE_WITH_KNOTS('',1,(#8463,#8464),.UNSPECIFIED.,.F.,
  .F.,(2,2),(-39.7302734375,30.5083984375),.PIECEWISE_BEZIER_KNOTS.);
#8463 = CARTESIAN_POINT('',(7.221875,22.066666666667));
#8464 = CARTESIAN_POINT('',(-63.016796875,22.066666666667));
#8465 = ( GEOMETRIC_REPRESENTATION_CONTEXT(2) 
PARAMETRIC_REPRESENTATION_CONTEXT() REPRESENTATION_CONTEXT('2D SPACE',''
  ) );
#8466 = PCURVE('',#3913,#8467);
#8467 = DEFINITIONAL_REPRESENTATION('',(#8468),#8471);
#8468 = B_SPLINE_CURVE_WITH_KNOTS('',1,(#8469,#8470),.UNSPECIFIED.,.F.,
  .F.,(2,2),(-39.7302734375,30.5083984375),.PIECEWISE_BEZIER_KNOTS.);
#8469 = CARTESIAN_POINT('',(72.238671875,-3.));
#8470 = CARTESIAN_POINT('',(2.,-3.));
#8471 = ( GEOMETRIC_REPRESENTATION_CONTEXT(2) 
PARAMETRIC_REPRESENTATION_CONTEXT() REPRESENTATION_CONTEXT('2D SPACE',''
  ) );
#8472 = ORIENTED_EDGE('',*,*,#8473,.F.);
#8473 = EDGE_CURVE('',#8474,#8453,#8476,.T.);
#8474 = VERTEX_POINT('',#8475);
#8475 = CARTESIAN_POINT('',(18.983203125,72.566666666667,2.));
#8476 = SURFACE_CURVE('',#8477,(#8482,#8489),.PCURVE_S1.);
#8477 = CIRCLE('',#8478,2.);
#8478 = AXIS2_PLACEMENT_3D('',#8479,#8480,#8481);
#8479 = CARTESIAN_POINT('',(20.983203125,72.566666666667,2.));
#8480 = DIRECTION('',(0.,0.,1.));
#8481 = DIRECTION('',(0.,-1.,0.));
#8482 = PCURVE('',#100,#8483);
#8483 = DEFINITIONAL_REPRESENTATION('',(#8484),#8488);
#8484 = CIRCLE('',#8485,2.);
#8485 = AXIS2_PLACEMENT_2D('',#8486,#8487);
#8486 = CARTESIAN_POINT('',(-63.016796875,24.066666666667));
#8487 = DIRECTION('',(0.,-1.));
#8488 = ( GEOMETRIC_REPRESENTATION_CONTEXT(2) 
PARAMETRIC_REPRESENTATION_CONTEXT() REPRESENTATION_CONTEXT('2D SPACE',''
  ) );
#8489 = PCURVE('',#3941,#8490);
#8490 = DEFINITIONAL_REPRESENTATION('',(#8491),#8495);
#8491 = LINE('',#8492,#8493);
#8492 = CARTESIAN_POINT('',(-6.28318530718,3.));
#8493 = VECTOR('',#8494,1.);
#8494 = DIRECTION('',(1.,-0.));
#8495 = ( GEOMETRIC_REPRESENTATION_CONTEXT(2) 
PARAMETRIC_REPRESENTATION_CONTEXT() REPRESENTATION_CONTEXT('2D SPACE',''
  ) );
#8496 = ORIENTED_EDGE('',*,*,#8497,.T.);
#8497 = EDGE_CURVE('',#8474,#8498,#8500,.T.);
#8498 = VERTEX_POINT('',#8499);
#8499 = CARTESIAN_POINT('',(18.983203125,84.643333333333,2.));
#8500 = SURFACE_CURVE('',#8501,(#8505,#8511),.PCURVE_S1.);
#8501 = LINE('',#8502,#8503);
#8502 = CARTESIAN_POINT('',(18.983203125,67.571666666667,2.));
#8503 = VECTOR('',#8504,1.);
#8504 = DIRECTION('',(-0.,1.,0.));
#8505 = PCURVE('',#100,#8506);
#8506 = DEFINITIONAL_REPRESENTATION('',(#8507),#8510);
#8507 = B_SPLINE_CURVE_WITH_KNOTS('',1,(#8508,#8509),.UNSPECIFIED.,.F.,
  .F.,(2,2),(4.995,17.071666666667),.PIECEWISE_BEZIER_KNOTS.);
#8508 = CARTESIAN_POINT('',(-65.016796875,24.066666666667));
#8509 = CARTESIAN_POINT('',(-65.016796875,36.143333333333));
#8510 = ( GEOMETRIC_REPRESENTATION_CONTEXT(2) 
PARAMETRIC_REPRESENTATION_CONTEXT() REPRESENTATION_CONTEXT('2D SPACE',''
  ) );
#8511 = PCURVE('',#3968,#8512);
#8512 = DEFINITIONAL_REPRESENTATION('',(#8513),#8516);
#8513 = B_SPLINE_CURVE_WITH_KNOTS('',1,(#8514,#8515),.UNSPECIFIED.,.F.,
  .F.,(2,2),(4.995,17.071666666667),.PIECEWISE_BEZIER_KNOTS.);
#8514 = CARTESIAN_POINT('',(14.076666666667,-3.));
#8515 = CARTESIAN_POINT('',(2.,-3.));
#8516 = ( GEOMETRIC_REPRESENTATION_CONTEXT(2) 
PARAMETRIC_REPRESENTATION_CONTEXT() REPRESENTATION_CONTEXT('2D SPACE',''
  ) );
#8517 = ORIENTED_EDGE('',*,*,#8518,.F.);
#8518 = EDGE_CURVE('',#8519,#8498,#8521,.T.);
#8519 = VERTEX_POINT('',#8520);
#8520 = CARTESIAN_POINT('',(20.983203125,86.643333333333,2.));
#8521 = SURFACE_CURVE('',#8522,(#8527,#8534),.PCURVE_S1.);
#8522 = CIRCLE('',#8523,2.);
#8523 = AXIS2_PLACEMENT_3D('',#8524,#8525,#8526);
#8524 = CARTESIAN_POINT('',(20.983203125,84.643333333333,2.));
#8525 = DIRECTION('',(0.,0.,1.));
#8526 = DIRECTION('',(-0.,1.,0.));
#8527 = PCURVE('',#100,#8528);
#8528 = DEFINITIONAL_REPRESENTATION('',(#8529),#8533);
#8529 = CIRCLE('',#8530,2.);
#8530 = AXIS2_PLACEMENT_2D('',#8531,#8532);
#8531 = CARTESIAN_POINT('',(-63.016796875,36.143333333333));
#8532 = DIRECTION('',(0.,1.));
#8533 = ( GEOMETRIC_REPRESENTATION_CONTEXT(2) 
PARAMETRIC_REPRESENTATION_CONTEXT() REPRESENTATION_CONTEXT('2D SPACE',''
  ) );
#8534 = PCURVE('',#3996,#8535);
#8535 = DEFINITIONAL_REPRESENTATION('',(#8536),#8540);
#8536 = LINE('',#8537,#8538);
#8537 = CARTESIAN_POINT('',(0.,3.));
#8538 = VECTOR('',#8539,1.);
#8539 = DIRECTION('',(1.,0.));
#8540 = ( GEOMETRIC_REPRESENTATION_CONTEXT(2) 
PARAMETRIC_REPRESENTATION_CONTEXT() REPRESENTATION_CONTEXT('2D SPACE',''
  ) );
#8541 = ORIENTED_EDGE('',*,*,#8542,.T.);
#8542 = EDGE_CURVE('',#8519,#8543,#8545,.T.);
#8543 = VERTEX_POINT('',#8544);
#8544 = CARTESIAN_POINT('',(91.221875,86.643333333333,2.));
#8545 = SURFACE_CURVE('',#8546,(#8550,#8556),.PCURVE_S1.);
#8546 = LINE('',#8547,#8548);
#8547 = CARTESIAN_POINT('',(88.6109375,86.643333333333,2.));
#8548 = VECTOR('',#8549,1.);
#8549 = DIRECTION('',(1.,0.,-0.));
#8550 = PCURVE('',#100,#8551);
#8551 = DEFINITIONAL_REPRESENTATION('',(#8552),#8555);
#8552 = B_SPLINE_CURVE_WITH_KNOTS('',1,(#8553,#8554),.UNSPECIFIED.,.F.,
  .F.,(2,2),(-67.627734375,2.6109375),.PIECEWISE_BEZIER_KNOTS.);
#8553 = CARTESIAN_POINT('',(-63.016796875,38.143333333333));
#8554 = CARTESIAN_POINT('',(7.221875,38.143333333333));
#8555 = ( GEOMETRIC_REPRESENTATION_CONTEXT(2) 
PARAMETRIC_REPRESENTATION_CONTEXT() REPRESENTATION_CONTEXT('2D SPACE',''
  ) );
#8556 = PCURVE('',#4023,#8557);
#8557 = DEFINITIONAL_REPRESENTATION('',(#8558),#8561);
#8558 = B_SPLINE_CURVE_WITH_KNOTS('',1,(#8559,#8560),.UNSPECIFIED.,.F.,
  .F.,(2,2),(-67.627734375,2.6109375),.PIECEWISE_BEZIER_KNOTS.);
#8559 = CARTESIAN_POINT('',(72.238671875,-3.));
#8560 = CARTESIAN_POINT('',(2.,-3.));
#8561 = ( GEOMETRIC_REPRESENTATION_CONTEXT(2) 
PARAMETRIC_REPRESENTATION_CONTEXT() REPRESENTATION_CONTEXT('2D SPACE',''
  ) );
#8562 = ORIENTED_EDGE('',*,*,#8563,.F.);
#8563 = EDGE_CURVE('',#8564,#8543,#8566,.T.);
#8564 = VERTEX_POINT('',#8565);
#8565 = CARTESIAN_POINT('',(93.221875,84.643333333333,2.));
#8566 = SURFACE_CURVE('',#8567,(#8572,#8579),.PCURVE_S1.);
#8567 = CIRCLE('',#8568,2.);
#8568 = AXIS2_PLACEMENT_3D('',#8569,#8570,#8571);
#8569 = CARTESIAN_POINT('',(91.221875,84.643333333333,2.));
#8570 = DIRECTION('',(0.,0.,1.));
#8571 = DIRECTION('',(1.,0.,-0.));
#8572 = PCURVE('',#100,#8573);
#8573 = DEFINITIONAL_REPRESENTATION('',(#8574),#8578);
#8574 = CIRCLE('',#8575,2.);
#8575 = AXIS2_PLACEMENT_2D('',#8576,#8577);
#8576 = CARTESIAN_POINT('',(7.221875,36.143333333333));
#8577 = DIRECTION('',(1.,0.));
#8578 = ( GEOMETRIC_REPRESENTATION_CONTEXT(2) 
PARAMETRIC_REPRESENTATION_CONTEXT() REPRESENTATION_CONTEXT('2D SPACE',''
  ) );
#8579 = PCURVE('',#4051,#8580);
#8580 = DEFINITIONAL_REPRESENTATION('',(#8581),#8585);
#8581 = LINE('',#8582,#8583);
#8582 = CARTESIAN_POINT('',(0.,3.));
#8583 = VECTOR('',#8584,1.);
#8584 = DIRECTION('',(1.,0.));
#8585 = ( GEOMETRIC_REPRESENTATION_CONTEXT(2) 
PARAMETRIC_REPRESENTATION_CONTEXT() REPRESENTATION_CONTEXT('2D SPACE',''
  ) );
#8586 = ORIENTED_EDGE('',*,*,#8587,.T.);
#8587 = EDGE_CURVE('',#8564,#8429,#8588,.T.);
#8588 = SURFACE_CURVE('',#8589,(#8593,#8599),.PCURVE_S1.);
#8589 = LINE('',#8590,#8591);
#8590 = CARTESIAN_POINT('',(93.221875,59.533333333333,2.));
#8591 = VECTOR('',#8592,1.);
#8592 = DIRECTION('',(0.,-1.,0.));
#8593 = PCURVE('',#100,#8594);
#8594 = DEFINITIONAL_REPRESENTATION('',(#8595),#8598);
#8595 = B_SPLINE_CURVE_WITH_KNOTS('',1,(#8596,#8597),.UNSPECIFIED.,.F.,
  .F.,(2,2),(-25.11,-13.03333333333),.PIECEWISE_BEZIER_KNOTS.);
#8596 = CARTESIAN_POINT('',(9.221875,36.143333333333));
#8597 = CARTESIAN_POINT('',(9.221875,24.066666666667));
#8598 = ( GEOMETRIC_REPRESENTATION_CONTEXT(2) 
PARAMETRIC_REPRESENTATION_CONTEXT() REPRESENTATION_CONTEXT('2D SPACE',''
  ) );
#8599 = PCURVE('',#4076,#8600);
#8600 = DEFINITIONAL_REPRESENTATION('',(#8601),#8604);
#8601 = B_SPLINE_CURVE_WITH_KNOTS('',1,(#8602,#8603),.UNSPECIFIED.,.F.,
  .F.,(2,2),(-25.11,-13.03333333333),.PIECEWISE_BEZIER_KNOTS.);
#8602 = CARTESIAN_POINT('',(14.076666666667,-3.));
#8603 = CARTESIAN_POINT('',(2.,-3.));
#8604 = ( GEOMETRIC_REPRESENTATION_CONTEXT(2) 
PARAMETRIC_REPRESENTATION_CONTEXT() REPRESENTATION_CONTEXT('2D SPACE',''
  ) );
#8605 = FACE_BOUND('',#8606,.T.);
#8606 = EDGE_LOOP('',(#8607));
#8607 = ORIENTED_EDGE('',*,*,#8608,.T.);
#8608 = EDGE_CURVE('',#8609,#8609,#8611,.T.);
#8609 = VERTEX_POINT('',#8610);
#8610 = CARTESIAN_POINT('',(105.2984375,50.01,2.));
#8611 = SURFACE_CURVE('',#8612,(#8617,#8628),.PCURVE_S1.);
#8612 = CIRCLE('',#8613,4.905859375);
#8613 = AXIS2_PLACEMENT_3D('',#8614,#8615,#8616);
#8614 = CARTESIAN_POINT('',(100.392578125,50.01,2.));
#8615 = DIRECTION('',(0.,0.,-1.));
#8616 = DIRECTION('',(1.,0.,0.));
#8617 = PCURVE('',#100,#8618);
#8618 = DEFINITIONAL_REPRESENTATION('',(#8619),#8627);
#8619 = ( BOUNDED_CURVE() B_SPLINE_CURVE(2,(#8620,#8621,#8622,#8623,
#8624,#8625,#8626),.UNSPECIFIED.,.T.,.F.) B_SPLINE_CURVE_WITH_KNOTS((1,2
    ,2,2,2,1),(-2.094395102393,0.,2.094395102393,4.188790204786,
6.28318530718,8.377580409573),.UNSPECIFIED.) CURVE() 
GEOMETRIC_REPRESENTATION_ITEM() RATIONAL_B_SPLINE_CURVE((1.,0.5,1.,0.5,
1.,0.5,1.)) REPRESENTATION_ITEM('') );
#8620 = CARTESIAN_POINT('',(21.2984375,1.51));
#8621 = CARTESIAN_POINT('',(21.2984375,-6.987197692288));
#8622 = CARTESIAN_POINT('',(13.9396484375,-2.738598846144));
#8623 = CARTESIAN_POINT('',(6.580859375,1.51));
#8624 = CARTESIAN_POINT('',(13.9396484375,5.758598846144));
#8625 = CARTESIAN_POINT('',(21.2984375,10.007197692288));
#8626 = CARTESIAN_POINT('',(21.2984375,1.51));
#8627 = ( GEOMETRIC_REPRESENTATION_CONTEXT(2) 
PARAMETRIC_REPRESENTATION_CONTEXT() REPRESENTATION_CONTEXT('2D SPACE',''
  ) );
#8628 = PCURVE('',#4110,#8629);
#8629 = DEFINITIONAL_REPRESENTATION('',(#8630),#8634);
#8630 = LINE('',#8631,#8632);
#8631 = CARTESIAN_POINT('',(-6.28318530718,-3.));
#8632 = VECTOR('',#8633,1.);
#8633 = DIRECTION('',(1.,-0.));
#8634 = ( GEOMETRIC_REPRESENTATION_CONTEXT(2) 
PARAMETRIC_REPRESENTATION_CONTEXT() REPRESENTATION_CONTEXT('2D SPACE',''
  ) );
#8635 = FACE_BOUND('',#8636,.T.);
#8636 = EDGE_LOOP('',(#8637));
#8637 = ORIENTED_EDGE('',*,*,#8638,.T.);
#8638 = EDGE_CURVE('',#8639,#8639,#8641,.T.);
#8639 = VERTEX_POINT('',#8640);
#8640 = CARTESIAN_POINT('',(105.2984375,65.06,2.));
#8641 = SURFACE_CURVE('',#8642,(#8647,#8658),.PCURVE_S1.);
#8642 = CIRCLE('',#8643,4.905859375);
#8643 = AXIS2_PLACEMENT_3D('',#8644,#8645,#8646);
#8644 = CARTESIAN_POINT('',(100.392578125,65.06,2.));
#8645 = DIRECTION('',(0.,0.,-1.));
#8646 = DIRECTION('',(1.,0.,0.));
#8647 = PCURVE('',#100,#8648);
#8648 = DEFINITIONAL_REPRESENTATION('',(#8649),#8657);
#8649 = ( BOUNDED_CURVE() B_SPLINE_CURVE(2,(#8650,#8651,#8652,#8653,
#8654,#8655,#8656),.UNSPECIFIED.,.T.,.F.) B_SPLINE_CURVE_WITH_KNOTS((1,2
    ,2,2,2,1),(-2.094395102393,0.,2.094395102393,4.188790204786,
6.28318530718,8.377580409573),.UNSPECIFIED.) CURVE() 
GEOMETRIC_REPRESENTATION_ITEM() RATIONAL_B_SPLINE_CURVE((1.,0.5,1.,0.5,
1.,0.5,1.)) REPRESENTATION_ITEM('') );
#8650 = CARTESIAN_POINT('',(21.2984375,16.56));
#8651 = CARTESIAN_POINT('',(21.2984375,8.062802307712));
#8652 = CARTESIAN_POINT('',(13.9396484375,12.311401153856));
#8653 = CARTESIAN_POINT('',(6.580859375,16.56));
#8654 = CARTESIAN_POINT('',(13.9396484375,20.808598846144));
#8655 = CARTESIAN_POINT('',(21.2984375,25.057197692288));
#8656 = CARTESIAN_POINT('',(21.2984375,16.56));
#8657 = ( GEOMETRIC_REPRESENTATION_CONTEXT(2) 
PARAMETRIC_REPRESENTATION_CONTEXT() REPRESENTATION_CONTEXT('2D SPACE',''
  ) );
#8658 = PCURVE('',#4145,#8659);
#8659 = DEFINITIONAL_REPRESENTATION('',(#8660),#8664);
#8660 = LINE('',#8661,#8662);
#8661 = CARTESIAN_POINT('',(-6.28318530718,-3.));
#8662 = VECTOR('',#8663,1.);
#8663 = DIRECTION('',(1.,-0.));
#8664 = ( GEOMETRIC_REPRESENTATION_CONTEXT(2) 
PARAMETRIC_REPRESENTATION_CONTEXT() REPRESENTATION_CONTEXT('2D SPACE',''
  ) );
#8665 = FACE_BOUND('',#8666,.T.);
#8666 = EDGE_LOOP('',(#8667,#8693,#8714,#8738,#8759,#8783,#8804,#8828));
#8667 = ORIENTED_EDGE('',*,*,#8668,.F.);
#8668 = EDGE_CURVE('',#8669,#8671,#8673,.T.);
#8669 = VERTEX_POINT('',#8670);
#8670 = CARTESIAN_POINT('',(147.516796875,43.476666666667,2.));
#8671 = VERTEX_POINT('',#8672);
#8672 = CARTESIAN_POINT('',(149.016796875,44.976666666667,2.));
#8673 = SURFACE_CURVE('',#8674,(#8679,#8686),.PCURVE_S1.);
#8674 = CIRCLE('',#8675,1.5);
#8675 = AXIS2_PLACEMENT_3D('',#8676,#8677,#8678);
#8676 = CARTESIAN_POINT('',(147.516796875,44.976666666667,2.));
#8677 = DIRECTION('',(0.,0.,1.));
#8678 = DIRECTION('',(0.,-1.,0.));
#8679 = PCURVE('',#100,#8680);
#8680 = DEFINITIONAL_REPRESENTATION('',(#8681),#8685);
#8681 = CIRCLE('',#8682,1.5);
#8682 = AXIS2_PLACEMENT_2D('',#8683,#8684);
#8683 = CARTESIAN_POINT('',(63.516796875,-3.523333333333));
#8684 = DIRECTION('',(0.,-1.));
#8685 = ( GEOMETRIC_REPRESENTATION_CONTEXT(2) 
PARAMETRIC_REPRESENTATION_CONTEXT() REPRESENTATION_CONTEXT('2D SPACE',''
  ) );
#8686 = PCURVE('',#4178,#8687);
#8687 = DEFINITIONAL_REPRESENTATION('',(#8688),#8692);
#8688 = LINE('',#8689,#8690);
#8689 = CARTESIAN_POINT('',(0.,3.));
#8690 = VECTOR('',#8691,1.);
#8691 = DIRECTION('',(1.,0.));
#8692 = ( GEOMETRIC_REPRESENTATION_CONTEXT(2) 
PARAMETRIC_REPRESENTATION_CONTEXT() REPRESENTATION_CONTEXT('2D SPACE',''
  ) );
#8693 = ORIENTED_EDGE('',*,*,#8694,.T.);
#8694 = EDGE_CURVE('',#8669,#8695,#8697,.T.);
#8695 = VERTEX_POINT('',#8696);
#8696 = CARTESIAN_POINT('',(109.06328125,43.476666666667,2.));
#8697 = SURFACE_CURVE('',#8698,(#8702,#8708),.PCURVE_S1.);
#8698 = LINE('',#8699,#8700);
#8699 = CARTESIAN_POINT('',(95.781640625,43.476666666667,2.));
#8700 = VECTOR('',#8701,1.);
#8701 = DIRECTION('',(-1.,0.,0.));
#8702 = PCURVE('',#100,#8703);
#8703 = DEFINITIONAL_REPRESENTATION('',(#8704),#8707);
#8704 = B_SPLINE_CURVE_WITH_KNOTS('',1,(#8705,#8706),.UNSPECIFIED.,.F.,
  .F.,(2,2),(-51.73515625,-13.281640625),.PIECEWISE_BEZIER_KNOTS.);
#8705 = CARTESIAN_POINT('',(63.516796875,-5.023333333333));
#8706 = CARTESIAN_POINT('',(25.06328125,-5.023333333333));
#8707 = ( GEOMETRIC_REPRESENTATION_CONTEXT(2) 
PARAMETRIC_REPRESENTATION_CONTEXT() REPRESENTATION_CONTEXT('2D SPACE',''
  ) );
#8708 = PCURVE('',#4205,#8709);
#8709 = DEFINITIONAL_REPRESENTATION('',(#8710),#8713);
#8710 = B_SPLINE_CURVE_WITH_KNOTS('',1,(#8711,#8712),.UNSPECIFIED.,.F.,
  .F.,(2,2),(-51.73515625,-13.281640625),.PIECEWISE_BEZIER_KNOTS.);
#8711 = CARTESIAN_POINT('',(39.953515625,-3.));
#8712 = CARTESIAN_POINT('',(1.5,-3.));
#8713 = ( GEOMETRIC_REPRESENTATION_CONTEXT(2) 
PARAMETRIC_REPRESENTATION_CONTEXT() REPRESENTATION_CONTEXT('2D SPACE',''
  ) );
#8714 = ORIENTED_EDGE('',*,*,#8715,.F.);
#8715 = EDGE_CURVE('',#8716,#8695,#8718,.T.);
#8716 = VERTEX_POINT('',#8717);
#8717 = CARTESIAN_POINT('',(107.56328125,44.976666666667,2.));
#8718 = SURFACE_CURVE('',#8719,(#8724,#8731),.PCURVE_S1.);
#8719 = CIRCLE('',#8720,1.5);
#8720 = AXIS2_PLACEMENT_3D('',#8721,#8722,#8723);
#8721 = CARTESIAN_POINT('',(109.06328125,44.976666666667,2.));
#8722 = DIRECTION('',(0.,0.,1.));
#8723 = DIRECTION('',(0.,-1.,0.));
#8724 = PCURVE('',#100,#8725);
#8725 = DEFINITIONAL_REPRESENTATION('',(#8726),#8730);
#8726 = CIRCLE('',#8727,1.5);
#8727 = AXIS2_PLACEMENT_2D('',#8728,#8729);
#8728 = CARTESIAN_POINT('',(25.06328125,-3.523333333333));
#8729 = DIRECTION('',(0.,-1.));
#8730 = ( GEOMETRIC_REPRESENTATION_CONTEXT(2) 
PARAMETRIC_REPRESENTATION_CONTEXT() REPRESENTATION_CONTEXT('2D SPACE',''
  ) );
#8731 = PCURVE('',#4233,#8732);
#8732 = DEFINITIONAL_REPRESENTATION('',(#8733),#8737);
#8733 = LINE('',#8734,#8735);
#8734 = CARTESIAN_POINT('',(-6.28318530718,3.));
#8735 = VECTOR('',#8736,1.);
#8736 = DIRECTION('',(1.,-0.));
#8737 = ( GEOMETRIC_REPRESENTATION_CONTEXT(2) 
PARAMETRIC_REPRESENTATION_CONTEXT() REPRESENTATION_CONTEXT('2D SPACE',''
  ) );
#8738 = ORIENTED_EDGE('',*,*,#8739,.T.);
#8739 = EDGE_CURVE('',#8716,#8740,#8742,.T.);
#8740 = VERTEX_POINT('',#8741);
#8741 = CARTESIAN_POINT('',(107.56328125,55.186666666667,2.));
#8742 = SURFACE_CURVE('',#8743,(#8747,#8753),.PCURVE_S1.);
#8743 = LINE('',#8744,#8745);
#8744 = CARTESIAN_POINT('',(107.56328125,52.593333333333,2.));
#8745 = VECTOR('',#8746,1.);
#8746 = DIRECTION('',(-0.,1.,0.));
#8747 = PCURVE('',#100,#8748);
#8748 = DEFINITIONAL_REPRESENTATION('',(#8749),#8752);
#8749 = B_SPLINE_CURVE_WITH_KNOTS('',1,(#8750,#8751),.UNSPECIFIED.,.F.,
  .F.,(2,2),(-7.616666666667,2.593333333333),.PIECEWISE_BEZIER_KNOTS.);
#8750 = CARTESIAN_POINT('',(23.56328125,-3.523333333333));
#8751 = CARTESIAN_POINT('',(23.56328125,6.686666666667));
#8752 = ( GEOMETRIC_REPRESENTATION_CONTEXT(2) 
PARAMETRIC_REPRESENTATION_CONTEXT() REPRESENTATION_CONTEXT('2D SPACE',''
  ) );
#8753 = PCURVE('',#4260,#8754);
#8754 = DEFINITIONAL_REPRESENTATION('',(#8755),#8758);
#8755 = B_SPLINE_CURVE_WITH_KNOTS('',1,(#8756,#8757),.UNSPECIFIED.,.F.,
  .F.,(2,2),(-7.616666666667,2.593333333333),.PIECEWISE_BEZIER_KNOTS.);
#8756 = CARTESIAN_POINT('',(11.71,-3.));
#8757 = CARTESIAN_POINT('',(1.5,-3.));
#8758 = ( GEOMETRIC_REPRESENTATION_CONTEXT(2) 
PARAMETRIC_REPRESENTATION_CONTEXT() REPRESENTATION_CONTEXT('2D SPACE',''
  ) );
#8759 = ORIENTED_EDGE('',*,*,#8760,.F.);
#8760 = EDGE_CURVE('',#8761,#8740,#8763,.T.);
#8761 = VERTEX_POINT('',#8762);
#8762 = CARTESIAN_POINT('',(109.06328125,56.686666666667,2.));
#8763 = SURFACE_CURVE('',#8764,(#8769,#8776),.PCURVE_S1.);
#8764 = CIRCLE('',#8765,1.5);
#8765 = AXIS2_PLACEMENT_3D('',#8766,#8767,#8768);
#8766 = CARTESIAN_POINT('',(109.06328125,55.186666666667,2.));
#8767 = DIRECTION('',(0.,0.,1.));
#8768 = DIRECTION('',(-0.,1.,0.));
#8769 = PCURVE('',#100,#8770);
#8770 = DEFINITIONAL_REPRESENTATION('',(#8771),#8775);
#8771 = CIRCLE('',#8772,1.5);
#8772 = AXIS2_PLACEMENT_2D('',#8773,#8774);
#8773 = CARTESIAN_POINT('',(25.06328125,6.686666666667));
#8774 = DIRECTION('',(0.,1.));
#8775 = ( GEOMETRIC_REPRESENTATION_CONTEXT(2) 
PARAMETRIC_REPRESENTATION_CONTEXT() REPRESENTATION_CONTEXT('2D SPACE',''
  ) );
#8776 = PCURVE('',#4288,#8777);
#8777 = DEFINITIONAL_REPRESENTATION('',(#8778),#8782);
#8778 = LINE('',#8779,#8780);
#8779 = CARTESIAN_POINT('',(0.,3.));
#8780 = VECTOR('',#8781,1.);
#8781 = DIRECTION('',(1.,0.));
#8782 = ( GEOMETRIC_REPRESENTATION_CONTEXT(2) 
PARAMETRIC_REPRESENTATION_CONTEXT() REPRESENTATION_CONTEXT('2D SPACE',''
  ) );
#8783 = ORIENTED_EDGE('',*,*,#8784,.T.);
#8784 = EDGE_CURVE('',#8761,#8785,#8787,.T.);
#8785 = VERTEX_POINT('',#8786);
#8786 = CARTESIAN_POINT('',(147.516796875,56.686666666667,2.));
#8787 = SURFACE_CURVE('',#8788,(#8792,#8798),.PCURVE_S1.);
#8788 = LINE('',#8789,#8790);
#8789 = CARTESIAN_POINT('',(116.5083984375,56.686666666667,2.));
#8790 = VECTOR('',#8791,1.);
#8791 = DIRECTION('',(1.,0.,-0.));
#8792 = PCURVE('',#100,#8793);
#8793 = DEFINITIONAL_REPRESENTATION('',(#8794),#8797);
#8794 = B_SPLINE_CURVE_WITH_KNOTS('',1,(#8795,#8796),.UNSPECIFIED.,.F.,
  .F.,(2,2),(-7.4451171875,31.0083984375),.PIECEWISE_BEZIER_KNOTS.);
#8795 = CARTESIAN_POINT('',(25.06328125,8.186666666667));
#8796 = CARTESIAN_POINT('',(63.516796875,8.186666666667));
#8797 = ( GEOMETRIC_REPRESENTATION_CONTEXT(2) 
PARAMETRIC_REPRESENTATION_CONTEXT() REPRESENTATION_CONTEXT('2D SPACE',''
  ) );
#8798 = PCURVE('',#4315,#8799);
#8799 = DEFINITIONAL_REPRESENTATION('',(#8800),#8803);
#8800 = B_SPLINE_CURVE_WITH_KNOTS('',1,(#8801,#8802),.UNSPECIFIED.,.F.,
  .F.,(2,2),(-7.4451171875,31.0083984375),.PIECEWISE_BEZIER_KNOTS.);
#8801 = CARTESIAN_POINT('',(39.953515625,-3.));
#8802 = CARTESIAN_POINT('',(1.5,-3.));
#8803 = ( GEOMETRIC_REPRESENTATION_CONTEXT(2) 
PARAMETRIC_REPRESENTATION_CONTEXT() REPRESENTATION_CONTEXT('2D SPACE',''
  ) );
#8804 = ORIENTED_EDGE('',*,*,#8805,.F.);
#8805 = EDGE_CURVE('',#8806,#8785,#8808,.T.);
#8806 = VERTEX_POINT('',#8807);
#8807 = CARTESIAN_POINT('',(149.016796875,55.186666666667,2.));
#8808 = SURFACE_CURVE('',#8809,(#8814,#8821),.PCURVE_S1.);
#8809 = CIRCLE('',#8810,1.5);
#8810 = AXIS2_PLACEMENT_3D('',#8811,#8812,#8813);
#8811 = CARTESIAN_POINT('',(147.516796875,55.186666666667,2.));
#8812 = DIRECTION('',(0.,0.,1.));
#8813 = DIRECTION('',(1.,0.,-0.));
#8814 = PCURVE('',#100,#8815);
#8815 = DEFINITIONAL_REPRESENTATION('',(#8816),#8820);
#8816 = CIRCLE('',#8817,1.5);
#8817 = AXIS2_PLACEMENT_2D('',#8818,#8819);
#8818 = CARTESIAN_POINT('',(63.516796875,6.686666666667));
#8819 = DIRECTION('',(1.,0.));
#8820 = ( GEOMETRIC_REPRESENTATION_CONTEXT(2) 
PARAMETRIC_REPRESENTATION_CONTEXT() REPRESENTATION_CONTEXT('2D SPACE',''
  ) );
#8821 = PCURVE('',#4343,#8822);
#8822 = DEFINITIONAL_REPRESENTATION('',(#8823),#8827);
#8823 = LINE('',#8824,#8825);
#8824 = CARTESIAN_POINT('',(0.,3.));
#8825 = VECTOR('',#8826,1.);
#8826 = DIRECTION('',(1.,0.));
#8827 = ( GEOMETRIC_REPRESENTATION_CONTEXT(2) 
PARAMETRIC_REPRESENTATION_CONTEXT() REPRESENTATION_CONTEXT('2D SPACE',''
  ) );
#8828 = ORIENTED_EDGE('',*,*,#8829,.T.);
#8829 = EDGE_CURVE('',#8806,#8671,#8830,.T.);
#8830 = SURFACE_CURVE('',#8831,(#8835,#8841),.PCURVE_S1.);
#8831 = LINE('',#8832,#8833);
#8832 = CARTESIAN_POINT('',(149.016796875,45.988333333333,2.));
#8833 = VECTOR('',#8834,1.);
#8834 = DIRECTION('',(0.,-1.,0.));
#8835 = PCURVE('',#100,#8836);
#8836 = DEFINITIONAL_REPRESENTATION('',(#8837),#8840);
#8837 = B_SPLINE_CURVE_WITH_KNOTS('',1,(#8838,#8839),.UNSPECIFIED.,.F.,
  .F.,(2,2),(-9.198333333333,1.011666666667),.PIECEWISE_BEZIER_KNOTS.);
#8838 = CARTESIAN_POINT('',(65.016796875,6.686666666667));
#8839 = CARTESIAN_POINT('',(65.016796875,-3.523333333333));
#8840 = ( GEOMETRIC_REPRESENTATION_CONTEXT(2) 
PARAMETRIC_REPRESENTATION_CONTEXT() REPRESENTATION_CONTEXT('2D SPACE',''
  ) );
#8841 = PCURVE('',#4368,#8842);
#8842 = DEFINITIONAL_REPRESENTATION('',(#8843),#8846);
#8843 = B_SPLINE_CURVE_WITH_KNOTS('',1,(#8844,#8845),.UNSPECIFIED.,.F.,
  .F.,(2,2),(-9.198333333333,1.011666666667),.PIECEWISE_BEZIER_KNOTS.);
#8844 = CARTESIAN_POINT('',(11.71,-3.));
#8845 = CARTESIAN_POINT('',(1.5,-3.));
#8846 = ( GEOMETRIC_REPRESENTATION_CONTEXT(2) 
PARAMETRIC_REPRESENTATION_CONTEXT() REPRESENTATION_CONTEXT('2D SPACE',''
  ) );
#8847 = FACE_BOUND('',#8848,.T.);
#8848 = EDGE_LOOP('',(#8849,#8875,#8896,#8920,#8941,#8965,#8986,#9010));
#8849 = ORIENTED_EDGE('',*,*,#8850,.F.);
#8850 = EDGE_CURVE('',#8851,#8853,#8855,.T.);
#8851 = VERTEX_POINT('',#8852);
#8852 = CARTESIAN_POINT('',(147.516796875,58.383333333333,2.));
#8853 = VERTEX_POINT('',#8854);
#8854 = CARTESIAN_POINT('',(149.016796875,59.883333333333,2.));
#8855 = SURFACE_CURVE('',#8856,(#8861,#8868),.PCURVE_S1.);
#8856 = CIRCLE('',#8857,1.5);
#8857 = AXIS2_PLACEMENT_3D('',#8858,#8859,#8860);
#8858 = CARTESIAN_POINT('',(147.516796875,59.883333333333,2.));
#8859 = DIRECTION('',(0.,0.,1.));
#8860 = DIRECTION('',(0.,-1.,0.));
#8861 = PCURVE('',#100,#8862);
#8862 = DEFINITIONAL_REPRESENTATION('',(#8863),#8867);
#8863 = CIRCLE('',#8864,1.5);
#8864 = AXIS2_PLACEMENT_2D('',#8865,#8866);
#8865 = CARTESIAN_POINT('',(63.516796875,11.383333333333));
#8866 = DIRECTION('',(0.,-1.));
#8867 = ( GEOMETRIC_REPRESENTATION_CONTEXT(2) 
PARAMETRIC_REPRESENTATION_CONTEXT() REPRESENTATION_CONTEXT('2D SPACE',''
  ) );
#8868 = PCURVE('',#4400,#8869);
#8869 = DEFINITIONAL_REPRESENTATION('',(#8870),#8874);
#8870 = LINE('',#8871,#8872);
#8871 = CARTESIAN_POINT('',(0.,3.));
#8872 = VECTOR('',#8873,1.);
#8873 = DIRECTION('',(1.,0.));
#8874 = ( GEOMETRIC_REPRESENTATION_CONTEXT(2) 
PARAMETRIC_REPRESENTATION_CONTEXT() REPRESENTATION_CONTEXT('2D SPACE',''
  ) );
#8875 = ORIENTED_EDGE('',*,*,#8876,.T.);
#8876 = EDGE_CURVE('',#8851,#8877,#8879,.T.);
#8877 = VERTEX_POINT('',#8878);
#8878 = CARTESIAN_POINT('',(109.06328125,58.383333333333,2.));
#8879 = SURFACE_CURVE('',#8880,(#8884,#8890),.PCURVE_S1.);
#8880 = LINE('',#8881,#8882);
#8881 = CARTESIAN_POINT('',(95.781640625,58.383333333333,2.));
#8882 = VECTOR('',#8883,1.);
#8883 = DIRECTION('',(-1.,0.,0.));
#8884 = PCURVE('',#100,#8885);
#8885 = DEFINITIONAL_REPRESENTATION('',(#8886),#8889);
#8886 = B_SPLINE_CURVE_WITH_KNOTS('',1,(#8887,#8888),.UNSPECIFIED.,.F.,
  .F.,(2,2),(-51.73515625,-13.281640625),.PIECEWISE_BEZIER_KNOTS.);
#8887 = CARTESIAN_POINT('',(63.516796875,9.883333333333));
#8888 = CARTESIAN_POINT('',(25.06328125,9.883333333333));
#8889 = ( GEOMETRIC_REPRESENTATION_CONTEXT(2) 
PARAMETRIC_REPRESENTATION_CONTEXT() REPRESENTATION_CONTEXT('2D SPACE',''
  ) );
#8890 = PCURVE('',#4427,#8891);
#8891 = DEFINITIONAL_REPRESENTATION('',(#8892),#8895);
#8892 = B_SPLINE_CURVE_WITH_KNOTS('',1,(#8893,#8894),.UNSPECIFIED.,.F.,
  .F.,(2,2),(-51.73515625,-13.281640625),.PIECEWISE_BEZIER_KNOTS.);
#8893 = CARTESIAN_POINT('',(39.953515625,-3.));
#8894 = CARTESIAN_POINT('',(1.5,-3.));
#8895 = ( GEOMETRIC_REPRESENTATION_CONTEXT(2) 
PARAMETRIC_REPRESENTATION_CONTEXT() REPRESENTATION_CONTEXT('2D SPACE',''
  ) );
#8896 = ORIENTED_EDGE('',*,*,#8897,.F.);
#8897 = EDGE_CURVE('',#8898,#8877,#8900,.T.);
#8898 = VERTEX_POINT('',#8899);
#8899 = CARTESIAN_POINT('',(107.56328125,59.883333333333,2.));
#8900 = SURFACE_CURVE('',#8901,(#8906,#8913),.PCURVE_S1.);
#8901 = CIRCLE('',#8902,1.5);
#8902 = AXIS2_PLACEMENT_3D('',#8903,#8904,#8905);
#8903 = CARTESIAN_POINT('',(109.06328125,59.883333333333,2.));
#8904 = DIRECTION('',(0.,0.,1.));
#8905 = DIRECTION('',(0.,-1.,0.));
#8906 = PCURVE('',#100,#8907);
#8907 = DEFINITIONAL_REPRESENTATION('',(#8908),#8912);
#8908 = CIRCLE('',#8909,1.5);
#8909 = AXIS2_PLACEMENT_2D('',#8910,#8911);
#8910 = CARTESIAN_POINT('',(25.06328125,11.383333333333));
#8911 = DIRECTION('',(0.,-1.));
#8912 = ( GEOMETRIC_REPRESENTATION_CONTEXT(2) 
PARAMETRIC_REPRESENTATION_CONTEXT() REPRESENTATION_CONTEXT('2D SPACE',''
  ) );
#8913 = PCURVE('',#4455,#8914);
#8914 = DEFINITIONAL_REPRESENTATION('',(#8915),#8919);
#8915 = LINE('',#8916,#8917);
#8916 = CARTESIAN_POINT('',(-6.28318530718,3.));
#8917 = VECTOR('',#8918,1.);
#8918 = DIRECTION('',(1.,-0.));
#8919 = ( GEOMETRIC_REPRESENTATION_CONTEXT(2) 
PARAMETRIC_REPRESENTATION_CONTEXT() REPRESENTATION_CONTEXT('2D SPACE',''
  ) );
#8920 = ORIENTED_EDGE('',*,*,#8921,.T.);
#8921 = EDGE_CURVE('',#8898,#8922,#8924,.T.);
#8922 = VERTEX_POINT('',#8923);
#8923 = CARTESIAN_POINT('',(107.56328125,70.093333333333,2.));
#8924 = SURFACE_CURVE('',#8925,(#8929,#8935),.PCURVE_S1.);
#8925 = LINE('',#8926,#8927);
#8926 = CARTESIAN_POINT('',(107.56328125,60.046666666667,2.));
#8927 = VECTOR('',#8928,1.);
#8928 = DIRECTION('',(-0.,1.,0.));
#8929 = PCURVE('',#100,#8930);
#8930 = DEFINITIONAL_REPRESENTATION('',(#8931),#8934);
#8931 = B_SPLINE_CURVE_WITH_KNOTS('',1,(#8932,#8933),.UNSPECIFIED.,.F.,
  .F.,(2,2),(-0.163333333333,10.046666666667),.PIECEWISE_BEZIER_KNOTS.);
#8932 = CARTESIAN_POINT('',(23.56328125,11.383333333333));
#8933 = CARTESIAN_POINT('',(23.56328125,21.593333333333));
#8934 = ( GEOMETRIC_REPRESENTATION_CONTEXT(2) 
PARAMETRIC_REPRESENTATION_CONTEXT() REPRESENTATION_CONTEXT('2D SPACE',''
  ) );
#8935 = PCURVE('',#4482,#8936);
#8936 = DEFINITIONAL_REPRESENTATION('',(#8937),#8940);
#8937 = B_SPLINE_CURVE_WITH_KNOTS('',1,(#8938,#8939),.UNSPECIFIED.,.F.,
  .F.,(2,2),(-0.163333333333,10.046666666667),.PIECEWISE_BEZIER_KNOTS.);
#8938 = CARTESIAN_POINT('',(11.71,-3.));
#8939 = CARTESIAN_POINT('',(1.5,-3.));
#8940 = ( GEOMETRIC_REPRESENTATION_CONTEXT(2) 
PARAMETRIC_REPRESENTATION_CONTEXT() REPRESENTATION_CONTEXT('2D SPACE',''
  ) );
#8941 = ORIENTED_EDGE('',*,*,#8942,.F.);
#8942 = EDGE_CURVE('',#8943,#8922,#8945,.T.);
#8943 = VERTEX_POINT('',#8944);
#8944 = CARTESIAN_POINT('',(109.06328125,71.593333333333,2.));
#8945 = SURFACE_CURVE('',#8946,(#8951,#8958),.PCURVE_S1.);
#8946 = CIRCLE('',#8947,1.5);
#8947 = AXIS2_PLACEMENT_3D('',#8948,#8949,#8950);
#8948 = CARTESIAN_POINT('',(109.06328125,70.093333333333,2.));
#8949 = DIRECTION('',(0.,0.,1.));
#8950 = DIRECTION('',(-0.,1.,0.));
#8951 = PCURVE('',#100,#8952);
#8952 = DEFINITIONAL_REPRESENTATION('',(#8953),#8957);
#8953 = CIRCLE('',#8954,1.5);
#8954 = AXIS2_PLACEMENT_2D('',#8955,#8956);
#8955 = CARTESIAN_POINT('',(25.06328125,21.593333333333));
#8956 = DIRECTION('',(0.,1.));
#8957 = ( GEOMETRIC_REPRESENTATION_CONTEXT(2) 
PARAMETRIC_REPRESENTATION_CONTEXT() REPRESENTATION_CONTEXT('2D SPACE',''
  ) );
#8958 = PCURVE('',#4510,#8959);
#8959 = DEFINITIONAL_REPRESENTATION('',(#8960),#8964);
#8960 = LINE('',#8961,#8962);
#8961 = CARTESIAN_POINT('',(0.,3.));
#8962 = VECTOR('',#8963,1.);
#8963 = DIRECTION('',(1.,0.));
#8964 = ( GEOMETRIC_REPRESENTATION_CONTEXT(2) 
PARAMETRIC_REPRESENTATION_CONTEXT() REPRESENTATION_CONTEXT('2D SPACE',''
  ) );
#8965 = ORIENTED_EDGE('',*,*,#8966,.T.);
#8966 = EDGE_CURVE('',#8943,#8967,#8969,.T.);
#8967 = VERTEX_POINT('',#8968);
#8968 = CARTESIAN_POINT('',(147.516796875,71.593333333333,2.));
#8969 = SURFACE_CURVE('',#8970,(#8974,#8980),.PCURVE_S1.);
#8970 = LINE('',#8971,#8972);
#8971 = CARTESIAN_POINT('',(116.5083984375,71.593333333333,2.));
#8972 = VECTOR('',#8973,1.);
#8973 = DIRECTION('',(1.,0.,-0.));
#8974 = PCURVE('',#100,#8975);
#8975 = DEFINITIONAL_REPRESENTATION('',(#8976),#8979);
#8976 = B_SPLINE_CURVE_WITH_KNOTS('',1,(#8977,#8978),.UNSPECIFIED.,.F.,
  .F.,(2,2),(-7.4451171875,31.0083984375),.PIECEWISE_BEZIER_KNOTS.);
#8977 = CARTESIAN_POINT('',(25.06328125,23.093333333333));
#8978 = CARTESIAN_POINT('',(63.516796875,23.093333333333));
#8979 = ( GEOMETRIC_REPRESENTATION_CONTEXT(2) 
PARAMETRIC_REPRESENTATION_CONTEXT() REPRESENTATION_CONTEXT('2D SPACE',''
  ) );
#8980 = PCURVE('',#4537,#8981);
#8981 = DEFINITIONAL_REPRESENTATION('',(#8982),#8985);
#8982 = B_SPLINE_CURVE_WITH_KNOTS('',1,(#8983,#8984),.UNSPECIFIED.,.F.,
  .F.,(2,2),(-7.4451171875,31.0083984375),.PIECEWISE_BEZIER_KNOTS.);
#8983 = CARTESIAN_POINT('',(39.953515625,-3.));
#8984 = CARTESIAN_POINT('',(1.5,-3.));
#8985 = ( GEOMETRIC_REPRESENTATION_CONTEXT(2) 
PARAMETRIC_REPRESENTATION_CONTEXT() REPRESENTATION_CONTEXT('2D SPACE',''
  ) );
#8986 = ORIENTED_EDGE('',*,*,#8987,.F.);
#8987 = EDGE_CURVE('',#8988,#8967,#8990,.T.);
#8988 = VERTEX_POINT('',#8989);
#8989 = CARTESIAN_POINT('',(149.016796875,70.093333333333,2.));
#8990 = SURFACE_CURVE('',#8991,(#8996,#9003),.PCURVE_S1.);
#8991 = CIRCLE('',#8992,1.5);
#8992 = AXIS2_PLACEMENT_3D('',#8993,#8994,#8995);
#8993 = CARTESIAN_POINT('',(147.516796875,70.093333333333,2.));
#8994 = DIRECTION('',(0.,0.,1.));
#8995 = DIRECTION('',(1.,0.,-0.));
#8996 = PCURVE('',#100,#8997);
#8997 = DEFINITIONAL_REPRESENTATION('',(#8998),#9002);
#8998 = CIRCLE('',#8999,1.5);
#8999 = AXIS2_PLACEMENT_2D('',#9000,#9001);
#9000 = CARTESIAN_POINT('',(63.516796875,21.593333333333));
#9001 = DIRECTION('',(1.,0.));
#9002 = ( GEOMETRIC_REPRESENTATION_CONTEXT(2) 
PARAMETRIC_REPRESENTATION_CONTEXT() REPRESENTATION_CONTEXT('2D SPACE',''
  ) );
#9003 = PCURVE('',#4565,#9004);
#9004 = DEFINITIONAL_REPRESENTATION('',(#9005),#9009);
#9005 = LINE('',#9006,#9007);
#9006 = CARTESIAN_POINT('',(0.,3.));
#9007 = VECTOR('',#9008,1.);
#9008 = DIRECTION('',(1.,0.));
#9009 = ( GEOMETRIC_REPRESENTATION_CONTEXT(2) 
PARAMETRIC_REPRESENTATION_CONTEXT() REPRESENTATION_CONTEXT('2D SPACE',''
  ) );
#9010 = ORIENTED_EDGE('',*,*,#9011,.T.);
#9011 = EDGE_CURVE('',#8988,#8853,#9012,.T.);
#9012 = SURFACE_CURVE('',#9013,(#9017,#9023),.PCURVE_S1.);
#9013 = LINE('',#9014,#9015);
#9014 = CARTESIAN_POINT('',(149.016796875,53.441666666667,2.));
#9015 = VECTOR('',#9016,1.);
#9016 = DIRECTION('',(0.,-1.,0.));
#9017 = PCURVE('',#100,#9018);
#9018 = DEFINITIONAL_REPRESENTATION('',(#9019),#9022);
#9019 = B_SPLINE_CURVE_WITH_KNOTS('',1,(#9020,#9021),.UNSPECIFIED.,.F.,
  .F.,(2,2),(-16.65166666666,-6.441666666667),.PIECEWISE_BEZIER_KNOTS.);
#9020 = CARTESIAN_POINT('',(65.016796875,21.593333333333));
#9021 = CARTESIAN_POINT('',(65.016796875,11.383333333333));
#9022 = ( GEOMETRIC_REPRESENTATION_CONTEXT(2) 
PARAMETRIC_REPRESENTATION_CONTEXT() REPRESENTATION_CONTEXT('2D SPACE',''
  ) );
#9023 = PCURVE('',#4590,#9024);
#9024 = DEFINITIONAL_REPRESENTATION('',(#9025),#9028);
#9025 = B_SPLINE_CURVE_WITH_KNOTS('',1,(#9026,#9027),.UNSPECIFIED.,.F.,
  .F.,(2,2),(-16.65166666666,-6.441666666667),.PIECEWISE_BEZIER_KNOTS.);
#9026 = CARTESIAN_POINT('',(11.71,-3.));
#9027 = CARTESIAN_POINT('',(1.5,-3.));
#9028 = ( GEOMETRIC_REPRESENTATION_CONTEXT(2) 
PARAMETRIC_REPRESENTATION_CONTEXT() REPRESENTATION_CONTEXT('2D SPACE',''
  ) );
#9029 = FACE_BOUND('',#9030,.T.);
#9030 = EDGE_LOOP('',(#9031));
#9031 = ORIENTED_EDGE('',*,*,#9032,.T.);
#9032 = EDGE_CURVE('',#9033,#9033,#9035,.T.);
#9033 = VERTEX_POINT('',#9034);
#9034 = CARTESIAN_POINT('',(105.2984375,80.11,2.));
#9035 = SURFACE_CURVE('',#9036,(#9041,#9052),.PCURVE_S1.);
#9036 = CIRCLE('',#9037,4.905859375);
#9037 = AXIS2_PLACEMENT_3D('',#9038,#9039,#9040);
#9038 = CARTESIAN_POINT('',(100.392578125,80.11,2.));
#9039 = DIRECTION('',(0.,0.,-1.));
#9040 = DIRECTION('',(1.,0.,0.));
#9041 = PCURVE('',#100,#9042);
#9042 = DEFINITIONAL_REPRESENTATION('',(#9043),#9051);
#9043 = ( BOUNDED_CURVE() B_SPLINE_CURVE(2,(#9044,#9045,#9046,#9047,
#9048,#9049,#9050),.UNSPECIFIED.,.T.,.F.) B_SPLINE_CURVE_WITH_KNOTS((1,2
    ,2,2,2,1),(-2.094395102393,0.,2.094395102393,4.188790204786,
6.28318530718,8.377580409573),.UNSPECIFIED.) CURVE() 
GEOMETRIC_REPRESENTATION_ITEM() RATIONAL_B_SPLINE_CURVE((1.,0.5,1.,0.5,
1.,0.5,1.)) REPRESENTATION_ITEM('') );
#9044 = CARTESIAN_POINT('',(21.2984375,31.61));
#9045 = CARTESIAN_POINT('',(21.2984375,23.112802307712));
#9046 = CARTESIAN_POINT('',(13.9396484375,27.361401153856));
#9047 = CARTESIAN_POINT('',(6.580859375,31.61));
#9048 = CARTESIAN_POINT('',(13.9396484375,35.858598846144));
#9049 = CARTESIAN_POINT('',(21.2984375,40.107197692288));
#9050 = CARTESIAN_POINT('',(21.2984375,31.61));
#9051 = ( GEOMETRIC_REPRESENTATION_CONTEXT(2) 
PARAMETRIC_REPRESENTATION_CONTEXT() REPRESENTATION_CONTEXT('2D SPACE',''
  ) );
#9052 = PCURVE('',#4624,#9053);
#9053 = DEFINITIONAL_REPRESENTATION('',(#9054),#9058);
#9054 = LINE('',#9055,#9056);
#9055 = CARTESIAN_POINT('',(-6.28318530718,-3.));
#9056 = VECTOR('',#9057,1.);
#9057 = DIRECTION('',(1.,-0.));
#9058 = ( GEOMETRIC_REPRESENTATION_CONTEXT(2) 
PARAMETRIC_REPRESENTATION_CONTEXT() REPRESENTATION_CONTEXT('2D SPACE',''
  ) );
#9059 = FACE_BOUND('',#9060,.T.);
#9060 = EDGE_LOOP('',(#9061,#9087,#9108,#9132,#9153,#9177,#9198,#9222));
#9061 = ORIENTED_EDGE('',*,*,#9062,.F.);
#9062 = EDGE_CURVE('',#9063,#9065,#9067,.T.);
#9063 = VERTEX_POINT('',#9064);
#9064 = CARTESIAN_POINT('',(158.09296875,70.423333333333,2.));
#9065 = VERTEX_POINT('',#9066);
#9066 = CARTESIAN_POINT('',(159.09296875,71.423333333333,2.));
#9067 = SURFACE_CURVE('',#9068,(#9073,#9080),.PCURVE_S1.);
#9068 = CIRCLE('',#9069,1.);
#9069 = AXIS2_PLACEMENT_3D('',#9070,#9071,#9072);
#9070 = CARTESIAN_POINT('',(158.09296875,71.423333333333,2.));
#9071 = DIRECTION('',(0.,0.,1.));
#9072 = DIRECTION('',(0.,-1.,0.));
#9073 = PCURVE('',#100,#9074);
#9074 = DEFINITIONAL_REPRESENTATION('',(#9075),#9079);
#9075 = CIRCLE('',#9076,1.);
#9076 = AXIS2_PLACEMENT_2D('',#9077,#9078);
#9077 = CARTESIAN_POINT('',(74.09296875,22.923333333333));
#9078 = DIRECTION('',(0.,-1.));
#9079 = ( GEOMETRIC_REPRESENTATION_CONTEXT(2) 
PARAMETRIC_REPRESENTATION_CONTEXT() REPRESENTATION_CONTEXT('2D SPACE',''
  ) );
#9080 = PCURVE('',#4657,#9081);
#9081 = DEFINITIONAL_REPRESENTATION('',(#9082),#9086);
#9082 = LINE('',#9083,#9084);
#9083 = CARTESIAN_POINT('',(0.,3.));
#9084 = VECTOR('',#9085,1.);
#9085 = DIRECTION('',(1.,0.));
#9086 = ( GEOMETRIC_REPRESENTATION_CONTEXT(2) 
PARAMETRIC_REPRESENTATION_CONTEXT() REPRESENTATION_CONTEXT('2D SPACE',''
  ) );
#9087 = ORIENTED_EDGE('',*,*,#9088,.T.);
#9088 = EDGE_CURVE('',#9063,#9089,#9091,.T.);
#9089 = VERTEX_POINT('',#9090);
#9090 = CARTESIAN_POINT('',(150.67265625,70.423333333333,2.));
#9091 = SURFACE_CURVE('',#9092,(#9096,#9102),.PCURVE_S1.);
#9092 = LINE('',#9093,#9094);
#9093 = CARTESIAN_POINT('',(116.836328125,70.423333333333,2.));
#9094 = VECTOR('',#9095,1.);
#9095 = DIRECTION('',(-1.,0.,0.));
#9096 = PCURVE('',#100,#9097);
#9097 = DEFINITIONAL_REPRESENTATION('',(#9098),#9101);
#9098 = B_SPLINE_CURVE_WITH_KNOTS('',1,(#9099,#9100),.UNSPECIFIED.,.F.,
  .F.,(2,2),(-41.256640625,-33.836328125),.PIECEWISE_BEZIER_KNOTS.);
#9099 = CARTESIAN_POINT('',(74.09296875,21.923333333333));
#9100 = CARTESIAN_POINT('',(66.67265625,21.923333333333));
#9101 = ( GEOMETRIC_REPRESENTATION_CONTEXT(2) 
PARAMETRIC_REPRESENTATION_CONTEXT() REPRESENTATION_CONTEXT('2D SPACE',''
  ) );
#9102 = PCURVE('',#4684,#9103);
#9103 = DEFINITIONAL_REPRESENTATION('',(#9104),#9107);
#9104 = B_SPLINE_CURVE_WITH_KNOTS('',1,(#9105,#9106),.UNSPECIFIED.,.F.,
  .F.,(2,2),(-41.256640625,-33.836328125),.PIECEWISE_BEZIER_KNOTS.);
#9105 = CARTESIAN_POINT('',(8.4203125,-3.));
#9106 = CARTESIAN_POINT('',(1.,-3.));
#9107 = ( GEOMETRIC_REPRESENTATION_CONTEXT(2) 
PARAMETRIC_REPRESENTATION_CONTEXT() REPRESENTATION_CONTEXT('2D SPACE',''
  ) );
#9108 = ORIENTED_EDGE('',*,*,#9109,.F.);
#9109 = EDGE_CURVE('',#9110,#9089,#9112,.T.);
#9110 = VERTEX_POINT('',#9111);
#9111 = CARTESIAN_POINT('',(149.67265625,71.423333333333,2.));
#9112 = SURFACE_CURVE('',#9113,(#9118,#9125),.PCURVE_S1.);
#9113 = CIRCLE('',#9114,1.);
#9114 = AXIS2_PLACEMENT_3D('',#9115,#9116,#9117);
#9115 = CARTESIAN_POINT('',(150.67265625,71.423333333333,2.));
#9116 = DIRECTION('',(0.,0.,1.));
#9117 = DIRECTION('',(0.,-1.,0.));
#9118 = PCURVE('',#100,#9119);
#9119 = DEFINITIONAL_REPRESENTATION('',(#9120),#9124);
#9120 = CIRCLE('',#9121,1.);
#9121 = AXIS2_PLACEMENT_2D('',#9122,#9123);
#9122 = CARTESIAN_POINT('',(66.67265625,22.923333333333));
#9123 = DIRECTION('',(0.,-1.));
#9124 = ( GEOMETRIC_REPRESENTATION_CONTEXT(2) 
PARAMETRIC_REPRESENTATION_CONTEXT() REPRESENTATION_CONTEXT('2D SPACE',''
  ) );
#9125 = PCURVE('',#4712,#9126);
#9126 = DEFINITIONAL_REPRESENTATION('',(#9127),#9131);
#9127 = LINE('',#9128,#9129);
#9128 = CARTESIAN_POINT('',(-6.28318530718,3.));
#9129 = VECTOR('',#9130,1.);
#9130 = DIRECTION('',(1.,-0.));
#9131 = ( GEOMETRIC_REPRESENTATION_CONTEXT(2) 
PARAMETRIC_REPRESENTATION_CONTEXT() REPRESENTATION_CONTEXT('2D SPACE',''
  ) );
#9132 = ORIENTED_EDGE('',*,*,#9133,.T.);
#9133 = EDGE_CURVE('',#9110,#9134,#9136,.T.);
#9134 = VERTEX_POINT('',#9135);
#9135 = CARTESIAN_POINT('',(149.67265625,76.47,2.));
#9136 = SURFACE_CURVE('',#9137,(#9141,#9147),.PCURVE_S1.);
#9137 = LINE('',#9138,#9139);
#9138 = CARTESIAN_POINT('',(149.67265625,62.985,2.));
#9139 = VECTOR('',#9140,1.);
#9140 = DIRECTION('',(-0.,1.,0.));
#9141 = PCURVE('',#100,#9142);
#9142 = DEFINITIONAL_REPRESENTATION('',(#9143),#9146);
#9143 = B_SPLINE_CURVE_WITH_KNOTS('',1,(#9144,#9145),.UNSPECIFIED.,.F.,
  .F.,(2,2),(8.438333333333,13.485),.PIECEWISE_BEZIER_KNOTS.);
#9144 = CARTESIAN_POINT('',(65.67265625,22.923333333333));
#9145 = CARTESIAN_POINT('',(65.67265625,27.97));
#9146 = ( GEOMETRIC_REPRESENTATION_CONTEXT(2) 
PARAMETRIC_REPRESENTATION_CONTEXT() REPRESENTATION_CONTEXT('2D SPACE',''
  ) );
#9147 = PCURVE('',#4739,#9148);
#9148 = DEFINITIONAL_REPRESENTATION('',(#9149),#9152);
#9149 = B_SPLINE_CURVE_WITH_KNOTS('',1,(#9150,#9151),.UNSPECIFIED.,.F.,
  .F.,(2,2),(8.438333333333,13.485),.PIECEWISE_BEZIER_KNOTS.);
#9150 = CARTESIAN_POINT('',(6.046666666667,-3.));
#9151 = CARTESIAN_POINT('',(1.,-3.));
#9152 = ( GEOMETRIC_REPRESENTATION_CONTEXT(2) 
PARAMETRIC_REPRESENTATION_CONTEXT() REPRESENTATION_CONTEXT('2D SPACE',''
  ) );
#9153 = ORIENTED_EDGE('',*,*,#9154,.F.);
#9154 = EDGE_CURVE('',#9155,#9134,#9157,.T.);
#9155 = VERTEX_POINT('',#9156);
#9156 = CARTESIAN_POINT('',(150.67265625,77.47,2.));
#9157 = SURFACE_CURVE('',#9158,(#9163,#9170),.PCURVE_S1.);
#9158 = CIRCLE('',#9159,1.);
#9159 = AXIS2_PLACEMENT_3D('',#9160,#9161,#9162);
#9160 = CARTESIAN_POINT('',(150.67265625,76.47,2.));
#9161 = DIRECTION('',(0.,0.,1.));
#9162 = DIRECTION('',(-0.,1.,0.));
#9163 = PCURVE('',#100,#9164);
#9164 = DEFINITIONAL_REPRESENTATION('',(#9165),#9169);
#9165 = CIRCLE('',#9166,1.);
#9166 = AXIS2_PLACEMENT_2D('',#9167,#9168);
#9167 = CARTESIAN_POINT('',(66.67265625,27.97));
#9168 = DIRECTION('',(0.,1.));
#9169 = ( GEOMETRIC_REPRESENTATION_CONTEXT(2) 
PARAMETRIC_REPRESENTATION_CONTEXT() REPRESENTATION_CONTEXT('2D SPACE',''
  ) );
#9170 = PCURVE('',#4767,#9171);
#9171 = DEFINITIONAL_REPRESENTATION('',(#9172),#9176);
#9172 = LINE('',#9173,#9174);
#9173 = CARTESIAN_POINT('',(0.,3.));
#9174 = VECTOR('',#9175,1.);
#9175 = DIRECTION('',(1.,0.));
#9176 = ( GEOMETRIC_REPRESENTATION_CONTEXT(2) 
PARAMETRIC_REPRESENTATION_CONTEXT() REPRESENTATION_CONTEXT('2D SPACE',''
  ) );
#9177 = ORIENTED_EDGE('',*,*,#9178,.T.);
#9178 = EDGE_CURVE('',#9155,#9179,#9181,.T.);
#9179 = VERTEX_POINT('',#9180);
#9180 = CARTESIAN_POINT('',(158.09296875,77.47,2.));
#9181 = SURFACE_CURVE('',#9182,(#9186,#9192),.PCURVE_S1.);
#9182 = LINE('',#9183,#9184);
#9183 = CARTESIAN_POINT('',(121.546484375,77.47,2.));
#9184 = VECTOR('',#9185,1.);
#9185 = DIRECTION('',(1.,0.,-0.));
#9186 = PCURVE('',#100,#9187);
#9187 = DEFINITIONAL_REPRESENTATION('',(#9188),#9191);
#9188 = B_SPLINE_CURVE_WITH_KNOTS('',1,(#9189,#9190),.UNSPECIFIED.,.F.,
  .F.,(2,2),(29.126171875,36.546484375),.PIECEWISE_BEZIER_KNOTS.);
#9189 = CARTESIAN_POINT('',(66.67265625,28.97));
#9190 = CARTESIAN_POINT('',(74.09296875,28.97));
#9191 = ( GEOMETRIC_REPRESENTATION_CONTEXT(2) 
PARAMETRIC_REPRESENTATION_CONTEXT() REPRESENTATION_CONTEXT('2D SPACE',''
  ) );
#9192 = PCURVE('',#4794,#9193);
#9193 = DEFINITIONAL_REPRESENTATION('',(#9194),#9197);
#9194 = B_SPLINE_CURVE_WITH_KNOTS('',1,(#9195,#9196),.UNSPECIFIED.,.F.,
  .F.,(2,2),(29.126171875,36.546484375),.PIECEWISE_BEZIER_KNOTS.);
#9195 = CARTESIAN_POINT('',(8.4203125,-3.));
#9196 = CARTESIAN_POINT('',(1.,-3.));
#9197 = ( GEOMETRIC_REPRESENTATION_CONTEXT(2) 
PARAMETRIC_REPRESENTATION_CONTEXT() REPRESENTATION_CONTEXT('2D SPACE',''
  ) );
#9198 = ORIENTED_EDGE('',*,*,#9199,.F.);
#9199 = EDGE_CURVE('',#9200,#9179,#9202,.T.);
#9200 = VERTEX_POINT('',#9201);
#9201 = CARTESIAN_POINT('',(159.09296875,76.47,2.));
#9202 = SURFACE_CURVE('',#9203,(#9208,#9215),.PCURVE_S1.);
#9203 = CIRCLE('',#9204,1.);
#9204 = AXIS2_PLACEMENT_3D('',#9205,#9206,#9207);
#9205 = CARTESIAN_POINT('',(158.09296875,76.47,2.));
#9206 = DIRECTION('',(0.,0.,1.));
#9207 = DIRECTION('',(1.,0.,-0.));
#9208 = PCURVE('',#100,#9209);
#9209 = DEFINITIONAL_REPRESENTATION('',(#9210),#9214);
#9210 = CIRCLE('',#9211,1.);
#9211 = AXIS2_PLACEMENT_2D('',#9212,#9213);
#9212 = CARTESIAN_POINT('',(74.09296875,27.97));
#9213 = DIRECTION('',(1.,0.));
#9214 = ( GEOMETRIC_REPRESENTATION_CONTEXT(2) 
PARAMETRIC_REPRESENTATION_CONTEXT() REPRESENTATION_CONTEXT('2D SPACE',''
  ) );
#9215 = PCURVE('',#4822,#9216);
#9216 = DEFINITIONAL_REPRESENTATION('',(#9217),#9221);
#9217 = LINE('',#9218,#9219);
#9218 = CARTESIAN_POINT('',(0.,3.));
#9219 = VECTOR('',#9220,1.);
#9220 = DIRECTION('',(1.,0.));
#9221 = ( GEOMETRIC_REPRESENTATION_CONTEXT(2) 
PARAMETRIC_REPRESENTATION_CONTEXT() REPRESENTATION_CONTEXT('2D SPACE',''
  ) );
#9222 = ORIENTED_EDGE('',*,*,#9223,.T.);
#9223 = EDGE_CURVE('',#9200,#9065,#9224,.T.);
#9224 = SURFACE_CURVE('',#9225,(#9229,#9235),.PCURVE_S1.);
#9225 = LINE('',#9226,#9227);
#9226 = CARTESIAN_POINT('',(159.09296875,59.461666666667,2.));
#9227 = VECTOR('',#9228,1.);
#9228 = DIRECTION('',(0.,-1.,0.));
#9229 = PCURVE('',#100,#9230);
#9230 = DEFINITIONAL_REPRESENTATION('',(#9231),#9234);
#9231 = B_SPLINE_CURVE_WITH_KNOTS('',1,(#9232,#9233),.UNSPECIFIED.,.F.,
  .F.,(2,2),(-17.00833333333,-11.96166666666),.PIECEWISE_BEZIER_KNOTS.);
#9232 = CARTESIAN_POINT('',(75.09296875,27.97));
#9233 = CARTESIAN_POINT('',(75.09296875,22.923333333333));
#9234 = ( GEOMETRIC_REPRESENTATION_CONTEXT(2) 
PARAMETRIC_REPRESENTATION_CONTEXT() REPRESENTATION_CONTEXT('2D SPACE',''
  ) );
#9235 = PCURVE('',#4847,#9236);
#9236 = DEFINITIONAL_REPRESENTATION('',(#9237),#9240);
#9237 = B_SPLINE_CURVE_WITH_KNOTS('',1,(#9238,#9239),.UNSPECIFIED.,.F.,
  .F.,(2,2),(-17.00833333333,-11.96166666666),.PIECEWISE_BEZIER_KNOTS.);
#9238 = CARTESIAN_POINT('',(6.046666666667,-3.));
#9239 = CARTESIAN_POINT('',(1.,-3.));
#9240 = ( GEOMETRIC_REPRESENTATION_CONTEXT(2) 
PARAMETRIC_REPRESENTATION_CONTEXT() REPRESENTATION_CONTEXT('2D SPACE',''
  ) );
#9241 = FACE_BOUND('',#9242,.T.);
#9242 = EDGE_LOOP('',(#9243,#9269,#9290,#9314,#9335,#9359,#9380,#9404));
#9243 = ORIENTED_EDGE('',*,*,#9244,.F.);
#9244 = EDGE_CURVE('',#9245,#9247,#9249,.T.);
#9245 = VERTEX_POINT('',#9246);
#9246 = CARTESIAN_POINT('',(147.516796875,73.433333333333,2.));
#9247 = VERTEX_POINT('',#9248);
#9248 = CARTESIAN_POINT('',(149.016796875,74.933333333333,2.));
#9249 = SURFACE_CURVE('',#9250,(#9255,#9262),.PCURVE_S1.);
#9250 = CIRCLE('',#9251,1.5);
#9251 = AXIS2_PLACEMENT_3D('',#9252,#9253,#9254);
#9252 = CARTESIAN_POINT('',(147.516796875,74.933333333333,2.));
#9253 = DIRECTION('',(0.,0.,1.));
#9254 = DIRECTION('',(0.,-1.,0.));
#9255 = PCURVE('',#100,#9256);
#9256 = DEFINITIONAL_REPRESENTATION('',(#9257),#9261);
#9257 = CIRCLE('',#9258,1.5);
#9258 = AXIS2_PLACEMENT_2D('',#9259,#9260);
#9259 = CARTESIAN_POINT('',(63.516796875,26.433333333333));
#9260 = DIRECTION('',(0.,-1.));
#9261 = ( GEOMETRIC_REPRESENTATION_CONTEXT(2) 
PARAMETRIC_REPRESENTATION_CONTEXT() REPRESENTATION_CONTEXT('2D SPACE',''
  ) );
#9262 = PCURVE('',#4879,#9263);
#9263 = DEFINITIONAL_REPRESENTATION('',(#9264),#9268);
#9264 = LINE('',#9265,#9266);
#9265 = CARTESIAN_POINT('',(0.,3.));
#9266 = VECTOR('',#9267,1.);
#9267 = DIRECTION('',(1.,0.));
#9268 = ( GEOMETRIC_REPRESENTATION_CONTEXT(2) 
PARAMETRIC_REPRESENTATION_CONTEXT() REPRESENTATION_CONTEXT('2D SPACE',''
  ) );
#9269 = ORIENTED_EDGE('',*,*,#9270,.T.);
#9270 = EDGE_CURVE('',#9245,#9271,#9273,.T.);
#9271 = VERTEX_POINT('',#9272);
#9272 = CARTESIAN_POINT('',(109.06328125,73.433333333333,2.));
#9273 = SURFACE_CURVE('',#9274,(#9278,#9284),.PCURVE_S1.);
#9274 = LINE('',#9275,#9276);
#9275 = CARTESIAN_POINT('',(95.781640625,73.433333333333,2.));
#9276 = VECTOR('',#9277,1.);
#9277 = DIRECTION('',(-1.,0.,0.));
#9278 = PCURVE('',#100,#9279);
#9279 = DEFINITIONAL_REPRESENTATION('',(#9280),#9283);
#9280 = B_SPLINE_CURVE_WITH_KNOTS('',1,(#9281,#9282),.UNSPECIFIED.,.F.,
  .F.,(2,2),(-51.73515625,-13.281640625),.PIECEWISE_BEZIER_KNOTS.);
#9281 = CARTESIAN_POINT('',(63.516796875,24.933333333333));
#9282 = CARTESIAN_POINT('',(25.06328125,24.933333333333));
#9283 = ( GEOMETRIC_REPRESENTATION_CONTEXT(2) 
PARAMETRIC_REPRESENTATION_CONTEXT() REPRESENTATION_CONTEXT('2D SPACE',''
  ) );
#9284 = PCURVE('',#4906,#9285);
#9285 = DEFINITIONAL_REPRESENTATION('',(#9286),#9289);
#9286 = B_SPLINE_CURVE_WITH_KNOTS('',1,(#9287,#9288),.UNSPECIFIED.,.F.,
  .F.,(2,2),(-51.73515625,-13.281640625),.PIECEWISE_BEZIER_KNOTS.);
#9287 = CARTESIAN_POINT('',(39.953515625,-3.));
#9288 = CARTESIAN_POINT('',(1.5,-3.));
#9289 = ( GEOMETRIC_REPRESENTATION_CONTEXT(2) 
PARAMETRIC_REPRESENTATION_CONTEXT() REPRESENTATION_CONTEXT('2D SPACE',''
  ) );
#9290 = ORIENTED_EDGE('',*,*,#9291,.F.);
#9291 = EDGE_CURVE('',#9292,#9271,#9294,.T.);
#9292 = VERTEX_POINT('',#9293);
#9293 = CARTESIAN_POINT('',(107.56328125,74.933333333333,2.));
#9294 = SURFACE_CURVE('',#9295,(#9300,#9307),.PCURVE_S1.);
#9295 = CIRCLE('',#9296,1.5);
#9296 = AXIS2_PLACEMENT_3D('',#9297,#9298,#9299);
#9297 = CARTESIAN_POINT('',(109.06328125,74.933333333333,2.));
#9298 = DIRECTION('',(0.,0.,1.));
#9299 = DIRECTION('',(0.,-1.,0.));
#9300 = PCURVE('',#100,#9301);
#9301 = DEFINITIONAL_REPRESENTATION('',(#9302),#9306);
#9302 = CIRCLE('',#9303,1.5);
#9303 = AXIS2_PLACEMENT_2D('',#9304,#9305);
#9304 = CARTESIAN_POINT('',(25.06328125,26.433333333333));
#9305 = DIRECTION('',(0.,-1.));
#9306 = ( GEOMETRIC_REPRESENTATION_CONTEXT(2) 
PARAMETRIC_REPRESENTATION_CONTEXT() REPRESENTATION_CONTEXT('2D SPACE',''
  ) );
#9307 = PCURVE('',#4934,#9308);
#9308 = DEFINITIONAL_REPRESENTATION('',(#9309),#9313);
#9309 = LINE('',#9310,#9311);
#9310 = CARTESIAN_POINT('',(-6.28318530718,3.));
#9311 = VECTOR('',#9312,1.);
#9312 = DIRECTION('',(1.,-0.));
#9313 = ( GEOMETRIC_REPRESENTATION_CONTEXT(2) 
PARAMETRIC_REPRESENTATION_CONTEXT() REPRESENTATION_CONTEXT('2D SPACE',''
  ) );
#9314 = ORIENTED_EDGE('',*,*,#9315,.T.);
#9315 = EDGE_CURVE('',#9292,#9316,#9318,.T.);
#9316 = VERTEX_POINT('',#9317);
#9317 = CARTESIAN_POINT('',(107.56328125,85.143333333333,2.));
#9318 = SURFACE_CURVE('',#9319,(#9323,#9329),.PCURVE_S1.);
#9319 = LINE('',#9320,#9321);
#9320 = CARTESIAN_POINT('',(107.56328125,67.571666666667,2.));
#9321 = VECTOR('',#9322,1.);
#9322 = DIRECTION('',(-0.,1.,0.));
#9323 = PCURVE('',#100,#9324);
#9324 = DEFINITIONAL_REPRESENTATION('',(#9325),#9328);
#9325 = B_SPLINE_CURVE_WITH_KNOTS('',1,(#9326,#9327),.UNSPECIFIED.,.F.,
  .F.,(2,2),(7.361666666667,17.571666666667),.PIECEWISE_BEZIER_KNOTS.);
#9326 = CARTESIAN_POINT('',(23.56328125,26.433333333333));
#9327 = CARTESIAN_POINT('',(23.56328125,36.643333333333));
#9328 = ( GEOMETRIC_REPRESENTATION_CONTEXT(2) 
PARAMETRIC_REPRESENTATION_CONTEXT() REPRESENTATION_CONTEXT('2D SPACE',''
  ) );
#9329 = PCURVE('',#4961,#9330);
#9330 = DEFINITIONAL_REPRESENTATION('',(#9331),#9334);
#9331 = B_SPLINE_CURVE_WITH_KNOTS('',1,(#9332,#9333),.UNSPECIFIED.,.F.,
  .F.,(2,2),(7.361666666667,17.571666666667),.PIECEWISE_BEZIER_KNOTS.);
#9332 = CARTESIAN_POINT('',(11.71,-3.));
#9333 = CARTESIAN_POINT('',(1.5,-3.));
#9334 = ( GEOMETRIC_REPRESENTATION_CONTEXT(2) 
PARAMETRIC_REPRESENTATION_CONTEXT() REPRESENTATION_CONTEXT('2D SPACE',''
  ) );
#9335 = ORIENTED_EDGE('',*,*,#9336,.F.);
#9336 = EDGE_CURVE('',#9337,#9316,#9339,.T.);
#9337 = VERTEX_POINT('',#9338);
#9338 = CARTESIAN_POINT('',(109.06328125,86.643333333333,2.));
#9339 = SURFACE_CURVE('',#9340,(#9345,#9352),.PCURVE_S1.);
#9340 = CIRCLE('',#9341,1.5);
#9341 = AXIS2_PLACEMENT_3D('',#9342,#9343,#9344);
#9342 = CARTESIAN_POINT('',(109.06328125,85.143333333333,2.));
#9343 = DIRECTION('',(0.,0.,1.));
#9344 = DIRECTION('',(-0.,1.,0.));
#9345 = PCURVE('',#100,#9346);
#9346 = DEFINITIONAL_REPRESENTATION('',(#9347),#9351);
#9347 = CIRCLE('',#9348,1.5);
#9348 = AXIS2_PLACEMENT_2D('',#9349,#9350);
#9349 = CARTESIAN_POINT('',(25.06328125,36.643333333333));
#9350 = DIRECTION('',(0.,1.));
#9351 = ( GEOMETRIC_REPRESENTATION_CONTEXT(2) 
PARAMETRIC_REPRESENTATION_CONTEXT() REPRESENTATION_CONTEXT('2D SPACE',''
  ) );
#9352 = PCURVE('',#4989,#9353);
#9353 = DEFINITIONAL_REPRESENTATION('',(#9354),#9358);
#9354 = LINE('',#9355,#9356);
#9355 = CARTESIAN_POINT('',(0.,3.));
#9356 = VECTOR('',#9357,1.);
#9357 = DIRECTION('',(1.,0.));
#9358 = ( GEOMETRIC_REPRESENTATION_CONTEXT(2) 
PARAMETRIC_REPRESENTATION_CONTEXT() REPRESENTATION_CONTEXT('2D SPACE',''
  ) );
#9359 = ORIENTED_EDGE('',*,*,#9360,.T.);
#9360 = EDGE_CURVE('',#9337,#9361,#9363,.T.);
#9361 = VERTEX_POINT('',#9362);
#9362 = CARTESIAN_POINT('',(147.516796875,86.643333333333,2.));
#9363 = SURFACE_CURVE('',#9364,(#9368,#9374),.PCURVE_S1.);
#9364 = LINE('',#9365,#9366);
#9365 = CARTESIAN_POINT('',(116.5083984375,86.643333333333,2.));
#9366 = VECTOR('',#9367,1.);
#9367 = DIRECTION('',(1.,0.,-0.));
#9368 = PCURVE('',#100,#9369);
#9369 = DEFINITIONAL_REPRESENTATION('',(#9370),#9373);
#9370 = B_SPLINE_CURVE_WITH_KNOTS('',1,(#9371,#9372),.UNSPECIFIED.,.F.,
  .F.,(2,2),(-7.4451171875,31.0083984375),.PIECEWISE_BEZIER_KNOTS.);
#9371 = CARTESIAN_POINT('',(25.06328125,38.143333333333));
#9372 = CARTESIAN_POINT('',(63.516796875,38.143333333333));
#9373 = ( GEOMETRIC_REPRESENTATION_CONTEXT(2) 
PARAMETRIC_REPRESENTATION_CONTEXT() REPRESENTATION_CONTEXT('2D SPACE',''
  ) );
#9374 = PCURVE('',#5016,#9375);
#9375 = DEFINITIONAL_REPRESENTATION('',(#9376),#9379);
#9376 = B_SPLINE_CURVE_WITH_KNOTS('',1,(#9377,#9378),.UNSPECIFIED.,.F.,
  .F.,(2,2),(-7.4451171875,31.0083984375),.PIECEWISE_BEZIER_KNOTS.);
#9377 = CARTESIAN_POINT('',(39.953515625,-3.));
#9378 = CARTESIAN_POINT('',(1.5,-3.));
#9379 = ( GEOMETRIC_REPRESENTATION_CONTEXT(2) 
PARAMETRIC_REPRESENTATION_CONTEXT() REPRESENTATION_CONTEXT('2D SPACE',''
  ) );
#9380 = ORIENTED_EDGE('',*,*,#9381,.F.);
#9381 = EDGE_CURVE('',#9382,#9361,#9384,.T.);
#9382 = VERTEX_POINT('',#9383);
#9383 = CARTESIAN_POINT('',(149.016796875,85.143333333333,2.));
#9384 = SURFACE_CURVE('',#9385,(#9390,#9397),.PCURVE_S1.);
#9385 = CIRCLE('',#9386,1.5);
#9386 = AXIS2_PLACEMENT_3D('',#9387,#9388,#9389);
#9387 = CARTESIAN_POINT('',(147.516796875,85.143333333333,2.));
#9388 = DIRECTION('',(0.,0.,1.));
#9389 = DIRECTION('',(1.,0.,-0.));
#9390 = PCURVE('',#100,#9391);
#9391 = DEFINITIONAL_REPRESENTATION('',(#9392),#9396);
#9392 = CIRCLE('',#9393,1.5);
#9393 = AXIS2_PLACEMENT_2D('',#9394,#9395);
#9394 = CARTESIAN_POINT('',(63.516796875,36.643333333333));
#9395 = DIRECTION('',(1.,0.));
#9396 = ( GEOMETRIC_REPRESENTATION_CONTEXT(2) 
PARAMETRIC_REPRESENTATION_CONTEXT() REPRESENTATION_CONTEXT('2D SPACE',''
  ) );
#9397 = PCURVE('',#5044,#9398);
#9398 = DEFINITIONAL_REPRESENTATION('',(#9399),#9403);
#9399 = LINE('',#9400,#9401);
#9400 = CARTESIAN_POINT('',(0.,3.));
#9401 = VECTOR('',#9402,1.);
#9402 = DIRECTION('',(1.,0.));
#9403 = ( GEOMETRIC_REPRESENTATION_CONTEXT(2) 
PARAMETRIC_REPRESENTATION_CONTEXT() REPRESENTATION_CONTEXT('2D SPACE',''
  ) );
#9404 = ORIENTED_EDGE('',*,*,#9405,.T.);
#9405 = EDGE_CURVE('',#9382,#9247,#9406,.T.);
#9406 = SURFACE_CURVE('',#9407,(#9411,#9417),.PCURVE_S1.);
#9407 = LINE('',#9408,#9409);
#9408 = CARTESIAN_POINT('',(149.016796875,60.966666666667,2.));
#9409 = VECTOR('',#9410,1.);
#9410 = DIRECTION('',(0.,-1.,0.));
#9411 = PCURVE('',#100,#9412);
#9412 = DEFINITIONAL_REPRESENTATION('',(#9413),#9416);
#9413 = B_SPLINE_CURVE_WITH_KNOTS('',1,(#9414,#9415),.UNSPECIFIED.,.F.,
  .F.,(2,2),(-24.17666666666,-13.96666666666),.PIECEWISE_BEZIER_KNOTS.);
#9414 = CARTESIAN_POINT('',(65.016796875,36.643333333333));
#9415 = CARTESIAN_POINT('',(65.016796875,26.433333333333));
#9416 = ( GEOMETRIC_REPRESENTATION_CONTEXT(2) 
PARAMETRIC_REPRESENTATION_CONTEXT() REPRESENTATION_CONTEXT('2D SPACE',''
  ) );
#9417 = PCURVE('',#5069,#9418);
#9418 = DEFINITIONAL_REPRESENTATION('',(#9419),#9422);
#9419 = B_SPLINE_CURVE_WITH_KNOTS('',1,(#9420,#9421),.UNSPECIFIED.,.F.,
  .F.,(2,2),(-24.17666666666,-13.96666666666),.PIECEWISE_BEZIER_KNOTS.);
#9420 = CARTESIAN_POINT('',(11.71,-3.));
#9421 = CARTESIAN_POINT('',(1.5,-3.));
#9422 = ( GEOMETRIC_REPRESENTATION_CONTEXT(2) 
PARAMETRIC_REPRESENTATION_CONTEXT() REPRESENTATION_CONTEXT('2D SPACE',''
  ) );
#9423 = FACE_BOUND('',#9424,.T.);
#9424 = EDGE_LOOP('',(#9425));
#9425 = ORIENTED_EDGE('',*,*,#9426,.T.);
#9426 = EDGE_CURVE('',#9427,#9427,#9429,.T.);
#9427 = VERTEX_POINT('',#9428);
#9428 = CARTESIAN_POINT('',(157.526328125,81.543333333333,2.));
#9429 = SURFACE_CURVE('',#9430,(#9435,#9446),.PCURVE_S1.);
#9430 = CIRCLE('',#9431,3.143515625);
#9431 = AXIS2_PLACEMENT_3D('',#9432,#9433,#9434);
#9432 = CARTESIAN_POINT('',(154.3828125,81.543333333333,2.));
#9433 = DIRECTION('',(0.,0.,-1.));
#9434 = DIRECTION('',(1.,0.,0.));
#9435 = PCURVE('',#100,#9436);
#9436 = DEFINITIONAL_REPRESENTATION('',(#9437),#9445);
#9437 = ( BOUNDED_CURVE() B_SPLINE_CURVE(2,(#9438,#9439,#9440,#9441,
#9442,#9443,#9444),.UNSPECIFIED.,.T.,.F.) B_SPLINE_CURVE_WITH_KNOTS((1,2
    ,2,2,2,1),(-2.094395102393,0.,2.094395102393,4.188790204786,
6.28318530718,8.377580409573),.UNSPECIFIED.) CURVE() 
GEOMETRIC_REPRESENTATION_ITEM() RATIONAL_B_SPLINE_CURVE((1.,0.5,1.,0.5,
1.,0.5,1.)) REPRESENTATION_ITEM('') );
#9438 = CARTESIAN_POINT('',(73.526328125,33.043333333333));
#9439 = CARTESIAN_POINT('',(73.526328125,27.598604556447));
#9440 = CARTESIAN_POINT('',(68.8110546875,30.32096894489));
#9441 = CARTESIAN_POINT('',(64.09578125,33.043333333333));
#9442 = CARTESIAN_POINT('',(68.8110546875,35.765697721777));
#9443 = CARTESIAN_POINT('',(73.526328125,38.48806211022));
#9444 = CARTESIAN_POINT('',(73.526328125,33.043333333333));
#9445 = ( GEOMETRIC_REPRESENTATION_CONTEXT(2) 
PARAMETRIC_REPRESENTATION_CONTEXT() REPRESENTATION_CONTEXT('2D SPACE',''
  ) );
#9446 = PCURVE('',#5103,#9447);
#9447 = DEFINITIONAL_REPRESENTATION('',(#9448),#9452);
#9448 = LINE('',#9449,#9450);
#9449 = CARTESIAN_POINT('',(-6.28318530718,-3.));
#9450 = VECTOR('',#9451,1.);
#9451 = DIRECTION('',(1.,-0.));
#9452 = ( GEOMETRIC_REPRESENTATION_CONTEXT(2) 
PARAMETRIC_REPRESENTATION_CONTEXT() REPRESENTATION_CONTEXT('2D SPACE',''
  ) );
#9453 = ADVANCED_FACE('',(#9454),#157,.T.);
#9454 = FACE_BOUND('',#9455,.T.);
#9455 = EDGE_LOOP('',(#9456,#9457,#9485,#9513));
#9456 = ORIENTED_EDGE('',*,*,#141,.F.);
#9457 = ORIENTED_EDGE('',*,*,#9458,.T.);
#9458 = EDGE_CURVE('',#22,#9459,#9461,.T.);
#9459 = VERTEX_POINT('',#9460);
#9460 = CARTESIAN_POINT('',(1.5,0.,-4.));
#9461 = SURFACE_CURVE('',#9462,(#9466,#9473),.PCURVE_S1.);
#9462 = LINE('',#9463,#9464);
#9463 = CARTESIAN_POINT('',(1.5,0.,0.));
#9464 = VECTOR('',#9465,1.);
#9465 = DIRECTION('',(-0.,-0.,-1.));
#9466 = PCURVE('',#157,#9467);
#9467 = DEFINITIONAL_REPRESENTATION('',(#9468),#9472);
#9468 = LINE('',#9469,#9470);
#9469 = CARTESIAN_POINT('',(0.,0.));
#9470 = VECTOR('',#9471,1.);
#9471 = DIRECTION('',(0.,-1.));
#9472 = ( GEOMETRIC_REPRESENTATION_CONTEXT(2) 
PARAMETRIC_REPRESENTATION_CONTEXT() REPRESENTATION_CONTEXT('2D SPACE',''
  ) );
#9473 = PCURVE('',#9474,#9479);
#9474 = PLANE('',#9475);
#9475 = AXIS2_PLACEMENT_3D('',#9476,#9477,#9478);
#9476 = CARTESIAN_POINT('',(0.,0.,0.));
#9477 = DIRECTION('',(0.,-1.,0.));
#9478 = DIRECTION('',(1.,0.,0.));
#9479 = DEFINITIONAL_REPRESENTATION('',(#9480),#9484);
#9480 = LINE('',#9481,#9482);
#9481 = CARTESIAN_POINT('',(1.5,0.));
#9482 = VECTOR('',#9483,1.);
#9483 = DIRECTION('',(0.,-1.));
#9484 = ( GEOMETRIC_REPRESENTATION_CONTEXT(2) 
PARAMETRIC_REPRESENTATION_CONTEXT() REPRESENTATION_CONTEXT('2D SPACE',''
  ) );
#9485 = ORIENTED_EDGE('',*,*,#9486,.T.);
#9486 = EDGE_CURVE('',#9459,#9487,#9489,.T.);
#9487 = VERTEX_POINT('',#9488);
#9488 = CARTESIAN_POINT('',(1.5,95.5,-4.));
#9489 = SURFACE_CURVE('',#9490,(#9494,#9501),.PCURVE_S1.);
#9490 = LINE('',#9491,#9492);
#9491 = CARTESIAN_POINT('',(1.5,0.,-4.));
#9492 = VECTOR('',#9493,1.);
#9493 = DIRECTION('',(0.,1.,0.));
#9494 = PCURVE('',#157,#9495);
#9495 = DEFINITIONAL_REPRESENTATION('',(#9496),#9500);
#9496 = LINE('',#9497,#9498);
#9497 = CARTESIAN_POINT('',(0.,-4.));
#9498 = VECTOR('',#9499,1.);
#9499 = DIRECTION('',(1.,0.));
#9500 = ( GEOMETRIC_REPRESENTATION_CONTEXT(2) 
PARAMETRIC_REPRESENTATION_CONTEXT() REPRESENTATION_CONTEXT('2D SPACE',''
  ) );
#9501 = PCURVE('',#9502,#9507);
#9502 = PLANE('',#9503);
#9503 = AXIS2_PLACEMENT_3D('',#9504,#9505,#9506);
#9504 = CARTESIAN_POINT('',(0.75,48.5,-4.));
#9505 = DIRECTION('',(0.,0.,1.));
#9506 = DIRECTION('',(1.,0.,-0.));
#9507 = DEFINITIONAL_REPRESENTATION('',(#9508),#9512);
#9508 = LINE('',#9509,#9510);
#9509 = CARTESIAN_POINT('',(0.75,-48.5));
#9510 = VECTOR('',#9511,1.);
#9511 = DIRECTION('',(0.,1.));
#9512 = ( GEOMETRIC_REPRESENTATION_CONTEXT(2) 
PARAMETRIC_REPRESENTATION_CONTEXT() REPRESENTATION_CONTEXT('2D SPACE',''
  ) );
#9513 = ORIENTED_EDGE('',*,*,#9514,.T.);
#9514 = EDGE_CURVE('',#9487,#142,#9515,.T.);
#9515 = SURFACE_CURVE('',#9516,(#9520,#9526),.PCURVE_S1.);
#9516 = LINE('',#9517,#9518);
#9517 = CARTESIAN_POINT('',(1.5,95.5,0.));
#9518 = VECTOR('',#9519,1.);
#9519 = DIRECTION('',(-0.,0.,1.));
#9520 = PCURVE('',#157,#9521);
#9521 = DEFINITIONAL_REPRESENTATION('',(#9522),#9525);
#9522 = B_SPLINE_CURVE_WITH_KNOTS('',1,(#9523,#9524),.UNSPECIFIED.,.F.,
  .F.,(2,2),(-4.,0.),.PIECEWISE_BEZIER_KNOTS.);
#9523 = CARTESIAN_POINT('',(95.5,-4.));
#9524 = CARTESIAN_POINT('',(95.5,0.));
#9525 = ( GEOMETRIC_REPRESENTATION_CONTEXT(2) 
PARAMETRIC_REPRESENTATION_CONTEXT() REPRESENTATION_CONTEXT('2D SPACE',''
  ) );
#9526 = PCURVE('',#212,#9527);
#9527 = DEFINITIONAL_REPRESENTATION('',(#9528),#9531);
#9528 = B_SPLINE_CURVE_WITH_KNOTS('',1,(#9529,#9530),.UNSPECIFIED.,.F.,
  .F.,(2,2),(-4.,0.),.PIECEWISE_BEZIER_KNOTS.);
#9529 = CARTESIAN_POINT('',(1.5,-4.));
#9530 = CARTESIAN_POINT('',(1.5,0.));
#9531 = ( GEOMETRIC_REPRESENTATION_CONTEXT(2) 
PARAMETRIC_REPRESENTATION_CONTEXT() REPRESENTATION_CONTEXT('2D SPACE',''
  ) );
#9532 = ADVANCED_FACE('',(#9533),#212,.T.);
#9533 = FACE_BOUND('',#9534,.T.);
#9534 = EDGE_LOOP('',(#9535,#9536,#9537,#9560));
#9535 = ORIENTED_EDGE('',*,*,#198,.F.);
#9536 = ORIENTED_EDGE('',*,*,#9514,.F.);
#9537 = ORIENTED_EDGE('',*,*,#9538,.T.);
#9538 = EDGE_CURVE('',#9487,#9539,#9541,.T.);
#9539 = VERTEX_POINT('',#9540);
#9540 = CARTESIAN_POINT('',(166.5,95.5,-4.));
#9541 = SURFACE_CURVE('',#9542,(#9546,#9553),.PCURVE_S1.);
#9542 = LINE('',#9543,#9544);
#9543 = CARTESIAN_POINT('',(0.,95.5,-4.));
#9544 = VECTOR('',#9545,1.);
#9545 = DIRECTION('',(1.,0.,0.));
#9546 = PCURVE('',#212,#9547);
#9547 = DEFINITIONAL_REPRESENTATION('',(#9548),#9552);
#9548 = LINE('',#9549,#9550);
#9549 = CARTESIAN_POINT('',(0.,-4.));
#9550 = VECTOR('',#9551,1.);
#9551 = DIRECTION('',(1.,0.));
#9552 = ( GEOMETRIC_REPRESENTATION_CONTEXT(2) 
PARAMETRIC_REPRESENTATION_CONTEXT() REPRESENTATION_CONTEXT('2D SPACE',''
  ) );
#9553 = PCURVE('',#9502,#9554);
#9554 = DEFINITIONAL_REPRESENTATION('',(#9555),#9559);
#9555 = LINE('',#9556,#9557);
#9556 = CARTESIAN_POINT('',(-0.75,47.));
#9557 = VECTOR('',#9558,1.);
#9558 = DIRECTION('',(1.,0.));
#9559 = ( GEOMETRIC_REPRESENTATION_CONTEXT(2) 
PARAMETRIC_REPRESENTATION_CONTEXT() REPRESENTATION_CONTEXT('2D SPACE',''
  ) );
#9560 = ORIENTED_EDGE('',*,*,#9561,.F.);
#9561 = EDGE_CURVE('',#171,#9539,#9562,.T.);
#9562 = SURFACE_CURVE('',#9563,(#9567,#9573),.PCURVE_S1.);
#9563 = LINE('',#9564,#9565);
#9564 = CARTESIAN_POINT('',(166.5,95.5,0.));
#9565 = VECTOR('',#9566,1.);
#9566 = DIRECTION('',(-0.,-0.,-1.));
#9567 = PCURVE('',#212,#9568);
#9568 = DEFINITIONAL_REPRESENTATION('',(#9569),#9572);
#9569 = B_SPLINE_CURVE_WITH_KNOTS('',1,(#9570,#9571),.UNSPECIFIED.,.F.,
  .F.,(2,2),(0.,4.),.PIECEWISE_BEZIER_KNOTS.);
#9570 = CARTESIAN_POINT('',(166.5,0.));
#9571 = CARTESIAN_POINT('',(166.5,-4.));
#9572 = ( GEOMETRIC_REPRESENTATION_CONTEXT(2) 
PARAMETRIC_REPRESENTATION_CONTEXT() REPRESENTATION_CONTEXT('2D SPACE',''
  ) );
#9573 = PCURVE('',#186,#9574);
#9574 = DEFINITIONAL_REPRESENTATION('',(#9575),#9578);
#9575 = B_SPLINE_CURVE_WITH_KNOTS('',1,(#9576,#9577),.UNSPECIFIED.,.F.,
  .F.,(2,2),(0.,4.),.PIECEWISE_BEZIER_KNOTS.);
#9576 = CARTESIAN_POINT('',(1.5,0.));
#9577 = CARTESIAN_POINT('',(1.5,-4.));
#9578 = ( GEOMETRIC_REPRESENTATION_CONTEXT(2) 
PARAMETRIC_REPRESENTATION_CONTEXT() REPRESENTATION_CONTEXT('2D SPACE',''
  ) );
#9579 = ADVANCED_FACE('',(#9580),#186,.T.);
#9580 = FACE_BOUND('',#9581,.T.);
#9581 = EDGE_LOOP('',(#9582,#9583,#9584,#9607));
#9582 = ORIENTED_EDGE('',*,*,#170,.F.);
#9583 = ORIENTED_EDGE('',*,*,#9561,.T.);
#9584 = ORIENTED_EDGE('',*,*,#9585,.T.);
#9585 = EDGE_CURVE('',#9539,#9586,#9588,.T.);
#9586 = VERTEX_POINT('',#9587);
#9587 = CARTESIAN_POINT('',(166.5,0.,-4.));
#9588 = SURFACE_CURVE('',#9589,(#9593,#9600),.PCURVE_S1.);
#9589 = LINE('',#9590,#9591);
#9590 = CARTESIAN_POINT('',(166.5,97.,-4.));
#9591 = VECTOR('',#9592,1.);
#9592 = DIRECTION('',(0.,-1.,0.));
#9593 = PCURVE('',#186,#9594);
#9594 = DEFINITIONAL_REPRESENTATION('',(#9595),#9599);
#9595 = LINE('',#9596,#9597);
#9596 = CARTESIAN_POINT('',(0.,-4.));
#9597 = VECTOR('',#9598,1.);
#9598 = DIRECTION('',(1.,0.));
#9599 = ( GEOMETRIC_REPRESENTATION_CONTEXT(2) 
PARAMETRIC_REPRESENTATION_CONTEXT() REPRESENTATION_CONTEXT('2D SPACE',''
  ) );
#9600 = PCURVE('',#9502,#9601);
#9601 = DEFINITIONAL_REPRESENTATION('',(#9602),#9606);
#9602 = LINE('',#9603,#9604);
#9603 = CARTESIAN_POINT('',(165.75,48.5));
#9604 = VECTOR('',#9605,1.);
#9605 = DIRECTION('',(0.,-1.));
#9606 = ( GEOMETRIC_REPRESENTATION_CONTEXT(2) 
PARAMETRIC_REPRESENTATION_CONTEXT() REPRESENTATION_CONTEXT('2D SPACE',''
  ) );
#9607 = ORIENTED_EDGE('',*,*,#9608,.F.);
#9608 = EDGE_CURVE('',#24,#9586,#9609,.T.);
#9609 = SURFACE_CURVE('',#9610,(#9614,#9621),.PCURVE_S1.);
#9610 = LINE('',#9611,#9612);
#9611 = CARTESIAN_POINT('',(166.5,0.,0.));
#9612 = VECTOR('',#9613,1.);
#9613 = DIRECTION('',(-0.,-0.,-1.));
#9614 = PCURVE('',#186,#9615);
#9615 = DEFINITIONAL_REPRESENTATION('',(#9616),#9620);
#9616 = LINE('',#9617,#9618);
#9617 = CARTESIAN_POINT('',(97.,0.));
#9618 = VECTOR('',#9619,1.);
#9619 = DIRECTION('',(0.,-1.));
#9620 = ( GEOMETRIC_REPRESENTATION_CONTEXT(2) 
PARAMETRIC_REPRESENTATION_CONTEXT() REPRESENTATION_CONTEXT('2D SPACE',''
  ) );
#9621 = PCURVE('',#9622,#9627);
#9622 = PLANE('',#9623);
#9623 = AXIS2_PLACEMENT_3D('',#9624,#9625,#9626);
#9624 = CARTESIAN_POINT('',(166.5,0.,0.));
#9625 = DIRECTION('',(0.,-1.,0.));
#9626 = DIRECTION('',(1.,0.,0.));
#9627 = DEFINITIONAL_REPRESENTATION('',(#9628),#9632);
#9628 = LINE('',#9629,#9630);
#9629 = CARTESIAN_POINT('',(0.,0.));
#9630 = VECTOR('',#9631,1.);
#9631 = DIRECTION('',(0.,-1.));
#9632 = ( GEOMETRIC_REPRESENTATION_CONTEXT(2) 
PARAMETRIC_REPRESENTATION_CONTEXT() REPRESENTATION_CONTEXT('2D SPACE',''
  ) );
#9633 = ADVANCED_FACE('',(#9634),#245,.F.);
#9634 = FACE_BOUND('',#9635,.F.);
#9635 = EDGE_LOOP('',(#9636,#9657,#9658,#9679));
#9636 = ORIENTED_EDGE('',*,*,#9637,.F.);
#9637 = EDGE_CURVE('',#227,#5428,#9638,.T.);
#9638 = SURFACE_CURVE('',#9639,(#9643,#9650),.PCURVE_S1.);
#9639 = LINE('',#9640,#9641);
#9640 = CARTESIAN_POINT('',(16.778515625,14.666666666667,-1.));
#9641 = VECTOR('',#9642,1.);
#9642 = DIRECTION('',(0.,0.,1.));
#9643 = PCURVE('',#245,#9644);
#9644 = DEFINITIONAL_REPRESENTATION('',(#9645),#9649);
#9645 = LINE('',#9646,#9647);
#9646 = CARTESIAN_POINT('',(0.,0.));
#9647 = VECTOR('',#9648,1.);
#9648 = DIRECTION('',(0.,1.));
#9649 = ( GEOMETRIC_REPRESENTATION_CONTEXT(2) 
PARAMETRIC_REPRESENTATION_CONTEXT() REPRESENTATION_CONTEXT('2D SPACE',''
  ) );
#9650 = PCURVE('',#272,#9651);
#9651 = DEFINITIONAL_REPRESENTATION('',(#9652),#9656);
#9652 = LINE('',#9653,#9654);
#9653 = CARTESIAN_POINT('',(8.32265625,0.));
#9654 = VECTOR('',#9655,1.);
#9655 = DIRECTION('',(0.,-1.));
#9656 = ( GEOMETRIC_REPRESENTATION_CONTEXT(2) 
PARAMETRIC_REPRESENTATION_CONTEXT() REPRESENTATION_CONTEXT('2D SPACE',''
  ) );
#9657 = ORIENTED_EDGE('',*,*,#226,.T.);
#9658 = ORIENTED_EDGE('',*,*,#9659,.T.);
#9659 = EDGE_CURVE('',#229,#5430,#9660,.T.);
#9660 = SURFACE_CURVE('',#9661,(#9665,#9672),.PCURVE_S1.);
#9661 = LINE('',#9662,#9663);
#9662 = CARTESIAN_POINT('',(18.778515625,16.666666666667,-1.));
#9663 = VECTOR('',#9664,1.);
#9664 = DIRECTION('',(0.,0.,1.));
#9665 = PCURVE('',#245,#9666);
#9666 = DEFINITIONAL_REPRESENTATION('',(#9667),#9671);
#9667 = LINE('',#9668,#9669);
#9668 = CARTESIAN_POINT('',(1.570796326795,0.));
#9669 = VECTOR('',#9670,1.);
#9670 = DIRECTION('',(0.,1.));
#9671 = ( GEOMETRIC_REPRESENTATION_CONTEXT(2) 
PARAMETRIC_REPRESENTATION_CONTEXT() REPRESENTATION_CONTEXT('2D SPACE',''
  ) );
#9672 = PCURVE('',#435,#9673);
#9673 = DEFINITIONAL_REPRESENTATION('',(#9674),#9678);
#9674 = LINE('',#9675,#9676);
#9675 = CARTESIAN_POINT('',(2.,0.));
#9676 = VECTOR('',#9677,1.);
#9677 = DIRECTION('',(0.,-1.));
#9678 = ( GEOMETRIC_REPRESENTATION_CONTEXT(2) 
PARAMETRIC_REPRESENTATION_CONTEXT() REPRESENTATION_CONTEXT('2D SPACE',''
  ) );
#9679 = ORIENTED_EDGE('',*,*,#5427,.F.);
#9680 = ADVANCED_FACE('',(#9681),#272,.T.);
#9681 = FACE_BOUND('',#9682,.T.);
#9682 = EDGE_LOOP('',(#9683,#9684,#9705,#9706));
#9683 = ORIENTED_EDGE('',*,*,#257,.T.);
#9684 = ORIENTED_EDGE('',*,*,#9685,.T.);
#9685 = EDGE_CURVE('',#258,#5454,#9686,.T.);
#9686 = SURFACE_CURVE('',#9687,(#9691,#9698),.PCURVE_S1.);
#9687 = LINE('',#9688,#9689);
#9688 = CARTESIAN_POINT('',(10.455859375,14.666666666667,-1.));
#9689 = VECTOR('',#9690,1.);
#9690 = DIRECTION('',(0.,0.,1.));
#9691 = PCURVE('',#272,#9692);
#9692 = DEFINITIONAL_REPRESENTATION('',(#9693),#9697);
#9693 = LINE('',#9694,#9695);
#9694 = CARTESIAN_POINT('',(2.,0.));
#9695 = VECTOR('',#9696,1.);
#9696 = DIRECTION('',(0.,-1.));
#9697 = ( GEOMETRIC_REPRESENTATION_CONTEXT(2) 
PARAMETRIC_REPRESENTATION_CONTEXT() REPRESENTATION_CONTEXT('2D SPACE',''
  ) );
#9698 = PCURVE('',#300,#9699);
#9699 = DEFINITIONAL_REPRESENTATION('',(#9700),#9704);
#9700 = LINE('',#9701,#9702);
#9701 = CARTESIAN_POINT('',(-0.,0.));
#9702 = VECTOR('',#9703,1.);
#9703 = DIRECTION('',(-0.,1.));
#9704 = ( GEOMETRIC_REPRESENTATION_CONTEXT(2) 
PARAMETRIC_REPRESENTATION_CONTEXT() REPRESENTATION_CONTEXT('2D SPACE',''
  ) );
#9705 = ORIENTED_EDGE('',*,*,#5453,.F.);
#9706 = ORIENTED_EDGE('',*,*,#9637,.F.);
#9707 = ADVANCED_FACE('',(#9708),#435,.T.);
#9708 = FACE_BOUND('',#9709,.T.);
#9709 = EDGE_LOOP('',(#9710,#9711,#9712,#9713));
#9710 = ORIENTED_EDGE('',*,*,#422,.T.);
#9711 = ORIENTED_EDGE('',*,*,#9659,.T.);
#9712 = ORIENTED_EDGE('',*,*,#5588,.F.);
#9713 = ORIENTED_EDGE('',*,*,#9714,.F.);
#9714 = EDGE_CURVE('',#394,#5565,#9715,.T.);
#9715 = SURFACE_CURVE('',#9716,(#9720,#9727),.PCURVE_S1.);
#9716 = LINE('',#9717,#9718);
#9717 = CARTESIAN_POINT('',(18.778515625,33.903333333333,-1.));
#9718 = VECTOR('',#9719,1.);
#9719 = DIRECTION('',(0.,0.,1.));
#9720 = PCURVE('',#435,#9721);
#9721 = DEFINITIONAL_REPRESENTATION('',(#9722),#9726);
#9722 = LINE('',#9723,#9724);
#9723 = CARTESIAN_POINT('',(19.236666666667,0.));
#9724 = VECTOR('',#9725,1.);
#9725 = DIRECTION('',(0.,-1.));
#9726 = ( GEOMETRIC_REPRESENTATION_CONTEXT(2) 
PARAMETRIC_REPRESENTATION_CONTEXT() REPRESENTATION_CONTEXT('2D SPACE',''
  ) );
#9727 = PCURVE('',#410,#9728);
#9728 = DEFINITIONAL_REPRESENTATION('',(#9729),#9733);
#9729 = LINE('',#9730,#9731);
#9730 = CARTESIAN_POINT('',(0.,0.));
#9731 = VECTOR('',#9732,1.);
#9732 = DIRECTION('',(0.,1.));
#9733 = ( GEOMETRIC_REPRESENTATION_CONTEXT(2) 
PARAMETRIC_REPRESENTATION_CONTEXT() REPRESENTATION_CONTEXT('2D SPACE',''
  ) );
#9734 = ADVANCED_FACE('',(#9735),#300,.F.);
#9735 = FACE_BOUND('',#9736,.T.);
#9736 = EDGE_LOOP('',(#9737,#9738,#9739,#9760));
#9737 = ORIENTED_EDGE('',*,*,#9685,.F.);
#9738 = ORIENTED_EDGE('',*,*,#283,.F.);
#9739 = ORIENTED_EDGE('',*,*,#9740,.T.);
#9740 = EDGE_CURVE('',#284,#5475,#9741,.T.);
#9741 = SURFACE_CURVE('',#9742,(#9746,#9753),.PCURVE_S1.);
#9742 = LINE('',#9743,#9744);
#9743 = CARTESIAN_POINT('',(8.455859375,16.666666666667,-1.));
#9744 = VECTOR('',#9745,1.);
#9745 = DIRECTION('',(0.,0.,1.));
#9746 = PCURVE('',#300,#9747);
#9747 = DEFINITIONAL_REPRESENTATION('',(#9748),#9752);
#9748 = LINE('',#9749,#9750);
#9749 = CARTESIAN_POINT('',(-1.570796326795,0.));
#9750 = VECTOR('',#9751,1.);
#9751 = DIRECTION('',(-0.,1.));
#9752 = ( GEOMETRIC_REPRESENTATION_CONTEXT(2) 
PARAMETRIC_REPRESENTATION_CONTEXT() REPRESENTATION_CONTEXT('2D SPACE',''
  ) );
#9753 = PCURVE('',#327,#9754);
#9754 = DEFINITIONAL_REPRESENTATION('',(#9755),#9759);
#9755 = LINE('',#9756,#9757);
#9756 = CARTESIAN_POINT('',(19.236666666667,0.));
#9757 = VECTOR('',#9758,1.);
#9758 = DIRECTION('',(0.,-1.));
#9759 = ( GEOMETRIC_REPRESENTATION_CONTEXT(2) 
PARAMETRIC_REPRESENTATION_CONTEXT() REPRESENTATION_CONTEXT('2D SPACE',''
  ) );
#9760 = ORIENTED_EDGE('',*,*,#5474,.T.);
#9761 = ADVANCED_FACE('',(#9762),#410,.F.);
#9762 = FACE_BOUND('',#9763,.F.);
#9763 = EDGE_LOOP('',(#9764,#9765,#9766,#9787));
#9764 = ORIENTED_EDGE('',*,*,#9714,.F.);
#9765 = ORIENTED_EDGE('',*,*,#393,.T.);
#9766 = ORIENTED_EDGE('',*,*,#9767,.T.);
#9767 = EDGE_CURVE('',#368,#5544,#9768,.T.);
#9768 = SURFACE_CURVE('',#9769,(#9773,#9780),.PCURVE_S1.);
#9769 = LINE('',#9770,#9771);
#9770 = CARTESIAN_POINT('',(16.778515625,35.903333333333,-1.));
#9771 = VECTOR('',#9772,1.);
#9772 = DIRECTION('',(0.,0.,1.));
#9773 = PCURVE('',#410,#9774);
#9774 = DEFINITIONAL_REPRESENTATION('',(#9775),#9779);
#9775 = LINE('',#9776,#9777);
#9776 = CARTESIAN_POINT('',(1.570796326795,0.));
#9777 = VECTOR('',#9778,1.);
#9778 = DIRECTION('',(0.,1.));
#9779 = ( GEOMETRIC_REPRESENTATION_CONTEXT(2) 
PARAMETRIC_REPRESENTATION_CONTEXT() REPRESENTATION_CONTEXT('2D SPACE',''
  ) );
#9780 = PCURVE('',#382,#9781);
#9781 = DEFINITIONAL_REPRESENTATION('',(#9782),#9786);
#9782 = LINE('',#9783,#9784);
#9783 = CARTESIAN_POINT('',(2.,0.));
#9784 = VECTOR('',#9785,1.);
#9785 = DIRECTION('',(0.,-1.));
#9786 = ( GEOMETRIC_REPRESENTATION_CONTEXT(2) 
PARAMETRIC_REPRESENTATION_CONTEXT() REPRESENTATION_CONTEXT('2D SPACE',''
  ) );
#9787 = ORIENTED_EDGE('',*,*,#5564,.F.);
#9788 = ADVANCED_FACE('',(#9789),#327,.T.);
#9789 = FACE_BOUND('',#9790,.T.);
#9790 = EDGE_LOOP('',(#9791,#9792,#9813,#9814));
#9791 = ORIENTED_EDGE('',*,*,#312,.T.);
#9792 = ORIENTED_EDGE('',*,*,#9793,.T.);
#9793 = EDGE_CURVE('',#313,#5499,#9794,.T.);
#9794 = SURFACE_CURVE('',#9795,(#9799,#9806),.PCURVE_S1.);
#9795 = LINE('',#9796,#9797);
#9796 = CARTESIAN_POINT('',(8.455859375,33.903333333333,-1.));
#9797 = VECTOR('',#9798,1.);
#9798 = DIRECTION('',(0.,0.,1.));
#9799 = PCURVE('',#327,#9800);
#9800 = DEFINITIONAL_REPRESENTATION('',(#9801),#9805);
#9801 = LINE('',#9802,#9803);
#9802 = CARTESIAN_POINT('',(2.,0.));
#9803 = VECTOR('',#9804,1.);
#9804 = DIRECTION('',(0.,-1.));
#9805 = ( GEOMETRIC_REPRESENTATION_CONTEXT(2) 
PARAMETRIC_REPRESENTATION_CONTEXT() REPRESENTATION_CONTEXT('2D SPACE',''
  ) );
#9806 = PCURVE('',#355,#9807);
#9807 = DEFINITIONAL_REPRESENTATION('',(#9808),#9812);
#9808 = LINE('',#9809,#9810);
#9809 = CARTESIAN_POINT('',(1.570796326795,0.));
#9810 = VECTOR('',#9811,1.);
#9811 = DIRECTION('',(0.,1.));
#9812 = ( GEOMETRIC_REPRESENTATION_CONTEXT(2) 
PARAMETRIC_REPRESENTATION_CONTEXT() REPRESENTATION_CONTEXT('2D SPACE',''
  ) );
#9813 = ORIENTED_EDGE('',*,*,#5498,.F.);
#9814 = ORIENTED_EDGE('',*,*,#9740,.F.);
#9815 = ADVANCED_FACE('',(#9816),#382,.T.);
#9816 = FACE_BOUND('',#9817,.T.);
#9817 = EDGE_LOOP('',(#9818,#9819,#9820,#9821));
#9818 = ORIENTED_EDGE('',*,*,#367,.T.);
#9819 = ORIENTED_EDGE('',*,*,#9767,.T.);
#9820 = ORIENTED_EDGE('',*,*,#5543,.F.);
#9821 = ORIENTED_EDGE('',*,*,#9822,.F.);
#9822 = EDGE_CURVE('',#339,#5520,#9823,.T.);
#9823 = SURFACE_CURVE('',#9824,(#9828,#9835),.PCURVE_S1.);
#9824 = LINE('',#9825,#9826);
#9825 = CARTESIAN_POINT('',(10.455859375,35.903333333333,-1.));
#9826 = VECTOR('',#9827,1.);
#9827 = DIRECTION('',(0.,0.,1.));
#9828 = PCURVE('',#382,#9829);
#9829 = DEFINITIONAL_REPRESENTATION('',(#9830),#9834);
#9830 = LINE('',#9831,#9832);
#9831 = CARTESIAN_POINT('',(8.32265625,0.));
#9832 = VECTOR('',#9833,1.);
#9833 = DIRECTION('',(0.,-1.));
#9834 = ( GEOMETRIC_REPRESENTATION_CONTEXT(2) 
PARAMETRIC_REPRESENTATION_CONTEXT() REPRESENTATION_CONTEXT('2D SPACE',''
  ) );
#9835 = PCURVE('',#355,#9836);
#9836 = DEFINITIONAL_REPRESENTATION('',(#9837),#9841);
#9837 = LINE('',#9838,#9839);
#9838 = CARTESIAN_POINT('',(0.,0.));
#9839 = VECTOR('',#9840,1.);
#9840 = DIRECTION('',(0.,1.));
#9841 = ( GEOMETRIC_REPRESENTATION_CONTEXT(2) 
PARAMETRIC_REPRESENTATION_CONTEXT() REPRESENTATION_CONTEXT('2D SPACE',''
  ) );
#9842 = ADVANCED_FACE('',(#9843),#355,.F.);
#9843 = FACE_BOUND('',#9844,.F.);
#9844 = EDGE_LOOP('',(#9845,#9846,#9847,#9848));
#9845 = ORIENTED_EDGE('',*,*,#9822,.F.);
#9846 = ORIENTED_EDGE('',*,*,#338,.T.);
#9847 = ORIENTED_EDGE('',*,*,#9793,.T.);
#9848 = ORIENTED_EDGE('',*,*,#5519,.F.);
#9849 = ADVANCED_FACE('',(#9850),#467,.F.);
#9850 = FACE_BOUND('',#9851,.T.);
#9851 = EDGE_LOOP('',(#9852,#9873,#9874,#9893));
#9852 = ORIENTED_EDGE('',*,*,#9853,.F.);
#9853 = EDGE_CURVE('',#451,#5612,#9854,.T.);
#9854 = SURFACE_CURVE('',#9855,(#9859,#9866),.PCURVE_S1.);
#9855 = LINE('',#9856,#9857);
#9856 = CARTESIAN_POINT('',(45.147265625,14.236666666667,-1.));
#9857 = VECTOR('',#9858,1.);
#9858 = DIRECTION('',(0.,0.,1.));
#9859 = PCURVE('',#467,#9860);
#9860 = DEFINITIONAL_REPRESENTATION('',(#9861),#9865);
#9861 = LINE('',#9862,#9863);
#9862 = CARTESIAN_POINT('',(-0.,0.));
#9863 = VECTOR('',#9864,1.);
#9864 = DIRECTION('',(-0.,1.));
#9865 = ( GEOMETRIC_REPRESENTATION_CONTEXT(2) 
PARAMETRIC_REPRESENTATION_CONTEXT() REPRESENTATION_CONTEXT('2D SPACE',''
  ) );
#9866 = PCURVE('',#1497,#9867);
#9867 = DEFINITIONAL_REPRESENTATION('',(#9868),#9872);
#9868 = LINE('',#9869,#9870);
#9869 = CARTESIAN_POINT('',(1.5,0.));
#9870 = VECTOR('',#9871,1.);
#9871 = DIRECTION('',(0.,-1.));
#9872 = ( GEOMETRIC_REPRESENTATION_CONTEXT(2) 
PARAMETRIC_REPRESENTATION_CONTEXT() REPRESENTATION_CONTEXT('2D SPACE',''
  ) );
#9873 = ORIENTED_EDGE('',*,*,#448,.F.);
#9874 = ORIENTED_EDGE('',*,*,#9875,.T.);
#9875 = EDGE_CURVE('',#449,#5610,#9876,.T.);
#9876 = SURFACE_CURVE('',#9877,(#9881,#9887),.PCURVE_S1.);
#9877 = LINE('',#9878,#9879);
#9878 = CARTESIAN_POINT('',(44.146484375,14.619331940791,-1.));
#9879 = VECTOR('',#9880,1.);
#9880 = DIRECTION('',(0.,0.,1.));
#9881 = PCURVE('',#467,#9882);
#9882 = DEFINITIONAL_REPRESENTATION('',(#9883),#9886);
#9883 = B_SPLINE_CURVE_WITH_KNOTS('',1,(#9884,#9885),.UNSPECIFIED.,.F.,
  .F.,(2,2),(0.9999994,3.0000006),.PIECEWISE_BEZIER_KNOTS.);
#9884 = CARTESIAN_POINT('',(-0.730426646029,0.9999994));
#9885 = CARTESIAN_POINT('',(-0.730426646029,3.0000006));
#9886 = ( GEOMETRIC_REPRESENTATION_CONTEXT(2) 
PARAMETRIC_REPRESENTATION_CONTEXT() REPRESENTATION_CONTEXT('2D SPACE',''
  ) );
#9887 = PCURVE('',#496,#9888);
#9888 = DEFINITIONAL_REPRESENTATION('',(#9889),#9892);
#9889 = B_SPLINE_CURVE_WITH_KNOTS('',1,(#9890,#9891),.UNSPECIFIED.,.F.,
  .F.,(2,2),(0.9999994,3.0000006),.PIECEWISE_BEZIER_KNOTS.);
#9890 = CARTESIAN_POINT('',(0.730426646029,0.9999994));
#9891 = CARTESIAN_POINT('',(0.730426646029,3.0000006));
#9892 = ( GEOMETRIC_REPRESENTATION_CONTEXT(2) 
PARAMETRIC_REPRESENTATION_CONTEXT() REPRESENTATION_CONTEXT('2D SPACE',''
  ) );
#9893 = ORIENTED_EDGE('',*,*,#5609,.T.);
#9894 = ADVANCED_FACE('',(#9895),#496,.F.);
#9895 = FACE_BOUND('',#9896,.F.);
#9896 = EDGE_LOOP('',(#9897,#9918,#9919,#9920));
#9897 = ORIENTED_EDGE('',*,*,#9898,.F.);
#9898 = EDGE_CURVE('',#480,#5636,#9899,.T.);
#9899 = SURFACE_CURVE('',#9900,(#9904,#9911),.PCURVE_S1.);
#9900 = LINE('',#9901,#9902);
#9901 = CARTESIAN_POINT('',(43.145703125,14.236666666667,-1.));
#9902 = VECTOR('',#9903,1.);
#9903 = DIRECTION('',(0.,0.,1.));
#9904 = PCURVE('',#496,#9905);
#9905 = DEFINITIONAL_REPRESENTATION('',(#9906),#9910);
#9906 = LINE('',#9907,#9908);
#9907 = CARTESIAN_POINT('',(0.,0.));
#9908 = VECTOR('',#9909,1.);
#9909 = DIRECTION('',(0.,1.));
#9910 = ( GEOMETRIC_REPRESENTATION_CONTEXT(2) 
PARAMETRIC_REPRESENTATION_CONTEXT() REPRESENTATION_CONTEXT('2D SPACE',''
  ) );
#9911 = PCURVE('',#523,#9912);
#9912 = DEFINITIONAL_REPRESENTATION('',(#9913),#9917);
#9913 = LINE('',#9914,#9915);
#9914 = CARTESIAN_POINT('',(23.410546875,0.));
#9915 = VECTOR('',#9916,1.);
#9916 = DIRECTION('',(0.,-1.));
#9917 = ( GEOMETRIC_REPRESENTATION_CONTEXT(2) 
PARAMETRIC_REPRESENTATION_CONTEXT() REPRESENTATION_CONTEXT('2D SPACE',''
  ) );
#9918 = ORIENTED_EDGE('',*,*,#479,.T.);
#9919 = ORIENTED_EDGE('',*,*,#9875,.T.);
#9920 = ORIENTED_EDGE('',*,*,#5635,.F.);
#9921 = ADVANCED_FACE('',(#9922),#1497,.T.);
#9922 = FACE_BOUND('',#9923,.T.);
#9923 = EDGE_LOOP('',(#9924,#9925,#9926,#9927));
#9924 = ORIENTED_EDGE('',*,*,#1484,.T.);
#9925 = ORIENTED_EDGE('',*,*,#9853,.T.);
#9926 = ORIENTED_EDGE('',*,*,#6460,.F.);
#9927 = ORIENTED_EDGE('',*,*,#9928,.F.);
#9928 = EDGE_CURVE('',#1456,#6437,#9929,.T.);
#9929 = SURFACE_CURVE('',#9930,(#9934,#9941),.PCURVE_S1.);
#9930 = LINE('',#9931,#9932);
#9931 = CARTESIAN_POINT('',(67.0578125,14.236666666667,-1.));
#9932 = VECTOR('',#9933,1.);
#9933 = DIRECTION('',(0.,0.,1.));
#9934 = PCURVE('',#1497,#9935);
#9935 = DEFINITIONAL_REPRESENTATION('',(#9936),#9940);
#9936 = LINE('',#9937,#9938);
#9937 = CARTESIAN_POINT('',(23.410546875,0.));
#9938 = VECTOR('',#9939,1.);
#9939 = DIRECTION('',(0.,-1.));
#9940 = ( GEOMETRIC_REPRESENTATION_CONTEXT(2) 
PARAMETRIC_REPRESENTATION_CONTEXT() REPRESENTATION_CONTEXT('2D SPACE',''
  ) );
#9941 = PCURVE('',#1472,#9942);
#9942 = DEFINITIONAL_REPRESENTATION('',(#9943),#9947);
#9943 = LINE('',#9944,#9945);
#9944 = CARTESIAN_POINT('',(0.,0.));
#9945 = VECTOR('',#9946,1.);
#9946 = DIRECTION('',(0.,1.));
#9947 = ( GEOMETRIC_REPRESENTATION_CONTEXT(2) 
PARAMETRIC_REPRESENTATION_CONTEXT() REPRESENTATION_CONTEXT('2D SPACE',''
  ) );
#9948 = ADVANCED_FACE('',(#9949),#523,.T.);
#9949 = FACE_BOUND('',#9950,.T.);
#9950 = EDGE_LOOP('',(#9951,#9952,#9973,#9974));
#9951 = ORIENTED_EDGE('',*,*,#508,.T.);
#9952 = ORIENTED_EDGE('',*,*,#9953,.T.);
#9953 = EDGE_CURVE('',#509,#5660,#9954,.T.);
#9954 = SURFACE_CURVE('',#9955,(#9959,#9966),.PCURVE_S1.);
#9955 = LINE('',#9956,#9957);
#9956 = CARTESIAN_POINT('',(21.23515625,14.236666666667,-1.));
#9957 = VECTOR('',#9958,1.);
#9958 = DIRECTION('',(0.,0.,1.));
#9959 = PCURVE('',#523,#9960);
#9960 = DEFINITIONAL_REPRESENTATION('',(#9961),#9965);
#9961 = LINE('',#9962,#9963);
#9962 = CARTESIAN_POINT('',(1.5,0.));
#9963 = VECTOR('',#9964,1.);
#9964 = DIRECTION('',(0.,-1.));
#9965 = ( GEOMETRIC_REPRESENTATION_CONTEXT(2) 
PARAMETRIC_REPRESENTATION_CONTEXT() REPRESENTATION_CONTEXT('2D SPACE',''
  ) );
#9966 = PCURVE('',#551,#9967);
#9967 = DEFINITIONAL_REPRESENTATION('',(#9968),#9972);
#9968 = LINE('',#9969,#9970);
#9969 = CARTESIAN_POINT('',(-0.,0.));
#9970 = VECTOR('',#9971,1.);
#9971 = DIRECTION('',(-0.,1.));
#9972 = ( GEOMETRIC_REPRESENTATION_CONTEXT(2) 
PARAMETRIC_REPRESENTATION_CONTEXT() REPRESENTATION_CONTEXT('2D SPACE',''
  ) );
#9973 = ORIENTED_EDGE('',*,*,#5659,.F.);
#9974 = ORIENTED_EDGE('',*,*,#9898,.F.);
#9975 = ADVANCED_FACE('',(#9976),#1472,.F.);
#9976 = FACE_BOUND('',#9977,.F.);
#9977 = EDGE_LOOP('',(#9978,#9979,#9980,#9999));
#9978 = ORIENTED_EDGE('',*,*,#9928,.F.);
#9979 = ORIENTED_EDGE('',*,*,#1455,.T.);
#9980 = ORIENTED_EDGE('',*,*,#9981,.T.);
#9981 = EDGE_CURVE('',#1427,#6413,#9982,.T.);
#9982 = SURFACE_CURVE('',#9983,(#9987,#9993),.PCURVE_S1.);
#9983 = LINE('',#9984,#9985);
#9984 = CARTESIAN_POINT('',(68.05859375,14.619331940791,-1.));
#9985 = VECTOR('',#9986,1.);
#9986 = DIRECTION('',(0.,0.,1.));
#9987 = PCURVE('',#1472,#9988);
#9988 = DEFINITIONAL_REPRESENTATION('',(#9989),#9992);
#9989 = B_SPLINE_CURVE_WITH_KNOTS('',1,(#9990,#9991),.UNSPECIFIED.,.F.,
  .F.,(2,2),(0.9999994,3.0000006),.PIECEWISE_BEZIER_KNOTS.);
#9990 = CARTESIAN_POINT('',(0.730426646029,0.9999994));
#9991 = CARTESIAN_POINT('',(0.730426646029,3.0000006));
#9992 = ( GEOMETRIC_REPRESENTATION_CONTEXT(2) 
PARAMETRIC_REPRESENTATION_CONTEXT() REPRESENTATION_CONTEXT('2D SPACE',''
  ) );
#9993 = PCURVE('',#1443,#9994);
#9994 = DEFINITIONAL_REPRESENTATION('',(#9995),#9998);
#9995 = B_SPLINE_CURVE_WITH_KNOTS('',1,(#9996,#9997),.UNSPECIFIED.,.F.,
  .F.,(2,2),(0.9999994,3.0000006),.PIECEWISE_BEZIER_KNOTS.);
#9996 = CARTESIAN_POINT('',(-0.730426646029,0.9999994));
#9997 = CARTESIAN_POINT('',(-0.730426646029,3.0000006));
#9998 = ( GEOMETRIC_REPRESENTATION_CONTEXT(2) 
PARAMETRIC_REPRESENTATION_CONTEXT() REPRESENTATION_CONTEXT('2D SPACE',''
  ) );
#9999 = ORIENTED_EDGE('',*,*,#6436,.F.);
#10000 = ADVANCED_FACE('',(#10001),#551,.F.);
#10001 = FACE_BOUND('',#10002,.T.);
#10002 = EDGE_LOOP('',(#10003,#10004,#10005,#10026));
#10003 = ORIENTED_EDGE('',*,*,#9953,.F.);
#10004 = ORIENTED_EDGE('',*,*,#534,.F.);
#10005 = ORIENTED_EDGE('',*,*,#10006,.T.);
#10006 = EDGE_CURVE('',#535,#5681,#10007,.T.);
#10007 = SURFACE_CURVE('',#10008,(#10012,#10019),.PCURVE_S1.);
#10008 = LINE('',#10009,#10010);
#10009 = CARTESIAN_POINT('',(19.73515625,15.736666666667,-1.));
#10010 = VECTOR('',#10011,1.);
#10011 = DIRECTION('',(0.,0.,1.));
#10012 = PCURVE('',#551,#10013);
#10013 = DEFINITIONAL_REPRESENTATION('',(#10014),#10018);
#10014 = LINE('',#10015,#10016);
#10015 = CARTESIAN_POINT('',(-1.570796326795,0.));
#10016 = VECTOR('',#10017,1.);
#10017 = DIRECTION('',(-0.,1.));
#10018 = ( GEOMETRIC_REPRESENTATION_CONTEXT(2) 
PARAMETRIC_REPRESENTATION_CONTEXT() REPRESENTATION_CONTEXT('2D SPACE',''
  ) );
#10019 = PCURVE('',#578,#10020);
#10020 = DEFINITIONAL_REPRESENTATION('',(#10021),#10025);
#10021 = LINE('',#10022,#10023);
#10022 = CARTESIAN_POINT('',(12.713333333333,0.));
#10023 = VECTOR('',#10024,1.);
#10024 = DIRECTION('',(0.,-1.));
#10025 = ( GEOMETRIC_REPRESENTATION_CONTEXT(2) 
PARAMETRIC_REPRESENTATION_CONTEXT() REPRESENTATION_CONTEXT('2D SPACE',''
  ) );
#10026 = ORIENTED_EDGE('',*,*,#5680,.T.);
#10027 = ADVANCED_FACE('',(#10028),#1443,.F.);
#10028 = FACE_BOUND('',#10029,.T.);
#10029 = EDGE_LOOP('',(#10030,#10051,#10052,#10053));
#10030 = ORIENTED_EDGE('',*,*,#10031,.F.);
#10031 = EDGE_CURVE('',#1401,#6392,#10032,.T.);
#10032 = SURFACE_CURVE('',#10033,(#10037,#10044),.PCURVE_S1.);
#10033 = LINE('',#10034,#10035);
#10034 = CARTESIAN_POINT('',(69.059375,14.236666666667,-1.));
#10035 = VECTOR('',#10036,1.);
#10036 = DIRECTION('',(0.,0.,1.));
#10037 = PCURVE('',#1443,#10038);
#10038 = DEFINITIONAL_REPRESENTATION('',(#10039),#10043);
#10039 = LINE('',#10040,#10041);
#10040 = CARTESIAN_POINT('',(-0.,0.));
#10041 = VECTOR('',#10042,1.);
#10042 = DIRECTION('',(-0.,1.));
#10043 = ( GEOMETRIC_REPRESENTATION_CONTEXT(2) 
PARAMETRIC_REPRESENTATION_CONTEXT() REPRESENTATION_CONTEXT('2D SPACE',''
  ) );
#10044 = PCURVE('',#1415,#10045);
#10045 = DEFINITIONAL_REPRESENTATION('',(#10046),#10050);
#10046 = LINE('',#10047,#10048);
#10047 = CARTESIAN_POINT('',(1.5,0.));
#10048 = VECTOR('',#10049,1.);
#10049 = DIRECTION('',(0.,-1.));
#10050 = ( GEOMETRIC_REPRESENTATION_CONTEXT(2) 
PARAMETRIC_REPRESENTATION_CONTEXT() REPRESENTATION_CONTEXT('2D SPACE',''
  ) );
#10051 = ORIENTED_EDGE('',*,*,#1426,.F.);
#10052 = ORIENTED_EDGE('',*,*,#9981,.T.);
#10053 = ORIENTED_EDGE('',*,*,#6412,.T.);
#10054 = ADVANCED_FACE('',(#10055),#578,.T.);
#10055 = FACE_BOUND('',#10056,.T.);
#10056 = EDGE_LOOP('',(#10057,#10058,#10079,#10080));
#10057 = ORIENTED_EDGE('',*,*,#563,.T.);
#10058 = ORIENTED_EDGE('',*,*,#10059,.T.);
#10059 = EDGE_CURVE('',#564,#5705,#10060,.T.);
#10060 = SURFACE_CURVE('',#10061,(#10065,#10072),.PCURVE_S1.);
#10061 = LINE('',#10062,#10063);
#10062 = CARTESIAN_POINT('',(19.73515625,26.95,-1.));
#10063 = VECTOR('',#10064,1.);
#10064 = DIRECTION('',(0.,0.,1.));
#10065 = PCURVE('',#578,#10066);
#10066 = DEFINITIONAL_REPRESENTATION('',(#10067),#10071);
#10067 = LINE('',#10068,#10069);
#10068 = CARTESIAN_POINT('',(1.5,0.));
#10069 = VECTOR('',#10070,1.);
#10070 = DIRECTION('',(0.,-1.));
#10071 = ( GEOMETRIC_REPRESENTATION_CONTEXT(2) 
PARAMETRIC_REPRESENTATION_CONTEXT() REPRESENTATION_CONTEXT('2D SPACE',''
  ) );
#10072 = PCURVE('',#606,#10073);
#10073 = DEFINITIONAL_REPRESENTATION('',(#10074),#10078);
#10074 = LINE('',#10075,#10076);
#10075 = CARTESIAN_POINT('',(1.570796326795,0.));
#10076 = VECTOR('',#10077,1.);
#10077 = DIRECTION('',(0.,1.));
#10078 = ( GEOMETRIC_REPRESENTATION_CONTEXT(2) 
PARAMETRIC_REPRESENTATION_CONTEXT() REPRESENTATION_CONTEXT('2D SPACE',''
  ) );
#10079 = ORIENTED_EDGE('',*,*,#5704,.F.);
#10080 = ORIENTED_EDGE('',*,*,#10006,.F.);
#10081 = ADVANCED_FACE('',(#10082),#1415,.T.);
#10082 = FACE_BOUND('',#10083,.T.);
#10083 = EDGE_LOOP('',(#10084,#10085,#10086,#10087));
#10084 = ORIENTED_EDGE('',*,*,#1400,.T.);
#10085 = ORIENTED_EDGE('',*,*,#10031,.T.);
#10086 = ORIENTED_EDGE('',*,*,#6391,.F.);
#10087 = ORIENTED_EDGE('',*,*,#10088,.F.);
#10088 = EDGE_CURVE('',#1372,#6368,#10089,.T.);
#10089 = SURFACE_CURVE('',#10090,(#10094,#10101),.PCURVE_S1.);
#10090 = LINE('',#10091,#10092);
#10091 = CARTESIAN_POINT('',(90.969921875,14.236666666667,-1.));
#10092 = VECTOR('',#10093,1.);
#10093 = DIRECTION('',(0.,0.,1.));
#10094 = PCURVE('',#1415,#10095);
#10095 = DEFINITIONAL_REPRESENTATION('',(#10096),#10100);
#10096 = LINE('',#10097,#10098);
#10097 = CARTESIAN_POINT('',(23.410546875,0.));
#10098 = VECTOR('',#10099,1.);
#10099 = DIRECTION('',(0.,-1.));
#10100 = ( GEOMETRIC_REPRESENTATION_CONTEXT(2) 
PARAMETRIC_REPRESENTATION_CONTEXT() REPRESENTATION_CONTEXT('2D SPACE',''
  ) );
#10101 = PCURVE('',#1388,#10102);
#10102 = DEFINITIONAL_REPRESENTATION('',(#10103),#10107);
#10103 = LINE('',#10104,#10105);
#10104 = CARTESIAN_POINT('',(0.,0.));
#10105 = VECTOR('',#10106,1.);
#10106 = DIRECTION('',(0.,1.));
#10107 = ( GEOMETRIC_REPRESENTATION_CONTEXT(2) 
PARAMETRIC_REPRESENTATION_CONTEXT() REPRESENTATION_CONTEXT('2D SPACE',''
  ) );
#10108 = ADVANCED_FACE('',(#10109),#606,.F.);
#10109 = FACE_BOUND('',#10110,.F.);
#10110 = EDGE_LOOP('',(#10111,#10112,#10113,#10114));
#10111 = ORIENTED_EDGE('',*,*,#589,.T.);
#10112 = ORIENTED_EDGE('',*,*,#10059,.T.);
#10113 = ORIENTED_EDGE('',*,*,#5725,.F.);
#10114 = ORIENTED_EDGE('',*,*,#10115,.F.);
#10115 = EDGE_CURVE('',#590,#5726,#10116,.T.);
#10116 = SURFACE_CURVE('',#10117,(#10121,#10127),.PCURVE_S1.);
#10117 = LINE('',#10118,#10119);
#10118 = CARTESIAN_POINT('',(20.105338172215,27.936666666667,-1.));
#10119 = VECTOR('',#10120,1.);
#10120 = DIRECTION('',(0.,0.,1.));
#10121 = PCURVE('',#606,#10122);
#10122 = DEFINITIONAL_REPRESENTATION('',(#10123),#10126);
#10123 = B_SPLINE_CURVE_WITH_KNOTS('',1,(#10124,#10125),.UNSPECIFIED.,
  .F.,.F.,(2,2),(0.9999994,3.0000006),.PIECEWISE_BEZIER_KNOTS.);
#10124 = CARTESIAN_POINT('',(0.852931708321,0.9999994));
#10125 = CARTESIAN_POINT('',(0.852931708321,3.0000006));
#10126 = ( GEOMETRIC_REPRESENTATION_CONTEXT(2) 
PARAMETRIC_REPRESENTATION_CONTEXT() REPRESENTATION_CONTEXT('2D SPACE',''
  ) );
#10127 = PCURVE('',#635,#10128);
#10128 = DEFINITIONAL_REPRESENTATION('',(#10129),#10132);
#10129 = B_SPLINE_CURVE_WITH_KNOTS('',1,(#10130,#10131),.UNSPECIFIED.,
  .F.,.F.,(2,2),(0.9999994,3.0000006),.PIECEWISE_BEZIER_KNOTS.);
#10130 = CARTESIAN_POINT('',(-0.852931708321,0.9999994));
#10131 = CARTESIAN_POINT('',(-0.852931708321,3.0000006));
#10132 = ( GEOMETRIC_REPRESENTATION_CONTEXT(2) 
PARAMETRIC_REPRESENTATION_CONTEXT() REPRESENTATION_CONTEXT('2D SPACE',''
  ) );
#10133 = ADVANCED_FACE('',(#10134),#1388,.F.);
#10134 = FACE_BOUND('',#10135,.F.);
#10135 = EDGE_LOOP('',(#10136,#10137,#10138,#10159));
#10136 = ORIENTED_EDGE('',*,*,#10088,.F.);
#10137 = ORIENTED_EDGE('',*,*,#1371,.T.);
#10138 = ORIENTED_EDGE('',*,*,#10139,.T.);
#10139 = EDGE_CURVE('',#1346,#6347,#10140,.T.);
#10140 = SURFACE_CURVE('',#10141,(#10145,#10152),.PCURVE_S1.);
#10141 = LINE('',#10142,#10143);
#10142 = CARTESIAN_POINT('',(92.469921875,15.736666666667,-1.));
#10143 = VECTOR('',#10144,1.);
#10144 = DIRECTION('',(0.,0.,1.));
#10145 = PCURVE('',#1388,#10146);
#10146 = DEFINITIONAL_REPRESENTATION('',(#10147),#10151);
#10147 = LINE('',#10148,#10149);
#10148 = CARTESIAN_POINT('',(1.570796326795,0.));
#10149 = VECTOR('',#10150,1.);
#10150 = DIRECTION('',(0.,1.));
#10151 = ( GEOMETRIC_REPRESENTATION_CONTEXT(2) 
PARAMETRIC_REPRESENTATION_CONTEXT() REPRESENTATION_CONTEXT('2D SPACE',''
  ) );
#10152 = PCURVE('',#1360,#10153);
#10153 = DEFINITIONAL_REPRESENTATION('',(#10154),#10158);
#10154 = LINE('',#10155,#10156);
#10155 = CARTESIAN_POINT('',(1.5,0.));
#10156 = VECTOR('',#10157,1.);
#10157 = DIRECTION('',(0.,-1.));
#10158 = ( GEOMETRIC_REPRESENTATION_CONTEXT(2) 
PARAMETRIC_REPRESENTATION_CONTEXT() REPRESENTATION_CONTEXT('2D SPACE',''
  ) );
#10159 = ORIENTED_EDGE('',*,*,#6367,.F.);
#10160 = ADVANCED_FACE('',(#10161),#635,.F.);
#10161 = FACE_BOUND('',#10162,.T.);
#10162 = EDGE_LOOP('',(#10163,#10164,#10165,#10186));
#10163 = ORIENTED_EDGE('',*,*,#10115,.F.);
#10164 = ORIENTED_EDGE('',*,*,#618,.F.);
#10165 = ORIENTED_EDGE('',*,*,#10166,.T.);
#10166 = EDGE_CURVE('',#619,#5750,#10167,.T.);
#10167 = SURFACE_CURVE('',#10168,(#10172,#10179),.PCURVE_S1.);
#10168 = LINE('',#10169,#10170);
#10169 = CARTESIAN_POINT('',(19.73515625,28.923333333333,-1.));
#10170 = VECTOR('',#10171,1.);
#10171 = DIRECTION('',(0.,0.,1.));
#10172 = PCURVE('',#635,#10173);
#10173 = DEFINITIONAL_REPRESENTATION('',(#10174),#10178);
#10174 = LINE('',#10175,#10176);
#10175 = CARTESIAN_POINT('',(-1.570796326795,0.));
#10176 = VECTOR('',#10177,1.);
#10177 = DIRECTION('',(-0.,1.));
#10178 = ( GEOMETRIC_REPRESENTATION_CONTEXT(2) 
PARAMETRIC_REPRESENTATION_CONTEXT() REPRESENTATION_CONTEXT('2D SPACE',''
  ) );
#10179 = PCURVE('',#662,#10180);
#10180 = DEFINITIONAL_REPRESENTATION('',(#10181),#10185);
#10181 = LINE('',#10182,#10183);
#10182 = CARTESIAN_POINT('',(12.713333333333,0.));
#10183 = VECTOR('',#10184,1.);
#10184 = DIRECTION('',(0.,-1.));
#10185 = ( GEOMETRIC_REPRESENTATION_CONTEXT(2) 
PARAMETRIC_REPRESENTATION_CONTEXT() REPRESENTATION_CONTEXT('2D SPACE',''
  ) );
#10186 = ORIENTED_EDGE('',*,*,#5749,.T.);
#10187 = ADVANCED_FACE('',(#10188),#1360,.T.);
#10188 = FACE_BOUND('',#10189,.T.);
#10189 = EDGE_LOOP('',(#10190,#10191,#10192,#10193));
#10190 = ORIENTED_EDGE('',*,*,#1345,.T.);
#10191 = ORIENTED_EDGE('',*,*,#10139,.T.);
#10192 = ORIENTED_EDGE('',*,*,#6346,.F.);
#10193 = ORIENTED_EDGE('',*,*,#10194,.F.);
#10194 = EDGE_CURVE('',#1317,#6323,#10195,.T.);
#10195 = SURFACE_CURVE('',#10196,(#10200,#10207),.PCURVE_S1.);
#10196 = LINE('',#10197,#10198);
#10197 = CARTESIAN_POINT('',(92.469921875,26.95,-1.));
#10198 = VECTOR('',#10199,1.);
#10199 = DIRECTION('',(0.,0.,1.));
#10200 = PCURVE('',#1360,#10201);
#10201 = DEFINITIONAL_REPRESENTATION('',(#10202),#10206);
#10202 = LINE('',#10203,#10204);
#10203 = CARTESIAN_POINT('',(12.713333333333,0.));
#10204 = VECTOR('',#10205,1.);
#10205 = DIRECTION('',(0.,-1.));
#10206 = ( GEOMETRIC_REPRESENTATION_CONTEXT(2) 
PARAMETRIC_REPRESENTATION_CONTEXT() REPRESENTATION_CONTEXT('2D SPACE',''
  ) );
#10207 = PCURVE('',#1333,#10208);
#10208 = DEFINITIONAL_REPRESENTATION('',(#10209),#10213);
#10209 = LINE('',#10210,#10211);
#10210 = CARTESIAN_POINT('',(0.,0.));
#10211 = VECTOR('',#10212,1.);
#10212 = DIRECTION('',(0.,1.));
#10213 = ( GEOMETRIC_REPRESENTATION_CONTEXT(2) 
PARAMETRIC_REPRESENTATION_CONTEXT() REPRESENTATION_CONTEXT('2D SPACE',''
  ) );
#10214 = ADVANCED_FACE('',(#10215),#662,.T.);
#10215 = FACE_BOUND('',#10216,.T.);
#10216 = EDGE_LOOP('',(#10217,#10218,#10239,#10240));
#10217 = ORIENTED_EDGE('',*,*,#647,.T.);
#10218 = ORIENTED_EDGE('',*,*,#10219,.T.);
#10219 = EDGE_CURVE('',#648,#5774,#10220,.T.);
#10220 = SURFACE_CURVE('',#10221,(#10225,#10232),.PCURVE_S1.);
#10221 = LINE('',#10222,#10223);
#10222 = CARTESIAN_POINT('',(19.73515625,40.136666666667,-1.));
#10223 = VECTOR('',#10224,1.);
#10224 = DIRECTION('',(0.,0.,1.));
#10225 = PCURVE('',#662,#10226);
#10226 = DEFINITIONAL_REPRESENTATION('',(#10227),#10231);
#10227 = LINE('',#10228,#10229);
#10228 = CARTESIAN_POINT('',(1.5,0.));
#10229 = VECTOR('',#10230,1.);
#10230 = DIRECTION('',(0.,-1.));
#10231 = ( GEOMETRIC_REPRESENTATION_CONTEXT(2) 
PARAMETRIC_REPRESENTATION_CONTEXT() REPRESENTATION_CONTEXT('2D SPACE',''
  ) );
#10232 = PCURVE('',#690,#10233);
#10233 = DEFINITIONAL_REPRESENTATION('',(#10234),#10238);
#10234 = LINE('',#10235,#10236);
#10235 = CARTESIAN_POINT('',(1.570796326795,0.));
#10236 = VECTOR('',#10237,1.);
#10237 = DIRECTION('',(0.,1.));
#10238 = ( GEOMETRIC_REPRESENTATION_CONTEXT(2) 
PARAMETRIC_REPRESENTATION_CONTEXT() REPRESENTATION_CONTEXT('2D SPACE',''
  ) );
#10239 = ORIENTED_EDGE('',*,*,#5773,.F.);
#10240 = ORIENTED_EDGE('',*,*,#10166,.F.);
#10241 = ADVANCED_FACE('',(#10242),#1333,.F.);
#10242 = FACE_BOUND('',#10243,.F.);
#10243 = EDGE_LOOP('',(#10244,#10245,#10246,#10265));
#10244 = ORIENTED_EDGE('',*,*,#10194,.F.);
#10245 = ORIENTED_EDGE('',*,*,#1316,.T.);
#10246 = ORIENTED_EDGE('',*,*,#10247,.T.);
#10247 = EDGE_CURVE('',#1288,#6299,#10248,.T.);
#10248 = SURFACE_CURVE('',#10249,(#10253,#10259),.PCURVE_S1.);
#10249 = LINE('',#10250,#10251);
#10250 = CARTESIAN_POINT('',(92.099739952785,27.936666666667,-1.));
#10251 = VECTOR('',#10252,1.);
#10252 = DIRECTION('',(0.,0.,1.));
#10253 = PCURVE('',#1333,#10254);
#10254 = DEFINITIONAL_REPRESENTATION('',(#10255),#10258);
#10255 = B_SPLINE_CURVE_WITH_KNOTS('',1,(#10256,#10257),.UNSPECIFIED.,
  .F.,.F.,(2,2),(0.9999994,3.0000006),.PIECEWISE_BEZIER_KNOTS.);
#10256 = CARTESIAN_POINT('',(0.717864618474,0.9999994));
#10257 = CARTESIAN_POINT('',(0.717864618474,3.0000006));
#10258 = ( GEOMETRIC_REPRESENTATION_CONTEXT(2) 
PARAMETRIC_REPRESENTATION_CONTEXT() REPRESENTATION_CONTEXT('2D SPACE',''
  ) );
#10259 = PCURVE('',#1304,#10260);
#10260 = DEFINITIONAL_REPRESENTATION('',(#10261),#10264);
#10261 = B_SPLINE_CURVE_WITH_KNOTS('',1,(#10262,#10263),.UNSPECIFIED.,
  .F.,.F.,(2,2),(0.9999994,3.0000006),.PIECEWISE_BEZIER_KNOTS.);
#10262 = CARTESIAN_POINT('',(0.852931708321,0.9999994));
#10263 = CARTESIAN_POINT('',(0.852931708321,3.0000006));
#10264 = ( GEOMETRIC_REPRESENTATION_CONTEXT(2) 
PARAMETRIC_REPRESENTATION_CONTEXT() REPRESENTATION_CONTEXT('2D SPACE',''
  ) );
#10265 = ORIENTED_EDGE('',*,*,#6322,.F.);
#10266 = ADVANCED_FACE('',(#10267),#690,.F.);
#10267 = FACE_BOUND('',#10268,.F.);
#10268 = EDGE_LOOP('',(#10269,#10270,#10271,#10272));
#10269 = ORIENTED_EDGE('',*,*,#673,.T.);
#10270 = ORIENTED_EDGE('',*,*,#10219,.T.);
#10271 = ORIENTED_EDGE('',*,*,#5794,.F.);
#10272 = ORIENTED_EDGE('',*,*,#10273,.F.);
#10273 = EDGE_CURVE('',#674,#5795,#10274,.T.);
#10274 = SURFACE_CURVE('',#10275,(#10279,#10285),.PCURVE_S1.);
#10275 = LINE('',#10276,#10277);
#10276 = CARTESIAN_POINT('',(20.105338172215,41.123333333333,-1.));
#10277 = VECTOR('',#10278,1.);
#10278 = DIRECTION('',(0.,0.,1.));
#10279 = PCURVE('',#690,#10280);
#10280 = DEFINITIONAL_REPRESENTATION('',(#10281),#10284);
#10281 = B_SPLINE_CURVE_WITH_KNOTS('',1,(#10282,#10283),.UNSPECIFIED.,
  .F.,.F.,(2,2),(0.9999994,3.0000006),.PIECEWISE_BEZIER_KNOTS.);
#10282 = CARTESIAN_POINT('',(0.852931708321,0.9999994));
#10283 = CARTESIAN_POINT('',(0.852931708321,3.0000006));
#10284 = ( GEOMETRIC_REPRESENTATION_CONTEXT(2) 
PARAMETRIC_REPRESENTATION_CONTEXT() REPRESENTATION_CONTEXT('2D SPACE',''
  ) );
#10285 = PCURVE('',#719,#10286);
#10286 = DEFINITIONAL_REPRESENTATION('',(#10287),#10290);
#10287 = B_SPLINE_CURVE_WITH_KNOTS('',1,(#10288,#10289),.UNSPECIFIED.,
  .F.,.F.,(2,2),(0.9999994,3.0000006),.PIECEWISE_BEZIER_KNOTS.);
#10288 = CARTESIAN_POINT('',(-0.852931708321,0.9999994));
#10289 = CARTESIAN_POINT('',(-0.852931708321,3.0000006));
#10290 = ( GEOMETRIC_REPRESENTATION_CONTEXT(2) 
PARAMETRIC_REPRESENTATION_CONTEXT() REPRESENTATION_CONTEXT('2D SPACE',''
  ) );
#10291 = ADVANCED_FACE('',(#10292),#1304,.F.);
#10292 = FACE_BOUND('',#10293,.F.);
#10293 = EDGE_LOOP('',(#10294,#10295,#10296,#10317));
#10294 = ORIENTED_EDGE('',*,*,#10247,.F.);
#10295 = ORIENTED_EDGE('',*,*,#1287,.T.);
#10296 = ORIENTED_EDGE('',*,*,#10297,.T.);
#10297 = EDGE_CURVE('',#1262,#6278,#10298,.T.);
#10298 = SURFACE_CURVE('',#10299,(#10303,#10310),.PCURVE_S1.);
#10299 = LINE('',#10300,#10301);
#10300 = CARTESIAN_POINT('',(92.469921875,28.923333333333,-1.));
#10301 = VECTOR('',#10302,1.);
#10302 = DIRECTION('',(0.,0.,1.));
#10303 = PCURVE('',#1304,#10304);
#10304 = DEFINITIONAL_REPRESENTATION('',(#10305),#10309);
#10305 = LINE('',#10306,#10307);
#10306 = CARTESIAN_POINT('',(1.570796326795,0.));
#10307 = VECTOR('',#10308,1.);
#10308 = DIRECTION('',(0.,1.));
#10309 = ( GEOMETRIC_REPRESENTATION_CONTEXT(2) 
PARAMETRIC_REPRESENTATION_CONTEXT() REPRESENTATION_CONTEXT('2D SPACE',''
  ) );
#10310 = PCURVE('',#1276,#10311);
#10311 = DEFINITIONAL_REPRESENTATION('',(#10312),#10316);
#10312 = LINE('',#10313,#10314);
#10313 = CARTESIAN_POINT('',(1.5,0.));
#10314 = VECTOR('',#10315,1.);
#10315 = DIRECTION('',(0.,-1.));
#10316 = ( GEOMETRIC_REPRESENTATION_CONTEXT(2) 
PARAMETRIC_REPRESENTATION_CONTEXT() REPRESENTATION_CONTEXT('2D SPACE',''
  ) );
#10317 = ORIENTED_EDGE('',*,*,#6298,.F.);
#10318 = ADVANCED_FACE('',(#10319),#719,.F.);
#10319 = FACE_BOUND('',#10320,.T.);
#10320 = EDGE_LOOP('',(#10321,#10322,#10323,#10344));
#10321 = ORIENTED_EDGE('',*,*,#10273,.F.);
#10322 = ORIENTED_EDGE('',*,*,#702,.F.);
#10323 = ORIENTED_EDGE('',*,*,#10324,.T.);
#10324 = EDGE_CURVE('',#703,#5819,#10325,.T.);
#10325 = SURFACE_CURVE('',#10326,(#10330,#10337),.PCURVE_S1.);
#10326 = LINE('',#10327,#10328);
#10327 = CARTESIAN_POINT('',(19.73515625,42.11,-1.));
#10328 = VECTOR('',#10329,1.);
#10329 = DIRECTION('',(0.,0.,1.));
#10330 = PCURVE('',#719,#10331);
#10331 = DEFINITIONAL_REPRESENTATION('',(#10332),#10336);
#10332 = LINE('',#10333,#10334);
#10333 = CARTESIAN_POINT('',(-1.570796326795,0.));
#10334 = VECTOR('',#10335,1.);
#10335 = DIRECTION('',(-0.,1.));
#10336 = ( GEOMETRIC_REPRESENTATION_CONTEXT(2) 
PARAMETRIC_REPRESENTATION_CONTEXT() REPRESENTATION_CONTEXT('2D SPACE',''
  ) );
#10337 = PCURVE('',#746,#10338);
#10338 = DEFINITIONAL_REPRESENTATION('',(#10339),#10343);
#10339 = LINE('',#10340,#10341);
#10340 = CARTESIAN_POINT('',(12.713333333333,0.));
#10341 = VECTOR('',#10342,1.);
#10342 = DIRECTION('',(0.,-1.));
#10343 = ( GEOMETRIC_REPRESENTATION_CONTEXT(2) 
PARAMETRIC_REPRESENTATION_CONTEXT() REPRESENTATION_CONTEXT('2D SPACE',''
  ) );
#10344 = ORIENTED_EDGE('',*,*,#5818,.T.);
#10345 = ADVANCED_FACE('',(#10346),#1276,.T.);
#10346 = FACE_BOUND('',#10347,.T.);
#10347 = EDGE_LOOP('',(#10348,#10349,#10350,#10351));
#10348 = ORIENTED_EDGE('',*,*,#1261,.T.);
#10349 = ORIENTED_EDGE('',*,*,#10297,.T.);
#10350 = ORIENTED_EDGE('',*,*,#6277,.F.);
#10351 = ORIENTED_EDGE('',*,*,#10352,.F.);
#10352 = EDGE_CURVE('',#1233,#6254,#10353,.T.);
#10353 = SURFACE_CURVE('',#10354,(#10358,#10365),.PCURVE_S1.);
#10354 = LINE('',#10355,#10356);
#10355 = CARTESIAN_POINT('',(92.469921875,40.136666666667,-1.));
#10356 = VECTOR('',#10357,1.);
#10357 = DIRECTION('',(0.,0.,1.));
#10358 = PCURVE('',#1276,#10359);
#10359 = DEFINITIONAL_REPRESENTATION('',(#10360),#10364);
#10360 = LINE('',#10361,#10362);
#10361 = CARTESIAN_POINT('',(12.713333333333,0.));
#10362 = VECTOR('',#10363,1.);
#10363 = DIRECTION('',(0.,-1.));
#10364 = ( GEOMETRIC_REPRESENTATION_CONTEXT(2) 
PARAMETRIC_REPRESENTATION_CONTEXT() REPRESENTATION_CONTEXT('2D SPACE',''
  ) );
#10365 = PCURVE('',#1249,#10366);
#10366 = DEFINITIONAL_REPRESENTATION('',(#10367),#10371);
#10367 = LINE('',#10368,#10369);
#10368 = CARTESIAN_POINT('',(0.,0.));
#10369 = VECTOR('',#10370,1.);
#10370 = DIRECTION('',(0.,1.));
#10371 = ( GEOMETRIC_REPRESENTATION_CONTEXT(2) 
PARAMETRIC_REPRESENTATION_CONTEXT() REPRESENTATION_CONTEXT('2D SPACE',''
  ) );
#10372 = ADVANCED_FACE('',(#10373),#746,.T.);
#10373 = FACE_BOUND('',#10374,.T.);
#10374 = EDGE_LOOP('',(#10375,#10376,#10397,#10398));
#10375 = ORIENTED_EDGE('',*,*,#731,.T.);
#10376 = ORIENTED_EDGE('',*,*,#10377,.T.);
#10377 = EDGE_CURVE('',#732,#5843,#10378,.T.);
#10378 = SURFACE_CURVE('',#10379,(#10383,#10390),.PCURVE_S1.);
#10379 = LINE('',#10380,#10381);
#10380 = CARTESIAN_POINT('',(19.73515625,53.323333333333,-1.));
#10381 = VECTOR('',#10382,1.);
#10382 = DIRECTION('',(0.,0.,1.));
#10383 = PCURVE('',#746,#10384);
#10384 = DEFINITIONAL_REPRESENTATION('',(#10385),#10389);
#10385 = LINE('',#10386,#10387);
#10386 = CARTESIAN_POINT('',(1.5,0.));
#10387 = VECTOR('',#10388,1.);
#10388 = DIRECTION('',(0.,-1.));
#10389 = ( GEOMETRIC_REPRESENTATION_CONTEXT(2) 
PARAMETRIC_REPRESENTATION_CONTEXT() REPRESENTATION_CONTEXT('2D SPACE',''
  ) );
#10390 = PCURVE('',#774,#10391);
#10391 = DEFINITIONAL_REPRESENTATION('',(#10392),#10396);
#10392 = LINE('',#10393,#10394);
#10393 = CARTESIAN_POINT('',(1.570796326795,0.));
#10394 = VECTOR('',#10395,1.);
#10395 = DIRECTION('',(0.,1.));
#10396 = ( GEOMETRIC_REPRESENTATION_CONTEXT(2) 
PARAMETRIC_REPRESENTATION_CONTEXT() REPRESENTATION_CONTEXT('2D SPACE',''
  ) );
#10397 = ORIENTED_EDGE('',*,*,#5842,.F.);
#10398 = ORIENTED_EDGE('',*,*,#10324,.F.);
#10399 = ADVANCED_FACE('',(#10400),#1249,.F.);
#10400 = FACE_BOUND('',#10401,.F.);
#10401 = EDGE_LOOP('',(#10402,#10403,#10404,#10423));
#10402 = ORIENTED_EDGE('',*,*,#10352,.F.);
#10403 = ORIENTED_EDGE('',*,*,#1232,.T.);
#10404 = ORIENTED_EDGE('',*,*,#10405,.T.);
#10405 = EDGE_CURVE('',#1204,#6230,#10406,.T.);
#10406 = SURFACE_CURVE('',#10407,(#10411,#10417),.PCURVE_S1.);
#10407 = LINE('',#10408,#10409);
#10408 = CARTESIAN_POINT('',(92.099739952785,41.123333333333,-1.));
#10409 = VECTOR('',#10410,1.);
#10410 = DIRECTION('',(0.,0.,1.));
#10411 = PCURVE('',#1249,#10412);
#10412 = DEFINITIONAL_REPRESENTATION('',(#10413),#10416);
#10413 = B_SPLINE_CURVE_WITH_KNOTS('',1,(#10414,#10415),.UNSPECIFIED.,
  .F.,.F.,(2,2),(0.9999994,3.0000006),.PIECEWISE_BEZIER_KNOTS.);
#10414 = CARTESIAN_POINT('',(0.717864618474,0.9999994));
#10415 = CARTESIAN_POINT('',(0.717864618474,3.0000006));
#10416 = ( GEOMETRIC_REPRESENTATION_CONTEXT(2) 
PARAMETRIC_REPRESENTATION_CONTEXT() REPRESENTATION_CONTEXT('2D SPACE',''
  ) );
#10417 = PCURVE('',#1220,#10418);
#10418 = DEFINITIONAL_REPRESENTATION('',(#10419),#10422);
#10419 = B_SPLINE_CURVE_WITH_KNOTS('',1,(#10420,#10421),.UNSPECIFIED.,
  .F.,.F.,(2,2),(0.9999994,3.0000006),.PIECEWISE_BEZIER_KNOTS.);
#10420 = CARTESIAN_POINT('',(0.852931708321,0.9999994));
#10421 = CARTESIAN_POINT('',(0.852931708321,3.0000006));
#10422 = ( GEOMETRIC_REPRESENTATION_CONTEXT(2) 
PARAMETRIC_REPRESENTATION_CONTEXT() REPRESENTATION_CONTEXT('2D SPACE',''
  ) );
#10423 = ORIENTED_EDGE('',*,*,#6253,.F.);
#10424 = ADVANCED_FACE('',(#10425),#774,.F.);
#10425 = FACE_BOUND('',#10426,.F.);
#10426 = EDGE_LOOP('',(#10427,#10428,#10429,#10430));
#10427 = ORIENTED_EDGE('',*,*,#757,.T.);
#10428 = ORIENTED_EDGE('',*,*,#10377,.T.);
#10429 = ORIENTED_EDGE('',*,*,#5863,.F.);
#10430 = ORIENTED_EDGE('',*,*,#10431,.F.);
#10431 = EDGE_CURVE('',#758,#5864,#10432,.T.);
#10432 = SURFACE_CURVE('',#10433,(#10437,#10443),.PCURVE_S1.);
#10433 = LINE('',#10434,#10435);
#10434 = CARTESIAN_POINT('',(20.105338172215,54.31,-1.));
#10435 = VECTOR('',#10436,1.);
#10436 = DIRECTION('',(0.,0.,1.));
#10437 = PCURVE('',#774,#10438);
#10438 = DEFINITIONAL_REPRESENTATION('',(#10439),#10442);
#10439 = B_SPLINE_CURVE_WITH_KNOTS('',1,(#10440,#10441),.UNSPECIFIED.,
  .F.,.F.,(2,2),(0.9999994,3.0000006),.PIECEWISE_BEZIER_KNOTS.);
#10440 = CARTESIAN_POINT('',(0.852931708321,0.9999994));
#10441 = CARTESIAN_POINT('',(0.852931708321,3.0000006));
#10442 = ( GEOMETRIC_REPRESENTATION_CONTEXT(2) 
PARAMETRIC_REPRESENTATION_CONTEXT() REPRESENTATION_CONTEXT('2D SPACE',''
  ) );
#10443 = PCURVE('',#803,#10444);
#10444 = DEFINITIONAL_REPRESENTATION('',(#10445),#10448);
#10445 = B_SPLINE_CURVE_WITH_KNOTS('',1,(#10446,#10447),.UNSPECIFIED.,
  .F.,.F.,(2,2),(0.9999994,3.0000006),.PIECEWISE_BEZIER_KNOTS.);
#10446 = CARTESIAN_POINT('',(-0.852931708321,0.9999994));
#10447 = CARTESIAN_POINT('',(-0.852931708321,3.0000006));
#10448 = ( GEOMETRIC_REPRESENTATION_CONTEXT(2) 
PARAMETRIC_REPRESENTATION_CONTEXT() REPRESENTATION_CONTEXT('2D SPACE',''
  ) );
#10449 = ADVANCED_FACE('',(#10450),#1220,.F.);
#10450 = FACE_BOUND('',#10451,.F.);
#10451 = EDGE_LOOP('',(#10452,#10453,#10454,#10475));
#10452 = ORIENTED_EDGE('',*,*,#10405,.F.);
#10453 = ORIENTED_EDGE('',*,*,#1203,.T.);
#10454 = ORIENTED_EDGE('',*,*,#10455,.T.);
#10455 = EDGE_CURVE('',#1178,#6209,#10456,.T.);
#10456 = SURFACE_CURVE('',#10457,(#10461,#10468),.PCURVE_S1.);
#10457 = LINE('',#10458,#10459);
#10458 = CARTESIAN_POINT('',(92.469921875,42.11,-1.));
#10459 = VECTOR('',#10460,1.);
#10460 = DIRECTION('',(0.,0.,1.));
#10461 = PCURVE('',#1220,#10462);
#10462 = DEFINITIONAL_REPRESENTATION('',(#10463),#10467);
#10463 = LINE('',#10464,#10465);
#10464 = CARTESIAN_POINT('',(1.570796326795,0.));
#10465 = VECTOR('',#10466,1.);
#10466 = DIRECTION('',(0.,1.));
#10467 = ( GEOMETRIC_REPRESENTATION_CONTEXT(2) 
PARAMETRIC_REPRESENTATION_CONTEXT() REPRESENTATION_CONTEXT('2D SPACE',''
  ) );
#10468 = PCURVE('',#1192,#10469);
#10469 = DEFINITIONAL_REPRESENTATION('',(#10470),#10474);
#10470 = LINE('',#10471,#10472);
#10471 = CARTESIAN_POINT('',(1.5,0.));
#10472 = VECTOR('',#10473,1.);
#10473 = DIRECTION('',(0.,-1.));
#10474 = ( GEOMETRIC_REPRESENTATION_CONTEXT(2) 
PARAMETRIC_REPRESENTATION_CONTEXT() REPRESENTATION_CONTEXT('2D SPACE',''
  ) );
#10475 = ORIENTED_EDGE('',*,*,#6229,.F.);
#10476 = ADVANCED_FACE('',(#10477),#803,.F.);
#10477 = FACE_BOUND('',#10478,.T.);
#10478 = EDGE_LOOP('',(#10479,#10480,#10481,#10502));
#10479 = ORIENTED_EDGE('',*,*,#10431,.F.);
#10480 = ORIENTED_EDGE('',*,*,#786,.F.);
#10481 = ORIENTED_EDGE('',*,*,#10482,.T.);
#10482 = EDGE_CURVE('',#787,#5888,#10483,.T.);
#10483 = SURFACE_CURVE('',#10484,(#10488,#10495),.PCURVE_S1.);
#10484 = LINE('',#10485,#10486);
#10485 = CARTESIAN_POINT('',(19.73515625,55.296666666667,-1.));
#10486 = VECTOR('',#10487,1.);
#10487 = DIRECTION('',(0.,0.,1.));
#10488 = PCURVE('',#803,#10489);
#10489 = DEFINITIONAL_REPRESENTATION('',(#10490),#10494);
#10490 = LINE('',#10491,#10492);
#10491 = CARTESIAN_POINT('',(-1.570796326795,0.));
#10492 = VECTOR('',#10493,1.);
#10493 = DIRECTION('',(-0.,1.));
#10494 = ( GEOMETRIC_REPRESENTATION_CONTEXT(2) 
PARAMETRIC_REPRESENTATION_CONTEXT() REPRESENTATION_CONTEXT('2D SPACE',''
  ) );
#10495 = PCURVE('',#830,#10496);
#10496 = DEFINITIONAL_REPRESENTATION('',(#10497),#10501);
#10497 = LINE('',#10498,#10499);
#10498 = CARTESIAN_POINT('',(12.713333333333,0.));
#10499 = VECTOR('',#10500,1.);
#10500 = DIRECTION('',(0.,-1.));
#10501 = ( GEOMETRIC_REPRESENTATION_CONTEXT(2) 
PARAMETRIC_REPRESENTATION_CONTEXT() REPRESENTATION_CONTEXT('2D SPACE',''
  ) );
#10502 = ORIENTED_EDGE('',*,*,#5887,.T.);
#10503 = ADVANCED_FACE('',(#10504),#1192,.T.);
#10504 = FACE_BOUND('',#10505,.T.);
#10505 = EDGE_LOOP('',(#10506,#10507,#10508,#10509));
#10506 = ORIENTED_EDGE('',*,*,#1177,.T.);
#10507 = ORIENTED_EDGE('',*,*,#10455,.T.);
#10508 = ORIENTED_EDGE('',*,*,#6208,.F.);
#10509 = ORIENTED_EDGE('',*,*,#10510,.F.);
#10510 = EDGE_CURVE('',#1149,#6185,#10511,.T.);
#10511 = SURFACE_CURVE('',#10512,(#10516,#10523),.PCURVE_S1.);
#10512 = LINE('',#10513,#10514);
#10513 = CARTESIAN_POINT('',(92.469921875,53.323333333333,-1.));
#10514 = VECTOR('',#10515,1.);
#10515 = DIRECTION('',(0.,0.,1.));
#10516 = PCURVE('',#1192,#10517);
#10517 = DEFINITIONAL_REPRESENTATION('',(#10518),#10522);
#10518 = LINE('',#10519,#10520);
#10519 = CARTESIAN_POINT('',(12.713333333333,0.));
#10520 = VECTOR('',#10521,1.);
#10521 = DIRECTION('',(0.,-1.));
#10522 = ( GEOMETRIC_REPRESENTATION_CONTEXT(2) 
PARAMETRIC_REPRESENTATION_CONTEXT() REPRESENTATION_CONTEXT('2D SPACE',''
  ) );
#10523 = PCURVE('',#1165,#10524);
#10524 = DEFINITIONAL_REPRESENTATION('',(#10525),#10529);
#10525 = LINE('',#10526,#10527);
#10526 = CARTESIAN_POINT('',(0.,0.));
#10527 = VECTOR('',#10528,1.);
#10528 = DIRECTION('',(0.,1.));
#10529 = ( GEOMETRIC_REPRESENTATION_CONTEXT(2) 
PARAMETRIC_REPRESENTATION_CONTEXT() REPRESENTATION_CONTEXT('2D SPACE',''
  ) );
#10530 = ADVANCED_FACE('',(#10531),#830,.T.);
#10531 = FACE_BOUND('',#10532,.T.);
#10532 = EDGE_LOOP('',(#10533,#10534,#10555,#10556));
#10533 = ORIENTED_EDGE('',*,*,#815,.T.);
#10534 = ORIENTED_EDGE('',*,*,#10535,.T.);
#10535 = EDGE_CURVE('',#816,#5912,#10536,.T.);
#10536 = SURFACE_CURVE('',#10537,(#10541,#10548),.PCURVE_S1.);
#10537 = LINE('',#10538,#10539);
#10538 = CARTESIAN_POINT('',(19.73515625,66.51,-1.));
#10539 = VECTOR('',#10540,1.);
#10540 = DIRECTION('',(0.,0.,1.));
#10541 = PCURVE('',#830,#10542);
#10542 = DEFINITIONAL_REPRESENTATION('',(#10543),#10547);
#10543 = LINE('',#10544,#10545);
#10544 = CARTESIAN_POINT('',(1.5,0.));
#10545 = VECTOR('',#10546,1.);
#10546 = DIRECTION('',(0.,-1.));
#10547 = ( GEOMETRIC_REPRESENTATION_CONTEXT(2) 
PARAMETRIC_REPRESENTATION_CONTEXT() REPRESENTATION_CONTEXT('2D SPACE',''
  ) );
#10548 = PCURVE('',#858,#10549);
#10549 = DEFINITIONAL_REPRESENTATION('',(#10550),#10554);
#10550 = LINE('',#10551,#10552);
#10551 = CARTESIAN_POINT('',(1.570796326795,0.));
#10552 = VECTOR('',#10553,1.);
#10553 = DIRECTION('',(0.,1.));
#10554 = ( GEOMETRIC_REPRESENTATION_CONTEXT(2) 
PARAMETRIC_REPRESENTATION_CONTEXT() REPRESENTATION_CONTEXT('2D SPACE',''
  ) );
#10555 = ORIENTED_EDGE('',*,*,#5911,.F.);
#10556 = ORIENTED_EDGE('',*,*,#10482,.F.);
#10557 = ADVANCED_FACE('',(#10558),#1165,.F.);
#10558 = FACE_BOUND('',#10559,.F.);
#10559 = EDGE_LOOP('',(#10560,#10561,#10562,#10581));
#10560 = ORIENTED_EDGE('',*,*,#10510,.F.);
#10561 = ORIENTED_EDGE('',*,*,#1148,.T.);
#10562 = ORIENTED_EDGE('',*,*,#10563,.T.);
#10563 = EDGE_CURVE('',#1120,#6161,#10564,.T.);
#10564 = SURFACE_CURVE('',#10565,(#10569,#10575),.PCURVE_S1.);
#10565 = LINE('',#10566,#10567);
#10566 = CARTESIAN_POINT('',(92.099739952785,54.31,-1.));
#10567 = VECTOR('',#10568,1.);
#10568 = DIRECTION('',(0.,0.,1.));
#10569 = PCURVE('',#1165,#10570);
#10570 = DEFINITIONAL_REPRESENTATION('',(#10571),#10574);
#10571 = B_SPLINE_CURVE_WITH_KNOTS('',1,(#10572,#10573),.UNSPECIFIED.,
  .F.,.F.,(2,2),(0.9999994,3.0000006),.PIECEWISE_BEZIER_KNOTS.);
#10572 = CARTESIAN_POINT('',(0.717864618474,0.9999994));
#10573 = CARTESIAN_POINT('',(0.717864618474,3.0000006));
#10574 = ( GEOMETRIC_REPRESENTATION_CONTEXT(2) 
PARAMETRIC_REPRESENTATION_CONTEXT() REPRESENTATION_CONTEXT('2D SPACE',''
  ) );
#10575 = PCURVE('',#1136,#10576);
#10576 = DEFINITIONAL_REPRESENTATION('',(#10577),#10580);
#10577 = B_SPLINE_CURVE_WITH_KNOTS('',1,(#10578,#10579),.UNSPECIFIED.,
  .F.,.F.,(2,2),(0.9999994,3.0000006),.PIECEWISE_BEZIER_KNOTS.);
#10578 = CARTESIAN_POINT('',(0.852931708321,0.9999994));
#10579 = CARTESIAN_POINT('',(0.852931708321,3.0000006));
#10580 = ( GEOMETRIC_REPRESENTATION_CONTEXT(2) 
PARAMETRIC_REPRESENTATION_CONTEXT() REPRESENTATION_CONTEXT('2D SPACE',''
  ) );
#10581 = ORIENTED_EDGE('',*,*,#6184,.F.);
#10582 = ADVANCED_FACE('',(#10583),#858,.F.);
#10583 = FACE_BOUND('',#10584,.F.);
#10584 = EDGE_LOOP('',(#10585,#10606,#10607,#10608));
#10585 = ORIENTED_EDGE('',*,*,#10586,.F.);
#10586 = EDGE_CURVE('',#842,#5933,#10587,.T.);
#10587 = SURFACE_CURVE('',#10588,(#10592,#10599),.PCURVE_S1.);
#10588 = LINE('',#10589,#10590);
#10589 = CARTESIAN_POINT('',(21.23515625,68.01,-1.));
#10590 = VECTOR('',#10591,1.);
#10591 = DIRECTION('',(0.,0.,1.));
#10592 = PCURVE('',#858,#10593);
#10593 = DEFINITIONAL_REPRESENTATION('',(#10594),#10598);
#10594 = LINE('',#10595,#10596);
#10595 = CARTESIAN_POINT('',(0.,0.));
#10596 = VECTOR('',#10597,1.);
#10597 = DIRECTION('',(0.,1.));
#10598 = ( GEOMETRIC_REPRESENTATION_CONTEXT(2) 
PARAMETRIC_REPRESENTATION_CONTEXT() REPRESENTATION_CONTEXT('2D SPACE',''
  ) );
#10599 = PCURVE('',#885,#10600);
#10600 = DEFINITIONAL_REPRESENTATION('',(#10601),#10605);
#10601 = LINE('',#10602,#10603);
#10602 = CARTESIAN_POINT('',(23.410546875,0.));
#10603 = VECTOR('',#10604,1.);
#10604 = DIRECTION('',(0.,-1.));
#10605 = ( GEOMETRIC_REPRESENTATION_CONTEXT(2) 
PARAMETRIC_REPRESENTATION_CONTEXT() REPRESENTATION_CONTEXT('2D SPACE',''
  ) );
#10606 = ORIENTED_EDGE('',*,*,#841,.T.);
#10607 = ORIENTED_EDGE('',*,*,#10535,.T.);
#10608 = ORIENTED_EDGE('',*,*,#5932,.F.);
#10609 = ADVANCED_FACE('',(#10610),#1136,.F.);
#10610 = FACE_BOUND('',#10611,.F.);
#10611 = EDGE_LOOP('',(#10612,#10613,#10614,#10635));
#10612 = ORIENTED_EDGE('',*,*,#10563,.F.);
#10613 = ORIENTED_EDGE('',*,*,#1119,.T.);
#10614 = ORIENTED_EDGE('',*,*,#10615,.T.);
#10615 = EDGE_CURVE('',#1094,#6140,#10616,.T.);
#10616 = SURFACE_CURVE('',#10617,(#10621,#10628),.PCURVE_S1.);
#10617 = LINE('',#10618,#10619);
#10618 = CARTESIAN_POINT('',(92.469921875,55.296666666667,-1.));
#10619 = VECTOR('',#10620,1.);
#10620 = DIRECTION('',(0.,0.,1.));
#10621 = PCURVE('',#1136,#10622);
#10622 = DEFINITIONAL_REPRESENTATION('',(#10623),#10627);
#10623 = LINE('',#10624,#10625);
#10624 = CARTESIAN_POINT('',(1.570796326795,0.));
#10625 = VECTOR('',#10626,1.);
#10626 = DIRECTION('',(0.,1.));
#10627 = ( GEOMETRIC_REPRESENTATION_CONTEXT(2) 
PARAMETRIC_REPRESENTATION_CONTEXT() REPRESENTATION_CONTEXT('2D SPACE',''
  ) );
#10628 = PCURVE('',#1108,#10629);
#10629 = DEFINITIONAL_REPRESENTATION('',(#10630),#10634);
#10630 = LINE('',#10631,#10632);
#10631 = CARTESIAN_POINT('',(1.5,0.));
#10632 = VECTOR('',#10633,1.);
#10633 = DIRECTION('',(0.,-1.));
#10634 = ( GEOMETRIC_REPRESENTATION_CONTEXT(2) 
PARAMETRIC_REPRESENTATION_CONTEXT() REPRESENTATION_CONTEXT('2D SPACE',''
  ) );
#10635 = ORIENTED_EDGE('',*,*,#6160,.F.);
#10636 = ADVANCED_FACE('',(#10637),#885,.T.);
#10637 = FACE_BOUND('',#10638,.T.);
#10638 = EDGE_LOOP('',(#10639,#10640,#10661,#10662));
#10639 = ORIENTED_EDGE('',*,*,#870,.T.);
#10640 = ORIENTED_EDGE('',*,*,#10641,.T.);
#10641 = EDGE_CURVE('',#871,#5957,#10642,.T.);
#10642 = SURFACE_CURVE('',#10643,(#10647,#10654),.PCURVE_S1.);
#10643 = LINE('',#10644,#10645);
#10644 = CARTESIAN_POINT('',(43.145703125,68.01,-1.));
#10645 = VECTOR('',#10646,1.);
#10646 = DIRECTION('',(0.,0.,1.));
#10647 = PCURVE('',#885,#10648);
#10648 = DEFINITIONAL_REPRESENTATION('',(#10649),#10653);
#10649 = LINE('',#10650,#10651);
#10650 = CARTESIAN_POINT('',(1.5,0.));
#10651 = VECTOR('',#10652,1.);
#10652 = DIRECTION('',(0.,-1.));
#10653 = ( GEOMETRIC_REPRESENTATION_CONTEXT(2) 
PARAMETRIC_REPRESENTATION_CONTEXT() REPRESENTATION_CONTEXT('2D SPACE',''
  ) );
#10654 = PCURVE('',#913,#10655);
#10655 = DEFINITIONAL_REPRESENTATION('',(#10656),#10660);
#10656 = LINE('',#10657,#10658);
#10657 = CARTESIAN_POINT('',(1.570796326795,0.));
#10658 = VECTOR('',#10659,1.);
#10659 = DIRECTION('',(0.,1.));
#10660 = ( GEOMETRIC_REPRESENTATION_CONTEXT(2) 
PARAMETRIC_REPRESENTATION_CONTEXT() REPRESENTATION_CONTEXT('2D SPACE',''
  ) );
#10661 = ORIENTED_EDGE('',*,*,#5956,.F.);
#10662 = ORIENTED_EDGE('',*,*,#10586,.F.);
#10663 = ADVANCED_FACE('',(#10664),#1108,.T.);
#10664 = FACE_BOUND('',#10665,.T.);
#10665 = EDGE_LOOP('',(#10666,#10667,#10668,#10669));
#10666 = ORIENTED_EDGE('',*,*,#1093,.T.);
#10667 = ORIENTED_EDGE('',*,*,#10615,.T.);
#10668 = ORIENTED_EDGE('',*,*,#6139,.F.);
#10669 = ORIENTED_EDGE('',*,*,#10670,.F.);
#10670 = EDGE_CURVE('',#1065,#6116,#10671,.T.);
#10671 = SURFACE_CURVE('',#10672,(#10676,#10683),.PCURVE_S1.);
#10672 = LINE('',#10673,#10674);
#10673 = CARTESIAN_POINT('',(92.469921875,66.51,-1.));
#10674 = VECTOR('',#10675,1.);
#10675 = DIRECTION('',(0.,0.,1.));
#10676 = PCURVE('',#1108,#10677);
#10677 = DEFINITIONAL_REPRESENTATION('',(#10678),#10682);
#10678 = LINE('',#10679,#10680);
#10679 = CARTESIAN_POINT('',(12.713333333333,0.));
#10680 = VECTOR('',#10681,1.);
#10681 = DIRECTION('',(0.,-1.));
#10682 = ( GEOMETRIC_REPRESENTATION_CONTEXT(2) 
PARAMETRIC_REPRESENTATION_CONTEXT() REPRESENTATION_CONTEXT('2D SPACE',''
  ) );
#10683 = PCURVE('',#1081,#10684);
#10684 = DEFINITIONAL_REPRESENTATION('',(#10685),#10689);
#10685 = LINE('',#10686,#10687);
#10686 = CARTESIAN_POINT('',(0.,0.));
#10687 = VECTOR('',#10688,1.);
#10688 = DIRECTION('',(0.,1.));
#10689 = ( GEOMETRIC_REPRESENTATION_CONTEXT(2) 
PARAMETRIC_REPRESENTATION_CONTEXT() REPRESENTATION_CONTEXT('2D SPACE',''
  ) );
#10690 = ADVANCED_FACE('',(#10691),#913,.F.);
#10691 = FACE_BOUND('',#10692,.F.);
#10692 = EDGE_LOOP('',(#10693,#10712,#10713,#10714));
#10693 = ORIENTED_EDGE('',*,*,#10694,.F.);
#10694 = EDGE_CURVE('',#897,#5978,#10695,.T.);
#10695 = SURFACE_CURVE('',#10696,(#10700,#10706),.PCURVE_S1.);
#10696 = LINE('',#10697,#10698);
#10697 = CARTESIAN_POINT('',(44.146484375,67.627334725876,-1.));
#10698 = VECTOR('',#10699,1.);
#10699 = DIRECTION('',(0.,0.,1.));
#10700 = PCURVE('',#913,#10701);
#10701 = DEFINITIONAL_REPRESENTATION('',(#10702),#10705);
#10702 = B_SPLINE_CURVE_WITH_KNOTS('',1,(#10703,#10704),.UNSPECIFIED.,
  .F.,.F.,(2,2),(0.9999994,3.0000006),.PIECEWISE_BEZIER_KNOTS.);
#10703 = CARTESIAN_POINT('',(0.840369680765,0.9999994));
#10704 = CARTESIAN_POINT('',(0.840369680765,3.0000006));
#10705 = ( GEOMETRIC_REPRESENTATION_CONTEXT(2) 
PARAMETRIC_REPRESENTATION_CONTEXT() REPRESENTATION_CONTEXT('2D SPACE',''
  ) );
#10706 = PCURVE('',#942,#10707);
#10707 = DEFINITIONAL_REPRESENTATION('',(#10708),#10711);
#10708 = B_SPLINE_CURVE_WITH_KNOTS('',1,(#10709,#10710),.UNSPECIFIED.,
  .F.,.F.,(2,2),(0.9999994,3.0000006),.PIECEWISE_BEZIER_KNOTS.);
#10709 = CARTESIAN_POINT('',(0.730426646029,0.9999994));
#10710 = CARTESIAN_POINT('',(0.730426646029,3.0000006));
#10711 = ( GEOMETRIC_REPRESENTATION_CONTEXT(2) 
PARAMETRIC_REPRESENTATION_CONTEXT() REPRESENTATION_CONTEXT('2D SPACE',''
  ) );
#10712 = ORIENTED_EDGE('',*,*,#896,.T.);
#10713 = ORIENTED_EDGE('',*,*,#10641,.T.);
#10714 = ORIENTED_EDGE('',*,*,#5977,.F.);
#10715 = ADVANCED_FACE('',(#10716),#1081,.F.);
#10716 = FACE_BOUND('',#10717,.F.);
#10717 = EDGE_LOOP('',(#10718,#10719,#10720,#10741));
#10718 = ORIENTED_EDGE('',*,*,#10670,.F.);
#10719 = ORIENTED_EDGE('',*,*,#1064,.T.);
#10720 = ORIENTED_EDGE('',*,*,#10721,.T.);
#10721 = EDGE_CURVE('',#1039,#6095,#10722,.T.);
#10722 = SURFACE_CURVE('',#10723,(#10727,#10734),.PCURVE_S1.);
#10723 = LINE('',#10724,#10725);
#10724 = CARTESIAN_POINT('',(90.969921875,68.01,-1.));
#10725 = VECTOR('',#10726,1.);
#10726 = DIRECTION('',(0.,0.,1.));
#10727 = PCURVE('',#1081,#10728);
#10728 = DEFINITIONAL_REPRESENTATION('',(#10729),#10733);
#10729 = LINE('',#10730,#10731);
#10730 = CARTESIAN_POINT('',(1.570796326795,0.));
#10731 = VECTOR('',#10732,1.);
#10732 = DIRECTION('',(0.,1.));
#10733 = ( GEOMETRIC_REPRESENTATION_CONTEXT(2) 
PARAMETRIC_REPRESENTATION_CONTEXT() REPRESENTATION_CONTEXT('2D SPACE',''
  ) );
#10734 = PCURVE('',#1053,#10735);
#10735 = DEFINITIONAL_REPRESENTATION('',(#10736),#10740);
#10736 = LINE('',#10737,#10738);
#10737 = CARTESIAN_POINT('',(1.5,0.));
#10738 = VECTOR('',#10739,1.);
#10739 = DIRECTION('',(0.,-1.));
#10740 = ( GEOMETRIC_REPRESENTATION_CONTEXT(2) 
PARAMETRIC_REPRESENTATION_CONTEXT() REPRESENTATION_CONTEXT('2D SPACE',''
  ) );
#10741 = ORIENTED_EDGE('',*,*,#6115,.F.);
#10742 = ADVANCED_FACE('',(#10743),#942,.F.);
#10743 = FACE_BOUND('',#10744,.F.);
#10744 = EDGE_LOOP('',(#10745,#10766,#10767,#10768));
#10745 = ORIENTED_EDGE('',*,*,#10746,.F.);
#10746 = EDGE_CURVE('',#926,#6002,#10747,.T.);
#10747 = SURFACE_CURVE('',#10748,(#10752,#10759),.PCURVE_S1.);
#10748 = LINE('',#10749,#10750);
#10749 = CARTESIAN_POINT('',(45.147265625,68.01,-1.));
#10750 = VECTOR('',#10751,1.);
#10751 = DIRECTION('',(0.,0.,1.));
#10752 = PCURVE('',#942,#10753);
#10753 = DEFINITIONAL_REPRESENTATION('',(#10754),#10758);
#10754 = LINE('',#10755,#10756);
#10755 = CARTESIAN_POINT('',(0.,0.));
#10756 = VECTOR('',#10757,1.);
#10757 = DIRECTION('',(0.,1.));
#10758 = ( GEOMETRIC_REPRESENTATION_CONTEXT(2) 
PARAMETRIC_REPRESENTATION_CONTEXT() REPRESENTATION_CONTEXT('2D SPACE',''
  ) );
#10759 = PCURVE('',#969,#10760);
#10760 = DEFINITIONAL_REPRESENTATION('',(#10761),#10765);
#10761 = LINE('',#10762,#10763);
#10762 = CARTESIAN_POINT('',(23.410546875,0.));
#10763 = VECTOR('',#10764,1.);
#10764 = DIRECTION('',(0.,-1.));
#10765 = ( GEOMETRIC_REPRESENTATION_CONTEXT(2) 
PARAMETRIC_REPRESENTATION_CONTEXT() REPRESENTATION_CONTEXT('2D SPACE',''
  ) );
#10766 = ORIENTED_EDGE('',*,*,#925,.T.);
#10767 = ORIENTED_EDGE('',*,*,#10694,.T.);
#10768 = ORIENTED_EDGE('',*,*,#6001,.F.);
#10769 = ADVANCED_FACE('',(#10770),#1053,.T.);
#10770 = FACE_BOUND('',#10771,.T.);
#10771 = EDGE_LOOP('',(#10772,#10773,#10774,#10775));
#10772 = ORIENTED_EDGE('',*,*,#1038,.T.);
#10773 = ORIENTED_EDGE('',*,*,#10721,.T.);
#10774 = ORIENTED_EDGE('',*,*,#6094,.F.);
#10775 = ORIENTED_EDGE('',*,*,#10776,.F.);
#10776 = EDGE_CURVE('',#1010,#6071,#10777,.T.);
#10777 = SURFACE_CURVE('',#10778,(#10782,#10789),.PCURVE_S1.);
#10778 = LINE('',#10779,#10780);
#10779 = CARTESIAN_POINT('',(69.059375,68.01,-1.));
#10780 = VECTOR('',#10781,1.);
#10781 = DIRECTION('',(0.,0.,1.));
#10782 = PCURVE('',#1053,#10783);
#10783 = DEFINITIONAL_REPRESENTATION('',(#10784),#10788);
#10784 = LINE('',#10785,#10786);
#10785 = CARTESIAN_POINT('',(23.410546875,0.));
#10786 = VECTOR('',#10787,1.);
#10787 = DIRECTION('',(0.,-1.));
#10788 = ( GEOMETRIC_REPRESENTATION_CONTEXT(2) 
PARAMETRIC_REPRESENTATION_CONTEXT() REPRESENTATION_CONTEXT('2D SPACE',''
  ) );
#10789 = PCURVE('',#1026,#10790);
#10790 = DEFINITIONAL_REPRESENTATION('',(#10791),#10795);
#10791 = LINE('',#10792,#10793);
#10792 = CARTESIAN_POINT('',(0.,0.));
#10793 = VECTOR('',#10794,1.);
#10794 = DIRECTION('',(0.,1.));
#10795 = ( GEOMETRIC_REPRESENTATION_CONTEXT(2) 
PARAMETRIC_REPRESENTATION_CONTEXT() REPRESENTATION_CONTEXT('2D SPACE',''
  ) );
#10796 = ADVANCED_FACE('',(#10797),#969,.T.);
#10797 = FACE_BOUND('',#10798,.T.);
#10798 = EDGE_LOOP('',(#10799,#10800,#10821,#10822));
#10799 = ORIENTED_EDGE('',*,*,#954,.T.);
#10800 = ORIENTED_EDGE('',*,*,#10801,.T.);
#10801 = EDGE_CURVE('',#955,#6026,#10802,.T.);
#10802 = SURFACE_CURVE('',#10803,(#10807,#10814),.PCURVE_S1.);
#10803 = LINE('',#10804,#10805);
#10804 = CARTESIAN_POINT('',(67.0578125,68.01,-1.));
#10805 = VECTOR('',#10806,1.);
#10806 = DIRECTION('',(0.,0.,1.));
#10807 = PCURVE('',#969,#10808);
#10808 = DEFINITIONAL_REPRESENTATION('',(#10809),#10813);
#10809 = LINE('',#10810,#10811);
#10810 = CARTESIAN_POINT('',(1.5,0.));
#10811 = VECTOR('',#10812,1.);
#10812 = DIRECTION('',(0.,-1.));
#10813 = ( GEOMETRIC_REPRESENTATION_CONTEXT(2) 
PARAMETRIC_REPRESENTATION_CONTEXT() REPRESENTATION_CONTEXT('2D SPACE',''
  ) );
#10814 = PCURVE('',#997,#10815);
#10815 = DEFINITIONAL_REPRESENTATION('',(#10816),#10820);
#10816 = LINE('',#10817,#10818);
#10817 = CARTESIAN_POINT('',(1.570796326795,0.));
#10818 = VECTOR('',#10819,1.);
#10819 = DIRECTION('',(0.,1.));
#10820 = ( GEOMETRIC_REPRESENTATION_CONTEXT(2) 
PARAMETRIC_REPRESENTATION_CONTEXT() REPRESENTATION_CONTEXT('2D SPACE',''
  ) );
#10821 = ORIENTED_EDGE('',*,*,#6025,.F.);
#10822 = ORIENTED_EDGE('',*,*,#10746,.F.);
#10823 = ADVANCED_FACE('',(#10824),#1026,.F.);
#10824 = FACE_BOUND('',#10825,.F.);
#10825 = EDGE_LOOP('',(#10826,#10827,#10828,#10847));
#10826 = ORIENTED_EDGE('',*,*,#10776,.F.);
#10827 = ORIENTED_EDGE('',*,*,#1009,.T.);
#10828 = ORIENTED_EDGE('',*,*,#10829,.T.);
#10829 = EDGE_CURVE('',#981,#6047,#10830,.T.);
#10830 = SURFACE_CURVE('',#10831,(#10835,#10841),.PCURVE_S1.);
#10831 = LINE('',#10832,#10833);
#10832 = CARTESIAN_POINT('',(68.05859375,67.627334725876,-1.));
#10833 = VECTOR('',#10834,1.);
#10834 = DIRECTION('',(0.,0.,1.));
#10835 = PCURVE('',#1026,#10836);
#10836 = DEFINITIONAL_REPRESENTATION('',(#10837),#10840);
#10837 = B_SPLINE_CURVE_WITH_KNOTS('',1,(#10838,#10839),.UNSPECIFIED.,
  .F.,.F.,(2,2),(0.9999994,3.0000006),.PIECEWISE_BEZIER_KNOTS.);
#10838 = CARTESIAN_POINT('',(0.730426646029,0.9999994));
#10839 = CARTESIAN_POINT('',(0.730426646029,3.0000006));
#10840 = ( GEOMETRIC_REPRESENTATION_CONTEXT(2) 
PARAMETRIC_REPRESENTATION_CONTEXT() REPRESENTATION_CONTEXT('2D SPACE',''
  ) );
#10841 = PCURVE('',#997,#10842);
#10842 = DEFINITIONAL_REPRESENTATION('',(#10843),#10846);
#10843 = B_SPLINE_CURVE_WITH_KNOTS('',1,(#10844,#10845),.UNSPECIFIED.,
  .F.,.F.,(2,2),(0.9999994,3.0000006),.PIECEWISE_BEZIER_KNOTS.);
#10844 = CARTESIAN_POINT('',(0.840369680765,0.9999994));
#10845 = CARTESIAN_POINT('',(0.840369680765,3.0000006));
#10846 = ( GEOMETRIC_REPRESENTATION_CONTEXT(2) 
PARAMETRIC_REPRESENTATION_CONTEXT() REPRESENTATION_CONTEXT('2D SPACE',''
  ) );
#10847 = ORIENTED_EDGE('',*,*,#6070,.F.);
#10848 = ADVANCED_FACE('',(#10849),#997,.F.);
#10849 = FACE_BOUND('',#10850,.F.);
#10850 = EDGE_LOOP('',(#10851,#10852,#10853,#10854));
#10851 = ORIENTED_EDGE('',*,*,#10829,.F.);
#10852 = ORIENTED_EDGE('',*,*,#980,.T.);
#10853 = ORIENTED_EDGE('',*,*,#10801,.T.);
#10854 = ORIENTED_EDGE('',*,*,#6046,.F.);
#10855 = ADVANCED_FACE('',(#10856),#1529,.F.);
#10856 = FACE_BOUND('',#10857,.F.);
#10857 = EDGE_LOOP('',(#10858,#10879,#10880,#10899));
#10858 = ORIENTED_EDGE('',*,*,#10859,.F.);
#10859 = EDGE_CURVE('',#1511,#6482,#10860,.T.);
#10860 = SURFACE_CURVE('',#10861,(#10865,#10872),.PCURVE_S1.);
#10861 = LINE('',#10862,#10863);
#10862 = CARTESIAN_POINT('',(32.46796875,4.346666666667,-1.));
#10863 = VECTOR('',#10864,1.);
#10864 = DIRECTION('',(0.,0.,1.));
#10865 = PCURVE('',#1529,#10866);
#10866 = DEFINITIONAL_REPRESENTATION('',(#10867),#10871);
#10867 = LINE('',#10868,#10869);
#10868 = CARTESIAN_POINT('',(0.,0.));
#10869 = VECTOR('',#10870,1.);
#10870 = DIRECTION('',(0.,1.));
#10871 = ( GEOMETRIC_REPRESENTATION_CONTEXT(2) 
PARAMETRIC_REPRESENTATION_CONTEXT() REPRESENTATION_CONTEXT('2D SPACE',''
  ) );
#10872 = PCURVE('',#1556,#10873);
#10873 = DEFINITIONAL_REPRESENTATION('',(#10874),#10878);
#10874 = LINE('',#10875,#10876);
#10875 = CARTESIAN_POINT('',(19.801171875,0.));
#10876 = VECTOR('',#10877,1.);
#10877 = DIRECTION('',(0.,-1.));
#10878 = ( GEOMETRIC_REPRESENTATION_CONTEXT(2) 
PARAMETRIC_REPRESENTATION_CONTEXT() REPRESENTATION_CONTEXT('2D SPACE',''
  ) );
#10879 = ORIENTED_EDGE('',*,*,#1510,.T.);
#10880 = ORIENTED_EDGE('',*,*,#10881,.T.);
#10881 = EDGE_CURVE('',#1513,#6484,#10882,.T.);
#10882 = SURFACE_CURVE('',#10883,(#10887,#10893),.PCURVE_S1.);
#10883 = LINE('',#10884,#10885);
#10884 = CARTESIAN_POINT('',(33.3935546875,4.666289323483,-1.));
#10885 = VECTOR('',#10886,1.);
#10886 = DIRECTION('',(0.,0.,1.));
#10887 = PCURVE('',#1529,#10888);
#10888 = DEFINITIONAL_REPRESENTATION('',(#10889),#10892);
#10889 = B_SPLINE_CURVE_WITH_KNOTS('',1,(#10890,#10891),.UNSPECIFIED.,
  .F.,.F.,(2,2),(0.9999994,3.0000006),.PIECEWISE_BEZIER_KNOTS.);
#10890 = CARTESIAN_POINT('',(0.664997660414,0.9999994));
#10891 = CARTESIAN_POINT('',(0.664997660414,3.0000006));
#10892 = ( GEOMETRIC_REPRESENTATION_CONTEXT(2) 
PARAMETRIC_REPRESENTATION_CONTEXT() REPRESENTATION_CONTEXT('2D SPACE',''
  ) );
#10893 = PCURVE('',#2840,#10894);
#10894 = DEFINITIONAL_REPRESENTATION('',(#10895),#10898);
#10895 = B_SPLINE_CURVE_WITH_KNOTS('',1,(#10896,#10897),.UNSPECIFIED.,
  .F.,.F.,(2,2),(0.9999994,3.0000006),.PIECEWISE_BEZIER_KNOTS.);
#10896 = CARTESIAN_POINT('',(-0.664997660414,0.9999994));
#10897 = CARTESIAN_POINT('',(-0.664997660414,3.0000006));
#10898 = ( GEOMETRIC_REPRESENTATION_CONTEXT(2) 
PARAMETRIC_REPRESENTATION_CONTEXT() REPRESENTATION_CONTEXT('2D SPACE',''
  ) );
#10899 = ORIENTED_EDGE('',*,*,#6481,.F.);
#10900 = ADVANCED_FACE('',(#10901),#1556,.T.);
#10901 = FACE_BOUND('',#10902,.T.);
#10902 = EDGE_LOOP('',(#10903,#10904,#10925,#10926));
#10903 = ORIENTED_EDGE('',*,*,#1541,.T.);
#10904 = ORIENTED_EDGE('',*,*,#10905,.T.);
#10905 = EDGE_CURVE('',#1542,#6508,#10906,.T.);
#10906 = SURFACE_CURVE('',#10907,(#10911,#10918),.PCURVE_S1.);
#10907 = LINE('',#10908,#10909);
#10908 = CARTESIAN_POINT('',(14.166796875,4.346666666667,-1.));
#10909 = VECTOR('',#10910,1.);
#10910 = DIRECTION('',(0.,0.,1.));
#10911 = PCURVE('',#1556,#10912);
#10912 = DEFINITIONAL_REPRESENTATION('',(#10913),#10917);
#10913 = LINE('',#10914,#10915);
#10914 = CARTESIAN_POINT('',(1.5,0.));
#10915 = VECTOR('',#10916,1.);
#10916 = DIRECTION('',(0.,-1.));
#10917 = ( GEOMETRIC_REPRESENTATION_CONTEXT(2) 
PARAMETRIC_REPRESENTATION_CONTEXT() REPRESENTATION_CONTEXT('2D SPACE',''
  ) );
#10918 = PCURVE('',#1584,#10919);
#10919 = DEFINITIONAL_REPRESENTATION('',(#10920),#10924);
#10920 = LINE('',#10921,#10922);
#10921 = CARTESIAN_POINT('',(-0.,0.));
#10922 = VECTOR('',#10923,1.);
#10923 = DIRECTION('',(-0.,1.));
#10924 = ( GEOMETRIC_REPRESENTATION_CONTEXT(2) 
PARAMETRIC_REPRESENTATION_CONTEXT() REPRESENTATION_CONTEXT('2D SPACE',''
  ) );
#10925 = ORIENTED_EDGE('',*,*,#6507,.F.);
#10926 = ORIENTED_EDGE('',*,*,#10859,.F.);
#10927 = ADVANCED_FACE('',(#10928),#2840,.F.);
#10928 = FACE_BOUND('',#10929,.T.);
#10929 = EDGE_LOOP('',(#10930,#10951,#10952,#10953));
#10930 = ORIENTED_EDGE('',*,*,#10931,.F.);
#10931 = EDGE_CURVE('',#2800,#7545,#10932,.T.);
#10932 = SURFACE_CURVE('',#10933,(#10937,#10944),.PCURVE_S1.);
#10933 = LINE('',#10934,#10935);
#10934 = CARTESIAN_POINT('',(34.319140625,4.346666666667,-1.));
#10935 = VECTOR('',#10936,1.);
#10936 = DIRECTION('',(0.,0.,1.));
#10937 = PCURVE('',#2840,#10938);
#10938 = DEFINITIONAL_REPRESENTATION('',(#10939),#10943);
#10939 = LINE('',#10940,#10941);
#10940 = CARTESIAN_POINT('',(-0.,0.));
#10941 = VECTOR('',#10942,1.);
#10942 = DIRECTION('',(-0.,1.));
#10943 = ( GEOMETRIC_REPRESENTATION_CONTEXT(2) 
PARAMETRIC_REPRESENTATION_CONTEXT() REPRESENTATION_CONTEXT('2D SPACE',''
  ) );
#10944 = PCURVE('',#2814,#10945);
#10945 = DEFINITIONAL_REPRESENTATION('',(#10946),#10950);
#10946 = LINE('',#10947,#10948);
#10947 = CARTESIAN_POINT('',(1.5,0.));
#10948 = VECTOR('',#10949,1.);
#10949 = DIRECTION('',(0.,-1.));
#10950 = ( GEOMETRIC_REPRESENTATION_CONTEXT(2) 
PARAMETRIC_REPRESENTATION_CONTEXT() REPRESENTATION_CONTEXT('2D SPACE',''
  ) );
#10951 = ORIENTED_EDGE('',*,*,#2825,.F.);
#10952 = ORIENTED_EDGE('',*,*,#10881,.T.);
#10953 = ORIENTED_EDGE('',*,*,#7565,.T.);
#10954 = ADVANCED_FACE('',(#10955),#1584,.F.);
#10955 = FACE_BOUND('',#10956,.T.);
#10956 = EDGE_LOOP('',(#10957,#10958,#10959,#10980));
#10957 = ORIENTED_EDGE('',*,*,#10905,.F.);
#10958 = ORIENTED_EDGE('',*,*,#1567,.F.);
#10959 = ORIENTED_EDGE('',*,*,#10960,.T.);
#10960 = EDGE_CURVE('',#1568,#6529,#10961,.T.);
#10961 = SURFACE_CURVE('',#10962,(#10966,#10973),.PCURVE_S1.);
#10962 = LINE('',#10963,#10964);
#10963 = CARTESIAN_POINT('',(12.666796875,5.846666666667,-1.));
#10964 = VECTOR('',#10965,1.);
#10965 = DIRECTION('',(0.,0.,1.));
#10966 = PCURVE('',#1584,#10967);
#10967 = DEFINITIONAL_REPRESENTATION('',(#10968),#10972);
#10968 = LINE('',#10969,#10970);
#10969 = CARTESIAN_POINT('',(-1.570796326795,0.));
#10970 = VECTOR('',#10971,1.);
#10971 = DIRECTION('',(-0.,1.));
#10972 = ( GEOMETRIC_REPRESENTATION_CONTEXT(2) 
PARAMETRIC_REPRESENTATION_CONTEXT() REPRESENTATION_CONTEXT('2D SPACE',''
  ) );
#10973 = PCURVE('',#1611,#10974);
#10974 = DEFINITIONAL_REPRESENTATION('',(#10975),#10979);
#10975 = LINE('',#10976,#10977);
#10976 = CARTESIAN_POINT('',(6.98,0.));
#10977 = VECTOR('',#10978,1.);
#10978 = DIRECTION('',(0.,-1.));
#10979 = ( GEOMETRIC_REPRESENTATION_CONTEXT(2) 
PARAMETRIC_REPRESENTATION_CONTEXT() REPRESENTATION_CONTEXT('2D SPACE',''
  ) );
#10980 = ORIENTED_EDGE('',*,*,#6528,.T.);
#10981 = ADVANCED_FACE('',(#10982),#2814,.T.);
#10982 = FACE_BOUND('',#10983,.T.);
#10983 = EDGE_LOOP('',(#10984,#10985,#10986,#10987));
#10984 = ORIENTED_EDGE('',*,*,#2799,.T.);
#10985 = ORIENTED_EDGE('',*,*,#10931,.T.);
#10986 = ORIENTED_EDGE('',*,*,#7544,.F.);
#10987 = ORIENTED_EDGE('',*,*,#10988,.F.);
#10988 = EDGE_CURVE('',#2771,#7521,#10989,.T.);
#10989 = SURFACE_CURVE('',#10990,(#10994,#11001),.PCURVE_S1.);
#10990 = LINE('',#10991,#10992);
#10991 = CARTESIAN_POINT('',(52.6203125,4.346666666667,-1.));
#10992 = VECTOR('',#10993,1.);
#10993 = DIRECTION('',(0.,0.,1.));
#10994 = PCURVE('',#2814,#10995);
#10995 = DEFINITIONAL_REPRESENTATION('',(#10996),#11000);
#10996 = LINE('',#10997,#10998);
#10997 = CARTESIAN_POINT('',(19.801171875,0.));
#10998 = VECTOR('',#10999,1.);
#10999 = DIRECTION('',(0.,-1.));
#11000 = ( GEOMETRIC_REPRESENTATION_CONTEXT(2) 
PARAMETRIC_REPRESENTATION_CONTEXT() REPRESENTATION_CONTEXT('2D SPACE',''
  ) );
#11001 = PCURVE('',#2787,#11002);
#11002 = DEFINITIONAL_REPRESENTATION('',(#11003),#11007);
#11003 = LINE('',#11004,#11005);
#11004 = CARTESIAN_POINT('',(0.,0.));
#11005 = VECTOR('',#11006,1.);
#11006 = DIRECTION('',(0.,1.));
#11007 = ( GEOMETRIC_REPRESENTATION_CONTEXT(2) 
PARAMETRIC_REPRESENTATION_CONTEXT() REPRESENTATION_CONTEXT('2D SPACE',''
  ) );
#11008 = ADVANCED_FACE('',(#11009),#1611,.T.);
#11009 = FACE_BOUND('',#11010,.T.);
#11010 = EDGE_LOOP('',(#11011,#11012,#11013,#11032));
#11011 = ORIENTED_EDGE('',*,*,#10960,.F.);
#11012 = ORIENTED_EDGE('',*,*,#1596,.T.);
#11013 = ORIENTED_EDGE('',*,*,#11014,.F.);
#11014 = EDGE_CURVE('',#6553,#1597,#11015,.T.);
#11015 = SURFACE_CURVE('',#11016,(#11020,#11026),.PCURVE_S1.);
#11016 = LINE('',#11017,#11018);
#11017 = CARTESIAN_POINT('',(12.666796875,6.614782346613,-1.));
#11018 = VECTOR('',#11019,1.);
#11019 = DIRECTION('',(-0.,-0.,-1.));
#11020 = PCURVE('',#1611,#11021);
#11021 = DEFINITIONAL_REPRESENTATION('',(#11022),#11025);
#11022 = B_SPLINE_CURVE_WITH_KNOTS('',1,(#11023,#11024),.UNSPECIFIED.,
  .F.,.F.,(2,2),(-3.2,-0.8),.PIECEWISE_BEZIER_KNOTS.);
#11023 = CARTESIAN_POINT('',(6.211884320054,-3.2));
#11024 = CARTESIAN_POINT('',(6.211884320054,-0.8));
#11025 = ( GEOMETRIC_REPRESENTATION_CONTEXT(2) 
PARAMETRIC_REPRESENTATION_CONTEXT() REPRESENTATION_CONTEXT('2D SPACE',''
  ) );
#11026 = PCURVE('',#1643,#11027);
#11027 = DEFINITIONAL_REPRESENTATION('',(#11028),#11031);
#11028 = B_SPLINE_CURVE_WITH_KNOTS('',1,(#11029,#11030),.UNSPECIFIED.,
  .F.,.F.,(2,2),(-3.2,-0.8),.PIECEWISE_BEZIER_KNOTS.);
#11029 = CARTESIAN_POINT('',(-5.519012810114,-3.2));
#11030 = CARTESIAN_POINT('',(-5.519012810114,-0.8));
#11031 = ( GEOMETRIC_REPRESENTATION_CONTEXT(2) 
PARAMETRIC_REPRESENTATION_CONTEXT() REPRESENTATION_CONTEXT('2D SPACE',''
  ) );
#11032 = ORIENTED_EDGE('',*,*,#6552,.F.);
#11033 = ADVANCED_FACE('',(#11034),#2787,.F.);
#11034 = FACE_BOUND('',#11035,.F.);
#11035 = EDGE_LOOP('',(#11036,#11037,#11038,#11057));
#11036 = ORIENTED_EDGE('',*,*,#10988,.F.);
#11037 = ORIENTED_EDGE('',*,*,#2770,.T.);
#11038 = ORIENTED_EDGE('',*,*,#11039,.T.);
#11039 = EDGE_CURVE('',#2742,#7497,#11040,.T.);
#11040 = SURFACE_CURVE('',#11041,(#11045,#11051),.PCURVE_S1.);
#11041 = LINE('',#11042,#11043);
#11042 = CARTESIAN_POINT('',(53.62109375,4.729331940791,-1.));
#11043 = VECTOR('',#11044,1.);
#11044 = DIRECTION('',(0.,0.,1.));
#11045 = PCURVE('',#2787,#11046);
#11046 = DEFINITIONAL_REPRESENTATION('',(#11047),#11050);
#11047 = B_SPLINE_CURVE_WITH_KNOTS('',1,(#11048,#11049),.UNSPECIFIED.,
  .F.,.F.,(2,2),(0.9999994,3.0000006),.PIECEWISE_BEZIER_KNOTS.);
#11048 = CARTESIAN_POINT('',(0.730426646029,0.9999994));
#11049 = CARTESIAN_POINT('',(0.730426646029,3.0000006));
#11050 = ( GEOMETRIC_REPRESENTATION_CONTEXT(2) 
PARAMETRIC_REPRESENTATION_CONTEXT() REPRESENTATION_CONTEXT('2D SPACE',''
  ) );
#11051 = PCURVE('',#2758,#11052);
#11052 = DEFINITIONAL_REPRESENTATION('',(#11053),#11056);
#11053 = B_SPLINE_CURVE_WITH_KNOTS('',1,(#11054,#11055),.UNSPECIFIED.,
  .F.,.F.,(2,2),(0.9999994,3.0000006),.PIECEWISE_BEZIER_KNOTS.);
#11054 = CARTESIAN_POINT('',(-0.730426646029,0.9999994));
#11055 = CARTESIAN_POINT('',(-0.730426646029,3.0000006));
#11056 = ( GEOMETRIC_REPRESENTATION_CONTEXT(2) 
PARAMETRIC_REPRESENTATION_CONTEXT() REPRESENTATION_CONTEXT('2D SPACE',''
  ) );
#11057 = ORIENTED_EDGE('',*,*,#7520,.F.);
#11058 = ADVANCED_FACE('',(#11059),#1643,.F.);
#11059 = FACE_BOUND('',#11060,.T.);
#11060 = EDGE_LOOP('',(#11061,#11062,#11063,#11082));
#11061 = ORIENTED_EDGE('',*,*,#11014,.T.);
#11062 = ORIENTED_EDGE('',*,*,#1622,.T.);
#11063 = ORIENTED_EDGE('',*,*,#11064,.F.);
#11064 = EDGE_CURVE('',#6574,#1623,#11065,.T.);
#11065 = SURFACE_CURVE('',#11066,(#11070,#11076),.PCURVE_S1.);
#11066 = LINE('',#11067,#11068);
#11067 = CARTESIAN_POINT('',(12.666796875,10.558550986721,-1.));
#11068 = VECTOR('',#11069,1.);
#11069 = DIRECTION('',(-0.,-0.,-1.));
#11070 = PCURVE('',#1643,#11071);
#11071 = DEFINITIONAL_REPRESENTATION('',(#11072),#11075);
#11072 = B_SPLINE_CURVE_WITH_KNOTS('',1,(#11073,#11074),.UNSPECIFIED.,
  .F.,.F.,(2,2),(-3.2,-0.8),.PIECEWISE_BEZIER_KNOTS.);
#11073 = CARTESIAN_POINT('',(-0.764172497065,-3.2));
#11074 = CARTESIAN_POINT('',(-0.764172497065,-0.8));
#11075 = ( GEOMETRIC_REPRESENTATION_CONTEXT(2) 
PARAMETRIC_REPRESENTATION_CONTEXT() REPRESENTATION_CONTEXT('2D SPACE',''
  ) );
#11076 = PCURVE('',#1670,#11077);
#11077 = DEFINITIONAL_REPRESENTATION('',(#11078),#11081);
#11078 = B_SPLINE_CURVE_WITH_KNOTS('',1,(#11079,#11080),.UNSPECIFIED.,
  .F.,.F.,(2,2),(-3.2,-0.8),.PIECEWISE_BEZIER_KNOTS.);
#11079 = CARTESIAN_POINT('',(2.268115679946,-3.2));
#11080 = CARTESIAN_POINT('',(2.268115679946,-0.8));
#11081 = ( GEOMETRIC_REPRESENTATION_CONTEXT(2) 
PARAMETRIC_REPRESENTATION_CONTEXT() REPRESENTATION_CONTEXT('2D SPACE',''
  ) );
#11082 = ORIENTED_EDGE('',*,*,#6573,.F.);
#11083 = ADVANCED_FACE('',(#11084),#2758,.F.);
#11084 = FACE_BOUND('',#11085,.T.);
#11085 = EDGE_LOOP('',(#11086,#11107,#11108,#11109));
#11086 = ORIENTED_EDGE('',*,*,#11087,.F.);
#11087 = EDGE_CURVE('',#2716,#7476,#11088,.T.);
#11088 = SURFACE_CURVE('',#11089,(#11093,#11100),.PCURVE_S1.);
#11089 = LINE('',#11090,#11091);
#11090 = CARTESIAN_POINT('',(54.621875,4.346666666667,-1.));
#11091 = VECTOR('',#11092,1.);
#11092 = DIRECTION('',(0.,0.,1.));
#11093 = PCURVE('',#2758,#11094);
#11094 = DEFINITIONAL_REPRESENTATION('',(#11095),#11099);
#11095 = LINE('',#11096,#11097);
#11096 = CARTESIAN_POINT('',(-0.,0.));
#11097 = VECTOR('',#11098,1.);
#11098 = DIRECTION('',(-0.,1.));
#11099 = ( GEOMETRIC_REPRESENTATION_CONTEXT(2) 
PARAMETRIC_REPRESENTATION_CONTEXT() REPRESENTATION_CONTEXT('2D SPACE',''
  ) );
#11100 = PCURVE('',#2730,#11101);
#11101 = DEFINITIONAL_REPRESENTATION('',(#11102),#11106);
#11102 = LINE('',#11103,#11104);
#11103 = CARTESIAN_POINT('',(1.5,0.));
#11104 = VECTOR('',#11105,1.);
#11105 = DIRECTION('',(0.,-1.));
#11106 = ( GEOMETRIC_REPRESENTATION_CONTEXT(2) 
PARAMETRIC_REPRESENTATION_CONTEXT() REPRESENTATION_CONTEXT('2D SPACE',''
  ) );
#11107 = ORIENTED_EDGE('',*,*,#2741,.F.);
#11108 = ORIENTED_EDGE('',*,*,#11039,.T.);
#11109 = ORIENTED_EDGE('',*,*,#7496,.T.);
#11110 = ADVANCED_FACE('',(#11111),#1670,.T.);
#11111 = FACE_BOUND('',#11112,.T.);
#11112 = EDGE_LOOP('',(#11113,#11114,#11115,#11136));
#11113 = ORIENTED_EDGE('',*,*,#11064,.T.);
#11114 = ORIENTED_EDGE('',*,*,#1655,.T.);
#11115 = ORIENTED_EDGE('',*,*,#11116,.T.);
#11116 = EDGE_CURVE('',#1656,#6602,#11117,.T.);
#11117 = SURFACE_CURVE('',#11118,(#11122,#11129),.PCURVE_S1.);
#11118 = LINE('',#11119,#11120);
#11119 = CARTESIAN_POINT('',(12.666796875,11.326666666667,-1.));
#11120 = VECTOR('',#11121,1.);
#11121 = DIRECTION('',(0.,0.,1.));
#11122 = PCURVE('',#1670,#11123);
#11123 = DEFINITIONAL_REPRESENTATION('',(#11124),#11128);
#11124 = LINE('',#11125,#11126);
#11125 = CARTESIAN_POINT('',(1.5,0.));
#11126 = VECTOR('',#11127,1.);
#11127 = DIRECTION('',(0.,-1.));
#11128 = ( GEOMETRIC_REPRESENTATION_CONTEXT(2) 
PARAMETRIC_REPRESENTATION_CONTEXT() REPRESENTATION_CONTEXT('2D SPACE',''
  ) );
#11129 = PCURVE('',#1698,#11130);
#11130 = DEFINITIONAL_REPRESENTATION('',(#11131),#11135);
#11131 = LINE('',#11132,#11133);
#11132 = CARTESIAN_POINT('',(1.570796326795,0.));
#11133 = VECTOR('',#11134,1.);
#11134 = DIRECTION('',(0.,1.));
#11135 = ( GEOMETRIC_REPRESENTATION_CONTEXT(2) 
PARAMETRIC_REPRESENTATION_CONTEXT() REPRESENTATION_CONTEXT('2D SPACE',''
  ) );
#11136 = ORIENTED_EDGE('',*,*,#6601,.F.);
#11137 = ADVANCED_FACE('',(#11138),#2730,.T.);
#11138 = FACE_BOUND('',#11139,.T.);
#11139 = EDGE_LOOP('',(#11140,#11141,#11142,#11143));
#11140 = ORIENTED_EDGE('',*,*,#2715,.T.);
#11141 = ORIENTED_EDGE('',*,*,#11087,.T.);
#11142 = ORIENTED_EDGE('',*,*,#7475,.F.);
#11143 = ORIENTED_EDGE('',*,*,#11144,.F.);
#11144 = EDGE_CURVE('',#2687,#7452,#11145,.T.);
#11145 = SURFACE_CURVE('',#11146,(#11150,#11157),.PCURVE_S1.);
#11146 = LINE('',#11147,#11148);
#11147 = CARTESIAN_POINT('',(72.923046875,4.346666666667,-1.));
#11148 = VECTOR('',#11149,1.);
#11149 = DIRECTION('',(0.,0.,1.));
#11150 = PCURVE('',#2730,#11151);
#11151 = DEFINITIONAL_REPRESENTATION('',(#11152),#11156);
#11152 = LINE('',#11153,#11154);
#11153 = CARTESIAN_POINT('',(19.801171875,0.));
#11154 = VECTOR('',#11155,1.);
#11155 = DIRECTION('',(0.,-1.));
#11156 = ( GEOMETRIC_REPRESENTATION_CONTEXT(2) 
PARAMETRIC_REPRESENTATION_CONTEXT() REPRESENTATION_CONTEXT('2D SPACE',''
  ) );
#11157 = PCURVE('',#2703,#11158);
#11158 = DEFINITIONAL_REPRESENTATION('',(#11159),#11163);
#11159 = LINE('',#11160,#11161);
#11160 = CARTESIAN_POINT('',(0.,0.));
#11161 = VECTOR('',#11162,1.);
#11162 = DIRECTION('',(0.,1.));
#11163 = ( GEOMETRIC_REPRESENTATION_CONTEXT(2) 
PARAMETRIC_REPRESENTATION_CONTEXT() REPRESENTATION_CONTEXT('2D SPACE',''
  ) );
#11164 = ADVANCED_FACE('',(#11165),#1698,.F.);
#11165 = FACE_BOUND('',#11166,.F.);
#11166 = EDGE_LOOP('',(#11167,#11188,#11189,#11190));
#11167 = ORIENTED_EDGE('',*,*,#11168,.F.);
#11168 = EDGE_CURVE('',#1682,#6623,#11169,.T.);
#11169 = SURFACE_CURVE('',#11170,(#11174,#11181),.PCURVE_S1.);
#11170 = LINE('',#11171,#11172);
#11171 = CARTESIAN_POINT('',(14.166796875,12.826666666667,-1.));
#11172 = VECTOR('',#11173,1.);
#11173 = DIRECTION('',(0.,0.,1.));
#11174 = PCURVE('',#1698,#11175);
#11175 = DEFINITIONAL_REPRESENTATION('',(#11176),#11180);
#11176 = LINE('',#11177,#11178);
#11177 = CARTESIAN_POINT('',(0.,0.));
#11178 = VECTOR('',#11179,1.);
#11179 = DIRECTION('',(0.,1.));
#11180 = ( GEOMETRIC_REPRESENTATION_CONTEXT(2) 
PARAMETRIC_REPRESENTATION_CONTEXT() REPRESENTATION_CONTEXT('2D SPACE',''
  ) );
#11181 = PCURVE('',#1725,#11182);
#11182 = DEFINITIONAL_REPRESENTATION('',(#11183),#11187);
#11183 = LINE('',#11184,#11185);
#11184 = CARTESIAN_POINT('',(19.801171875,0.));
#11185 = VECTOR('',#11186,1.);
#11186 = DIRECTION('',(0.,-1.));
#11187 = ( GEOMETRIC_REPRESENTATION_CONTEXT(2) 
PARAMETRIC_REPRESENTATION_CONTEXT() REPRESENTATION_CONTEXT('2D SPACE',''
  ) );
#11188 = ORIENTED_EDGE('',*,*,#1681,.T.);
#11189 = ORIENTED_EDGE('',*,*,#11116,.T.);
#11190 = ORIENTED_EDGE('',*,*,#6622,.F.);
#11191 = ADVANCED_FACE('',(#11192),#2703,.F.);
#11192 = FACE_BOUND('',#11193,.F.);
#11193 = EDGE_LOOP('',(#11194,#11195,#11196,#11215));
#11194 = ORIENTED_EDGE('',*,*,#11144,.F.);
#11195 = ORIENTED_EDGE('',*,*,#2686,.T.);
#11196 = ORIENTED_EDGE('',*,*,#11197,.T.);
#11197 = EDGE_CURVE('',#2658,#7428,#11198,.T.);
#11198 = SURFACE_CURVE('',#11199,(#11203,#11209),.PCURVE_S1.);
#11199 = LINE('',#11200,#11201);
#11200 = CARTESIAN_POINT('',(73.8486328125,4.666289323483,-1.));
#11201 = VECTOR('',#11202,1.);
#11202 = DIRECTION('',(0.,0.,1.));
#11203 = PCURVE('',#2703,#11204);
#11204 = DEFINITIONAL_REPRESENTATION('',(#11205),#11208);
#11205 = B_SPLINE_CURVE_WITH_KNOTS('',1,(#11206,#11207),.UNSPECIFIED.,
  .F.,.F.,(2,2),(0.9999994,3.0000006),.PIECEWISE_BEZIER_KNOTS.);
#11206 = CARTESIAN_POINT('',(0.664997660414,0.9999994));
#11207 = CARTESIAN_POINT('',(0.664997660414,3.0000006));
#11208 = ( GEOMETRIC_REPRESENTATION_CONTEXT(2) 
PARAMETRIC_REPRESENTATION_CONTEXT() REPRESENTATION_CONTEXT('2D SPACE',''
  ) );
#11209 = PCURVE('',#2674,#11210);
#11210 = DEFINITIONAL_REPRESENTATION('',(#11211),#11214);
#11211 = B_SPLINE_CURVE_WITH_KNOTS('',1,(#11212,#11213),.UNSPECIFIED.,
  .F.,.F.,(2,2),(0.9999994,3.0000006),.PIECEWISE_BEZIER_KNOTS.);
#11212 = CARTESIAN_POINT('',(-0.664997660414,0.9999994));
#11213 = CARTESIAN_POINT('',(-0.664997660414,3.0000006));
#11214 = ( GEOMETRIC_REPRESENTATION_CONTEXT(2) 
PARAMETRIC_REPRESENTATION_CONTEXT() REPRESENTATION_CONTEXT('2D SPACE',''
  ) );
#11215 = ORIENTED_EDGE('',*,*,#7451,.F.);
#11216 = ADVANCED_FACE('',(#11217),#1725,.T.);
#11217 = FACE_BOUND('',#11218,.T.);
#11218 = EDGE_LOOP('',(#11219,#11220,#11241,#11242));
#11219 = ORIENTED_EDGE('',*,*,#1710,.T.);
#11220 = ORIENTED_EDGE('',*,*,#11221,.T.);
#11221 = EDGE_CURVE('',#1711,#6647,#11222,.T.);
#11222 = SURFACE_CURVE('',#11223,(#11227,#11234),.PCURVE_S1.);
#11223 = LINE('',#11224,#11225);
#11224 = CARTESIAN_POINT('',(32.46796875,12.826666666667,-1.));
#11225 = VECTOR('',#11226,1.);
#11226 = DIRECTION('',(0.,0.,1.));
#11227 = PCURVE('',#1725,#11228);
#11228 = DEFINITIONAL_REPRESENTATION('',(#11229),#11233);
#11229 = LINE('',#11230,#11231);
#11230 = CARTESIAN_POINT('',(1.5,0.));
#11231 = VECTOR('',#11232,1.);
#11232 = DIRECTION('',(0.,-1.));
#11233 = ( GEOMETRIC_REPRESENTATION_CONTEXT(2) 
PARAMETRIC_REPRESENTATION_CONTEXT() REPRESENTATION_CONTEXT('2D SPACE',''
  ) );
#11234 = PCURVE('',#1753,#11235);
#11235 = DEFINITIONAL_REPRESENTATION('',(#11236),#11240);
#11236 = LINE('',#11237,#11238);
#11237 = CARTESIAN_POINT('',(1.570796326795,0.));
#11238 = VECTOR('',#11239,1.);
#11239 = DIRECTION('',(0.,1.));
#11240 = ( GEOMETRIC_REPRESENTATION_CONTEXT(2) 
PARAMETRIC_REPRESENTATION_CONTEXT() REPRESENTATION_CONTEXT('2D SPACE',''
  ) );
#11241 = ORIENTED_EDGE('',*,*,#6646,.F.);
#11242 = ORIENTED_EDGE('',*,*,#11168,.F.);
#11243 = ADVANCED_FACE('',(#11244),#2674,.F.);
#11244 = FACE_BOUND('',#11245,.T.);
#11245 = EDGE_LOOP('',(#11246,#11267,#11268,#11269));
#11246 = ORIENTED_EDGE('',*,*,#11247,.F.);
#11247 = EDGE_CURVE('',#2632,#7407,#11248,.T.);
#11248 = SURFACE_CURVE('',#11249,(#11253,#11260),.PCURVE_S1.);
#11249 = LINE('',#11250,#11251);
#11250 = CARTESIAN_POINT('',(74.77421875,4.346666666667,-1.));
#11251 = VECTOR('',#11252,1.);
#11252 = DIRECTION('',(0.,0.,1.));
#11253 = PCURVE('',#2674,#11254);
#11254 = DEFINITIONAL_REPRESENTATION('',(#11255),#11259);
#11255 = LINE('',#11256,#11257);
#11256 = CARTESIAN_POINT('',(-0.,0.));
#11257 = VECTOR('',#11258,1.);
#11258 = DIRECTION('',(-0.,1.));
#11259 = ( GEOMETRIC_REPRESENTATION_CONTEXT(2) 
PARAMETRIC_REPRESENTATION_CONTEXT() REPRESENTATION_CONTEXT('2D SPACE',''
  ) );
#11260 = PCURVE('',#2646,#11261);
#11261 = DEFINITIONAL_REPRESENTATION('',(#11262),#11266);
#11262 = LINE('',#11263,#11264);
#11263 = CARTESIAN_POINT('',(1.5,0.));
#11264 = VECTOR('',#11265,1.);
#11265 = DIRECTION('',(0.,-1.));
#11266 = ( GEOMETRIC_REPRESENTATION_CONTEXT(2) 
PARAMETRIC_REPRESENTATION_CONTEXT() REPRESENTATION_CONTEXT('2D SPACE',''
  ) );
#11267 = ORIENTED_EDGE('',*,*,#2657,.F.);
#11268 = ORIENTED_EDGE('',*,*,#11197,.T.);
#11269 = ORIENTED_EDGE('',*,*,#7427,.T.);
#11270 = ADVANCED_FACE('',(#11271),#1753,.F.);
#11271 = FACE_BOUND('',#11272,.F.);
#11272 = EDGE_LOOP('',(#11273,#11292,#11293,#11294));
#11273 = ORIENTED_EDGE('',*,*,#11274,.F.);
#11274 = EDGE_CURVE('',#1737,#6668,#11275,.T.);
#11275 = SURFACE_CURVE('',#11276,(#11280,#11286),.PCURVE_S1.);
#11276 = LINE('',#11277,#11278);
#11277 = CARTESIAN_POINT('',(33.3935546875,12.507044009851,-1.));
#11278 = VECTOR('',#11279,1.);
#11279 = DIRECTION('',(0.,0.,1.));
#11280 = PCURVE('',#1753,#11281);
#11281 = DEFINITIONAL_REPRESENTATION('',(#11282),#11285);
#11282 = B_SPLINE_CURVE_WITH_KNOTS('',1,(#11283,#11284),.UNSPECIFIED.,
  .F.,.F.,(2,2),(0.9999994,3.0000006),.PIECEWISE_BEZIER_KNOTS.);
#11283 = CARTESIAN_POINT('',(0.905798666381,0.9999994));
#11284 = CARTESIAN_POINT('',(0.905798666381,3.0000006));
#11285 = ( GEOMETRIC_REPRESENTATION_CONTEXT(2) 
PARAMETRIC_REPRESENTATION_CONTEXT() REPRESENTATION_CONTEXT('2D SPACE',''
  ) );
#11286 = PCURVE('',#1782,#11287);
#11287 = DEFINITIONAL_REPRESENTATION('',(#11288),#11291);
#11288 = B_SPLINE_CURVE_WITH_KNOTS('',1,(#11289,#11290),.UNSPECIFIED.,
  .F.,.F.,(2,2),(0.9999994,3.0000006),.PIECEWISE_BEZIER_KNOTS.);
#11289 = CARTESIAN_POINT('',(0.664997660414,0.9999994));
#11290 = CARTESIAN_POINT('',(0.664997660414,3.0000006));
#11291 = ( GEOMETRIC_REPRESENTATION_CONTEXT(2) 
PARAMETRIC_REPRESENTATION_CONTEXT() REPRESENTATION_CONTEXT('2D SPACE',''
  ) );
#11292 = ORIENTED_EDGE('',*,*,#1736,.T.);
#11293 = ORIENTED_EDGE('',*,*,#11221,.T.);
#11294 = ORIENTED_EDGE('',*,*,#6667,.F.);
#11295 = ADVANCED_FACE('',(#11296),#2646,.T.);
#11296 = FACE_BOUND('',#11297,.T.);
#11297 = EDGE_LOOP('',(#11298,#11299,#11300,#11301));
#11298 = ORIENTED_EDGE('',*,*,#2631,.T.);
#11299 = ORIENTED_EDGE('',*,*,#11247,.T.);
#11300 = ORIENTED_EDGE('',*,*,#7406,.F.);
#11301 = ORIENTED_EDGE('',*,*,#11302,.F.);
#11302 = EDGE_CURVE('',#2603,#7383,#11303,.T.);
#11303 = SURFACE_CURVE('',#11304,(#11308,#11315),.PCURVE_S1.);
#11304 = LINE('',#11305,#11306);
#11305 = CARTESIAN_POINT('',(93.075390625,4.346666666667,-1.));
#11306 = VECTOR('',#11307,1.);
#11307 = DIRECTION('',(0.,0.,1.));
#11308 = PCURVE('',#2646,#11309);
#11309 = DEFINITIONAL_REPRESENTATION('',(#11310),#11314);
#11310 = LINE('',#11311,#11312);
#11311 = CARTESIAN_POINT('',(19.801171875,0.));
#11312 = VECTOR('',#11313,1.);
#11313 = DIRECTION('',(0.,-1.));
#11314 = ( GEOMETRIC_REPRESENTATION_CONTEXT(2) 
PARAMETRIC_REPRESENTATION_CONTEXT() REPRESENTATION_CONTEXT('2D SPACE',''
  ) );
#11315 = PCURVE('',#2619,#11316);
#11316 = DEFINITIONAL_REPRESENTATION('',(#11317),#11321);
#11317 = LINE('',#11318,#11319);
#11318 = CARTESIAN_POINT('',(0.,0.));
#11319 = VECTOR('',#11320,1.);
#11320 = DIRECTION('',(0.,1.));
#11321 = ( GEOMETRIC_REPRESENTATION_CONTEXT(2) 
PARAMETRIC_REPRESENTATION_CONTEXT() REPRESENTATION_CONTEXT('2D SPACE',''
  ) );
#11322 = ADVANCED_FACE('',(#11323),#1782,.F.);
#11323 = FACE_BOUND('',#11324,.F.);
#11324 = EDGE_LOOP('',(#11325,#11346,#11347,#11348));
#11325 = ORIENTED_EDGE('',*,*,#11326,.F.);
#11326 = EDGE_CURVE('',#1766,#6692,#11327,.T.);
#11327 = SURFACE_CURVE('',#11328,(#11332,#11339),.PCURVE_S1.);
#11328 = LINE('',#11329,#11330);
#11329 = CARTESIAN_POINT('',(34.319140625,12.826666666667,-1.));
#11330 = VECTOR('',#11331,1.);
#11331 = DIRECTION('',(0.,0.,1.));
#11332 = PCURVE('',#1782,#11333);
#11333 = DEFINITIONAL_REPRESENTATION('',(#11334),#11338);
#11334 = LINE('',#11335,#11336);
#11335 = CARTESIAN_POINT('',(0.,0.));
#11336 = VECTOR('',#11337,1.);
#11337 = DIRECTION('',(0.,1.));
#11338 = ( GEOMETRIC_REPRESENTATION_CONTEXT(2) 
PARAMETRIC_REPRESENTATION_CONTEXT() REPRESENTATION_CONTEXT('2D SPACE',''
  ) );
#11339 = PCURVE('',#1809,#11340);
#11340 = DEFINITIONAL_REPRESENTATION('',(#11341),#11345);
#11341 = LINE('',#11342,#11343);
#11342 = CARTESIAN_POINT('',(19.801171875,0.));
#11343 = VECTOR('',#11344,1.);
#11344 = DIRECTION('',(0.,-1.));
#11345 = ( GEOMETRIC_REPRESENTATION_CONTEXT(2) 
PARAMETRIC_REPRESENTATION_CONTEXT() REPRESENTATION_CONTEXT('2D SPACE',''
  ) );
#11346 = ORIENTED_EDGE('',*,*,#1765,.T.);
#11347 = ORIENTED_EDGE('',*,*,#11274,.T.);
#11348 = ORIENTED_EDGE('',*,*,#6691,.F.);
#11349 = ADVANCED_FACE('',(#11350),#2619,.F.);
#11350 = FACE_BOUND('',#11351,.F.);
#11351 = EDGE_LOOP('',(#11352,#11353,#11354,#11373));
#11352 = ORIENTED_EDGE('',*,*,#11302,.F.);
#11353 = ORIENTED_EDGE('',*,*,#2602,.T.);
#11354 = ORIENTED_EDGE('',*,*,#11355,.T.);
#11355 = EDGE_CURVE('',#2574,#7359,#11356,.T.);
#11356 = SURFACE_CURVE('',#11357,(#11361,#11367),.PCURVE_S1.);
#11357 = LINE('',#11358,#11359);
#11358 = CARTESIAN_POINT('',(94.076171875,4.729331940791,-1.));
#11359 = VECTOR('',#11360,1.);
#11360 = DIRECTION('',(0.,0.,1.));
#11361 = PCURVE('',#2619,#11362);
#11362 = DEFINITIONAL_REPRESENTATION('',(#11363),#11366);
#11363 = B_SPLINE_CURVE_WITH_KNOTS('',1,(#11364,#11365),.UNSPECIFIED.,
  .F.,.F.,(2,2),(0.9999994,3.0000006),.PIECEWISE_BEZIER_KNOTS.);
#11364 = CARTESIAN_POINT('',(0.730426646029,0.9999994));
#11365 = CARTESIAN_POINT('',(0.730426646029,3.0000006));
#11366 = ( GEOMETRIC_REPRESENTATION_CONTEXT(2) 
PARAMETRIC_REPRESENTATION_CONTEXT() REPRESENTATION_CONTEXT('2D SPACE',''
  ) );
#11367 = PCURVE('',#2590,#11368);
#11368 = DEFINITIONAL_REPRESENTATION('',(#11369),#11372);
#11369 = B_SPLINE_CURVE_WITH_KNOTS('',1,(#11370,#11371),.UNSPECIFIED.,
  .F.,.F.,(2,2),(0.9999994,3.0000006),.PIECEWISE_BEZIER_KNOTS.);
#11370 = CARTESIAN_POINT('',(-0.730426646029,0.9999994));
#11371 = CARTESIAN_POINT('',(-0.730426646029,3.0000006));
#11372 = ( GEOMETRIC_REPRESENTATION_CONTEXT(2) 
PARAMETRIC_REPRESENTATION_CONTEXT() REPRESENTATION_CONTEXT('2D SPACE',''
  ) );
#11373 = ORIENTED_EDGE('',*,*,#7382,.F.);
#11374 = ADVANCED_FACE('',(#11375),#1809,.T.);
#11375 = FACE_BOUND('',#11376,.T.);
#11376 = EDGE_LOOP('',(#11377,#11378,#11399,#11400));
#11377 = ORIENTED_EDGE('',*,*,#1794,.T.);
#11378 = ORIENTED_EDGE('',*,*,#11379,.T.);
#11379 = EDGE_CURVE('',#1795,#6716,#11380,.T.);
#11380 = SURFACE_CURVE('',#11381,(#11385,#11392),.PCURVE_S1.);
#11381 = LINE('',#11382,#11383);
#11382 = CARTESIAN_POINT('',(52.6203125,12.826666666667,-1.));
#11383 = VECTOR('',#11384,1.);
#11384 = DIRECTION('',(0.,0.,1.));
#11385 = PCURVE('',#1809,#11386);
#11386 = DEFINITIONAL_REPRESENTATION('',(#11387),#11391);
#11387 = LINE('',#11388,#11389);
#11388 = CARTESIAN_POINT('',(1.5,0.));
#11389 = VECTOR('',#11390,1.);
#11390 = DIRECTION('',(0.,-1.));
#11391 = ( GEOMETRIC_REPRESENTATION_CONTEXT(2) 
PARAMETRIC_REPRESENTATION_CONTEXT() REPRESENTATION_CONTEXT('2D SPACE',''
  ) );
#11392 = PCURVE('',#1837,#11393);
#11393 = DEFINITIONAL_REPRESENTATION('',(#11394),#11398);
#11394 = LINE('',#11395,#11396);
#11395 = CARTESIAN_POINT('',(1.570796326795,0.));
#11396 = VECTOR('',#11397,1.);
#11397 = DIRECTION('',(0.,1.));
#11398 = ( GEOMETRIC_REPRESENTATION_CONTEXT(2) 
PARAMETRIC_REPRESENTATION_CONTEXT() REPRESENTATION_CONTEXT('2D SPACE',''
  ) );
#11399 = ORIENTED_EDGE('',*,*,#6715,.F.);
#11400 = ORIENTED_EDGE('',*,*,#11326,.F.);
#11401 = ADVANCED_FACE('',(#11402),#2590,.F.);
#11402 = FACE_BOUND('',#11403,.T.);
#11403 = EDGE_LOOP('',(#11404,#11425,#11426,#11427));
#11404 = ORIENTED_EDGE('',*,*,#11405,.F.);
#11405 = EDGE_CURVE('',#2548,#7338,#11406,.T.);
#11406 = SURFACE_CURVE('',#11407,(#11411,#11418),.PCURVE_S1.);
#11407 = LINE('',#11408,#11409);
#11408 = CARTESIAN_POINT('',(95.076953125,4.346666666667,-1.));
#11409 = VECTOR('',#11410,1.);
#11410 = DIRECTION('',(0.,0.,1.));
#11411 = PCURVE('',#2590,#11412);
#11412 = DEFINITIONAL_REPRESENTATION('',(#11413),#11417);
#11413 = LINE('',#11414,#11415);
#11414 = CARTESIAN_POINT('',(-0.,0.));
#11415 = VECTOR('',#11416,1.);
#11416 = DIRECTION('',(-0.,1.));
#11417 = ( GEOMETRIC_REPRESENTATION_CONTEXT(2) 
PARAMETRIC_REPRESENTATION_CONTEXT() REPRESENTATION_CONTEXT('2D SPACE',''
  ) );
#11418 = PCURVE('',#2562,#11419);
#11419 = DEFINITIONAL_REPRESENTATION('',(#11420),#11424);
#11420 = LINE('',#11421,#11422);
#11421 = CARTESIAN_POINT('',(1.5,0.));
#11422 = VECTOR('',#11423,1.);
#11423 = DIRECTION('',(0.,-1.));
#11424 = ( GEOMETRIC_REPRESENTATION_CONTEXT(2) 
PARAMETRIC_REPRESENTATION_CONTEXT() REPRESENTATION_CONTEXT('2D SPACE',''
  ) );
#11425 = ORIENTED_EDGE('',*,*,#2573,.F.);
#11426 = ORIENTED_EDGE('',*,*,#11355,.T.);
#11427 = ORIENTED_EDGE('',*,*,#7358,.T.);
#11428 = ADVANCED_FACE('',(#11429),#1837,.F.);
#11429 = FACE_BOUND('',#11430,.F.);
#11430 = EDGE_LOOP('',(#11431,#11450,#11451,#11452));
#11431 = ORIENTED_EDGE('',*,*,#11432,.F.);
#11432 = EDGE_CURVE('',#1821,#6737,#11433,.T.);
#11433 = SURFACE_CURVE('',#11434,(#11438,#11444),.PCURVE_S1.);
#11434 = LINE('',#11435,#11436);
#11435 = CARTESIAN_POINT('',(53.62109375,12.444001392543,-1.));
#11436 = VECTOR('',#11437,1.);
#11437 = DIRECTION('',(0.,0.,1.));
#11438 = PCURVE('',#1837,#11439);
#11439 = DEFINITIONAL_REPRESENTATION('',(#11440),#11443);
#11440 = B_SPLINE_CURVE_WITH_KNOTS('',1,(#11441,#11442),.UNSPECIFIED.,
  .F.,.F.,(2,2),(0.9999994,3.0000006),.PIECEWISE_BEZIER_KNOTS.);
#11441 = CARTESIAN_POINT('',(0.840369680765,0.9999994));
#11442 = CARTESIAN_POINT('',(0.840369680765,3.0000006));
#11443 = ( GEOMETRIC_REPRESENTATION_CONTEXT(2) 
PARAMETRIC_REPRESENTATION_CONTEXT() REPRESENTATION_CONTEXT('2D SPACE',''
  ) );
#11444 = PCURVE('',#1866,#11445);
#11445 = DEFINITIONAL_REPRESENTATION('',(#11446),#11449);
#11446 = B_SPLINE_CURVE_WITH_KNOTS('',1,(#11447,#11448),.UNSPECIFIED.,
  .F.,.F.,(2,2),(0.9999994,3.0000006),.PIECEWISE_BEZIER_KNOTS.);
#11447 = CARTESIAN_POINT('',(0.730426646029,0.9999994));
#11448 = CARTESIAN_POINT('',(0.730426646029,3.0000006));
#11449 = ( GEOMETRIC_REPRESENTATION_CONTEXT(2) 
PARAMETRIC_REPRESENTATION_CONTEXT() REPRESENTATION_CONTEXT('2D SPACE',''
  ) );
#11450 = ORIENTED_EDGE('',*,*,#1820,.T.);
#11451 = ORIENTED_EDGE('',*,*,#11379,.T.);
#11452 = ORIENTED_EDGE('',*,*,#6736,.F.);
#11453 = ADVANCED_FACE('',(#11454),#2562,.T.);
#11454 = FACE_BOUND('',#11455,.T.);
#11455 = EDGE_LOOP('',(#11456,#11457,#11458,#11459));
#11456 = ORIENTED_EDGE('',*,*,#2547,.T.);
#11457 = ORIENTED_EDGE('',*,*,#11405,.T.);
#11458 = ORIENTED_EDGE('',*,*,#7337,.F.);
#11459 = ORIENTED_EDGE('',*,*,#11460,.F.);
#11460 = EDGE_CURVE('',#2519,#7314,#11461,.T.);
#11461 = SURFACE_CURVE('',#11462,(#11466,#11473),.PCURVE_S1.);
#11462 = LINE('',#11463,#11464);
#11463 = CARTESIAN_POINT('',(113.378125,4.346666666667,-1.));
#11464 = VECTOR('',#11465,1.);
#11465 = DIRECTION('',(0.,0.,1.));
#11466 = PCURVE('',#2562,#11467);
#11467 = DEFINITIONAL_REPRESENTATION('',(#11468),#11472);
#11468 = LINE('',#11469,#11470);
#11469 = CARTESIAN_POINT('',(19.801171875,0.));
#11470 = VECTOR('',#11471,1.);
#11471 = DIRECTION('',(0.,-1.));
#11472 = ( GEOMETRIC_REPRESENTATION_CONTEXT(2) 
PARAMETRIC_REPRESENTATION_CONTEXT() REPRESENTATION_CONTEXT('2D SPACE',''
  ) );
#11473 = PCURVE('',#2535,#11474);
#11474 = DEFINITIONAL_REPRESENTATION('',(#11475),#11479);
#11475 = LINE('',#11476,#11477);
#11476 = CARTESIAN_POINT('',(0.,0.));
#11477 = VECTOR('',#11478,1.);
#11478 = DIRECTION('',(0.,1.));
#11479 = ( GEOMETRIC_REPRESENTATION_CONTEXT(2) 
PARAMETRIC_REPRESENTATION_CONTEXT() REPRESENTATION_CONTEXT('2D SPACE',''
  ) );
#11480 = ADVANCED_FACE('',(#11481),#1866,.F.);
#11481 = FACE_BOUND('',#11482,.F.);
#11482 = EDGE_LOOP('',(#11483,#11504,#11505,#11506));
#11483 = ORIENTED_EDGE('',*,*,#11484,.F.);
#11484 = EDGE_CURVE('',#1850,#6761,#11485,.T.);
#11485 = SURFACE_CURVE('',#11486,(#11490,#11497),.PCURVE_S1.);
#11486 = LINE('',#11487,#11488);
#11487 = CARTESIAN_POINT('',(54.621875,12.826666666667,-1.));
#11488 = VECTOR('',#11489,1.);
#11489 = DIRECTION('',(0.,0.,1.));
#11490 = PCURVE('',#1866,#11491);
#11491 = DEFINITIONAL_REPRESENTATION('',(#11492),#11496);
#11492 = LINE('',#11493,#11494);
#11493 = CARTESIAN_POINT('',(0.,0.));
#11494 = VECTOR('',#11495,1.);
#11495 = DIRECTION('',(0.,1.));
#11496 = ( GEOMETRIC_REPRESENTATION_CONTEXT(2) 
PARAMETRIC_REPRESENTATION_CONTEXT() REPRESENTATION_CONTEXT('2D SPACE',''
  ) );
#11497 = PCURVE('',#1893,#11498);
#11498 = DEFINITIONAL_REPRESENTATION('',(#11499),#11503);
#11499 = LINE('',#11500,#11501);
#11500 = CARTESIAN_POINT('',(19.801171875,0.));
#11501 = VECTOR('',#11502,1.);
#11502 = DIRECTION('',(0.,-1.));
#11503 = ( GEOMETRIC_REPRESENTATION_CONTEXT(2) 
PARAMETRIC_REPRESENTATION_CONTEXT() REPRESENTATION_CONTEXT('2D SPACE',''
  ) );
#11504 = ORIENTED_EDGE('',*,*,#1849,.T.);
#11505 = ORIENTED_EDGE('',*,*,#11432,.T.);
#11506 = ORIENTED_EDGE('',*,*,#6760,.F.);
#11507 = ADVANCED_FACE('',(#11508),#2535,.F.);
#11508 = FACE_BOUND('',#11509,.F.);
#11509 = EDGE_LOOP('',(#11510,#11511,#11512,#11531));
#11510 = ORIENTED_EDGE('',*,*,#11460,.F.);
#11511 = ORIENTED_EDGE('',*,*,#2518,.T.);
#11512 = ORIENTED_EDGE('',*,*,#11513,.T.);
#11513 = EDGE_CURVE('',#2490,#7290,#11514,.T.);
#11514 = SURFACE_CURVE('',#11515,(#11519,#11525),.PCURVE_S1.);
#11515 = LINE('',#11516,#11517);
#11516 = CARTESIAN_POINT('',(114.3037109375,4.666289323483,-1.));
#11517 = VECTOR('',#11518,1.);
#11518 = DIRECTION('',(0.,0.,1.));
#11519 = PCURVE('',#2535,#11520);
#11520 = DEFINITIONAL_REPRESENTATION('',(#11521),#11524);
#11521 = B_SPLINE_CURVE_WITH_KNOTS('',1,(#11522,#11523),.UNSPECIFIED.,
  .F.,.F.,(2,2),(0.9999994,3.0000006),.PIECEWISE_BEZIER_KNOTS.);
#11522 = CARTESIAN_POINT('',(0.664997660414,0.9999994));
#11523 = CARTESIAN_POINT('',(0.664997660414,3.0000006));
#11524 = ( GEOMETRIC_REPRESENTATION_CONTEXT(2) 
PARAMETRIC_REPRESENTATION_CONTEXT() REPRESENTATION_CONTEXT('2D SPACE',''
  ) );
#11525 = PCURVE('',#2506,#11526);
#11526 = DEFINITIONAL_REPRESENTATION('',(#11527),#11530);
#11527 = B_SPLINE_CURVE_WITH_KNOTS('',1,(#11528,#11529),.UNSPECIFIED.,
  .F.,.F.,(2,2),(0.9999994,3.0000006),.PIECEWISE_BEZIER_KNOTS.);
#11528 = CARTESIAN_POINT('',(-0.664997660414,0.9999994));
#11529 = CARTESIAN_POINT('',(-0.664997660414,3.0000006));
#11530 = ( GEOMETRIC_REPRESENTATION_CONTEXT(2) 
PARAMETRIC_REPRESENTATION_CONTEXT() REPRESENTATION_CONTEXT('2D SPACE',''
  ) );
#11531 = ORIENTED_EDGE('',*,*,#7313,.F.);
#11532 = ADVANCED_FACE('',(#11533),#1893,.T.);
#11533 = FACE_BOUND('',#11534,.T.);
#11534 = EDGE_LOOP('',(#11535,#11536,#11557,#11558));
#11535 = ORIENTED_EDGE('',*,*,#1878,.T.);
#11536 = ORIENTED_EDGE('',*,*,#11537,.T.);
#11537 = EDGE_CURVE('',#1879,#6785,#11538,.T.);
#11538 = SURFACE_CURVE('',#11539,(#11543,#11550),.PCURVE_S1.);
#11539 = LINE('',#11540,#11541);
#11540 = CARTESIAN_POINT('',(72.923046875,12.826666666667,-1.));
#11541 = VECTOR('',#11542,1.);
#11542 = DIRECTION('',(0.,0.,1.));
#11543 = PCURVE('',#1893,#11544);
#11544 = DEFINITIONAL_REPRESENTATION('',(#11545),#11549);
#11545 = LINE('',#11546,#11547);
#11546 = CARTESIAN_POINT('',(1.5,0.));
#11547 = VECTOR('',#11548,1.);
#11548 = DIRECTION('',(0.,-1.));
#11549 = ( GEOMETRIC_REPRESENTATION_CONTEXT(2) 
PARAMETRIC_REPRESENTATION_CONTEXT() REPRESENTATION_CONTEXT('2D SPACE',''
  ) );
#11550 = PCURVE('',#1921,#11551);
#11551 = DEFINITIONAL_REPRESENTATION('',(#11552),#11556);
#11552 = LINE('',#11553,#11554);
#11553 = CARTESIAN_POINT('',(1.570796326795,0.));
#11554 = VECTOR('',#11555,1.);
#11555 = DIRECTION('',(0.,1.));
#11556 = ( GEOMETRIC_REPRESENTATION_CONTEXT(2) 
PARAMETRIC_REPRESENTATION_CONTEXT() REPRESENTATION_CONTEXT('2D SPACE',''
  ) );
#11557 = ORIENTED_EDGE('',*,*,#6784,.F.);
#11558 = ORIENTED_EDGE('',*,*,#11484,.F.);
#11559 = ADVANCED_FACE('',(#11560),#2506,.F.);
#11560 = FACE_BOUND('',#11561,.T.);
#11561 = EDGE_LOOP('',(#11562,#11583,#11584,#11585));
#11562 = ORIENTED_EDGE('',*,*,#11563,.F.);
#11563 = EDGE_CURVE('',#2464,#7269,#11564,.T.);
#11564 = SURFACE_CURVE('',#11565,(#11569,#11576),.PCURVE_S1.);
#11565 = LINE('',#11566,#11567);
#11566 = CARTESIAN_POINT('',(115.229296875,4.346666666667,-1.));
#11567 = VECTOR('',#11568,1.);
#11568 = DIRECTION('',(0.,0.,1.));
#11569 = PCURVE('',#2506,#11570);
#11570 = DEFINITIONAL_REPRESENTATION('',(#11571),#11575);
#11571 = LINE('',#11572,#11573);
#11572 = CARTESIAN_POINT('',(-0.,0.));
#11573 = VECTOR('',#11574,1.);
#11574 = DIRECTION('',(-0.,1.));
#11575 = ( GEOMETRIC_REPRESENTATION_CONTEXT(2) 
PARAMETRIC_REPRESENTATION_CONTEXT() REPRESENTATION_CONTEXT('2D SPACE',''
  ) );
#11576 = PCURVE('',#2478,#11577);
#11577 = DEFINITIONAL_REPRESENTATION('',(#11578),#11582);
#11578 = LINE('',#11579,#11580);
#11579 = CARTESIAN_POINT('',(1.5,0.));
#11580 = VECTOR('',#11581,1.);
#11581 = DIRECTION('',(0.,-1.));
#11582 = ( GEOMETRIC_REPRESENTATION_CONTEXT(2) 
PARAMETRIC_REPRESENTATION_CONTEXT() REPRESENTATION_CONTEXT('2D SPACE',''
  ) );
#11583 = ORIENTED_EDGE('',*,*,#2489,.F.);
#11584 = ORIENTED_EDGE('',*,*,#11513,.T.);
#11585 = ORIENTED_EDGE('',*,*,#7289,.T.);
#11586 = ADVANCED_FACE('',(#11587),#1921,.F.);
#11587 = FACE_BOUND('',#11588,.F.);
#11588 = EDGE_LOOP('',(#11589,#11608,#11609,#11610));
#11589 = ORIENTED_EDGE('',*,*,#11590,.F.);
#11590 = EDGE_CURVE('',#1905,#6806,#11591,.T.);
#11591 = SURFACE_CURVE('',#11592,(#11596,#11602),.PCURVE_S1.);
#11592 = LINE('',#11593,#11594);
#11593 = CARTESIAN_POINT('',(73.8486328125,12.507044009851,-1.));
#11594 = VECTOR('',#11595,1.);
#11595 = DIRECTION('',(0.,0.,1.));
#11596 = PCURVE('',#1921,#11597);
#11597 = DEFINITIONAL_REPRESENTATION('',(#11598),#11601);
#11598 = B_SPLINE_CURVE_WITH_KNOTS('',1,(#11599,#11600),.UNSPECIFIED.,
  .F.,.F.,(2,2),(0.9999994,3.0000006),.PIECEWISE_BEZIER_KNOTS.);
#11599 = CARTESIAN_POINT('',(0.905798666381,0.9999994));
#11600 = CARTESIAN_POINT('',(0.905798666381,3.0000006));
#11601 = ( GEOMETRIC_REPRESENTATION_CONTEXT(2) 
PARAMETRIC_REPRESENTATION_CONTEXT() REPRESENTATION_CONTEXT('2D SPACE',''
  ) );
#11602 = PCURVE('',#1950,#11603);
#11603 = DEFINITIONAL_REPRESENTATION('',(#11604),#11607);
#11604 = B_SPLINE_CURVE_WITH_KNOTS('',1,(#11605,#11606),.UNSPECIFIED.,
  .F.,.F.,(2,2),(0.9999994,3.0000006),.PIECEWISE_BEZIER_KNOTS.);
#11605 = CARTESIAN_POINT('',(0.664997660414,0.9999994));
#11606 = CARTESIAN_POINT('',(0.664997660414,3.0000006));
#11607 = ( GEOMETRIC_REPRESENTATION_CONTEXT(2) 
PARAMETRIC_REPRESENTATION_CONTEXT() REPRESENTATION_CONTEXT('2D SPACE',''
  ) );
#11608 = ORIENTED_EDGE('',*,*,#1904,.T.);
#11609 = ORIENTED_EDGE('',*,*,#11537,.T.);
#11610 = ORIENTED_EDGE('',*,*,#6805,.F.);
#11611 = ADVANCED_FACE('',(#11612),#2478,.T.);
#11612 = FACE_BOUND('',#11613,.T.);
#11613 = EDGE_LOOP('',(#11614,#11615,#11616,#11617));
#11614 = ORIENTED_EDGE('',*,*,#2463,.T.);
#11615 = ORIENTED_EDGE('',*,*,#11563,.T.);
#11616 = ORIENTED_EDGE('',*,*,#7268,.F.);
#11617 = ORIENTED_EDGE('',*,*,#11618,.F.);
#11618 = EDGE_CURVE('',#2435,#7245,#11619,.T.);
#11619 = SURFACE_CURVE('',#11620,(#11624,#11631),.PCURVE_S1.);
#11620 = LINE('',#11621,#11622);
#11621 = CARTESIAN_POINT('',(133.53046875,4.346666666667,-1.));
#11622 = VECTOR('',#11623,1.);
#11623 = DIRECTION('',(0.,0.,1.));
#11624 = PCURVE('',#2478,#11625);
#11625 = DEFINITIONAL_REPRESENTATION('',(#11626),#11630);
#11626 = LINE('',#11627,#11628);
#11627 = CARTESIAN_POINT('',(19.801171875,0.));
#11628 = VECTOR('',#11629,1.);
#11629 = DIRECTION('',(0.,-1.));
#11630 = ( GEOMETRIC_REPRESENTATION_CONTEXT(2) 
PARAMETRIC_REPRESENTATION_CONTEXT() REPRESENTATION_CONTEXT('2D SPACE',''
  ) );
#11631 = PCURVE('',#2451,#11632);
#11632 = DEFINITIONAL_REPRESENTATION('',(#11633),#11637);
#11633 = LINE('',#11634,#11635);
#11634 = CARTESIAN_POINT('',(0.,0.));
#11635 = VECTOR('',#11636,1.);
#11636 = DIRECTION('',(0.,1.));
#11637 = ( GEOMETRIC_REPRESENTATION_CONTEXT(2) 
PARAMETRIC_REPRESENTATION_CONTEXT() REPRESENTATION_CONTEXT('2D SPACE',''
  ) );
#11638 = ADVANCED_FACE('',(#11639),#1950,.F.);
#11639 = FACE_BOUND('',#11640,.F.);
#11640 = EDGE_LOOP('',(#11641,#11662,#11663,#11664));
#11641 = ORIENTED_EDGE('',*,*,#11642,.F.);
#11642 = EDGE_CURVE('',#1934,#6830,#11643,.T.);
#11643 = SURFACE_CURVE('',#11644,(#11648,#11655),.PCURVE_S1.);
#11644 = LINE('',#11645,#11646);
#11645 = CARTESIAN_POINT('',(74.77421875,12.826666666667,-1.));
#11646 = VECTOR('',#11647,1.);
#11647 = DIRECTION('',(0.,0.,1.));
#11648 = PCURVE('',#1950,#11649);
#11649 = DEFINITIONAL_REPRESENTATION('',(#11650),#11654);
#11650 = LINE('',#11651,#11652);
#11651 = CARTESIAN_POINT('',(0.,0.));
#11652 = VECTOR('',#11653,1.);
#11653 = DIRECTION('',(0.,1.));
#11654 = ( GEOMETRIC_REPRESENTATION_CONTEXT(2) 
PARAMETRIC_REPRESENTATION_CONTEXT() REPRESENTATION_CONTEXT('2D SPACE',''
  ) );
#11655 = PCURVE('',#1977,#11656);
#11656 = DEFINITIONAL_REPRESENTATION('',(#11657),#11661);
#11657 = LINE('',#11658,#11659);
#11658 = CARTESIAN_POINT('',(19.801171875,0.));
#11659 = VECTOR('',#11660,1.);
#11660 = DIRECTION('',(0.,-1.));
#11661 = ( GEOMETRIC_REPRESENTATION_CONTEXT(2) 
PARAMETRIC_REPRESENTATION_CONTEXT() REPRESENTATION_CONTEXT('2D SPACE',''
  ) );
#11662 = ORIENTED_EDGE('',*,*,#1933,.T.);
#11663 = ORIENTED_EDGE('',*,*,#11590,.T.);
#11664 = ORIENTED_EDGE('',*,*,#6829,.F.);
#11665 = ADVANCED_FACE('',(#11666),#2451,.F.);
#11666 = FACE_BOUND('',#11667,.F.);
#11667 = EDGE_LOOP('',(#11668,#11669,#11670,#11689));
#11668 = ORIENTED_EDGE('',*,*,#11618,.F.);
#11669 = ORIENTED_EDGE('',*,*,#2434,.T.);
#11670 = ORIENTED_EDGE('',*,*,#11671,.T.);
#11671 = EDGE_CURVE('',#2406,#7221,#11672,.T.);
#11672 = SURFACE_CURVE('',#11673,(#11677,#11683),.PCURVE_S1.);
#11673 = LINE('',#11674,#11675);
#11674 = CARTESIAN_POINT('',(134.53125,4.729331940791,-1.));
#11675 = VECTOR('',#11676,1.);
#11676 = DIRECTION('',(0.,0.,1.));
#11677 = PCURVE('',#2451,#11678);
#11678 = DEFINITIONAL_REPRESENTATION('',(#11679),#11682);
#11679 = B_SPLINE_CURVE_WITH_KNOTS('',1,(#11680,#11681),.UNSPECIFIED.,
  .F.,.F.,(2,2),(0.9999994,3.0000006),.PIECEWISE_BEZIER_KNOTS.);
#11680 = CARTESIAN_POINT('',(0.730426646029,0.9999994));
#11681 = CARTESIAN_POINT('',(0.730426646029,3.0000006));
#11682 = ( GEOMETRIC_REPRESENTATION_CONTEXT(2) 
PARAMETRIC_REPRESENTATION_CONTEXT() REPRESENTATION_CONTEXT('2D SPACE',''
  ) );
#11683 = PCURVE('',#2422,#11684);
#11684 = DEFINITIONAL_REPRESENTATION('',(#11685),#11688);
#11685 = B_SPLINE_CURVE_WITH_KNOTS('',1,(#11686,#11687),.UNSPECIFIED.,
  .F.,.F.,(2,2),(0.9999994,3.0000006),.PIECEWISE_BEZIER_KNOTS.);
#11686 = CARTESIAN_POINT('',(-0.730426646029,0.9999994));
#11687 = CARTESIAN_POINT('',(-0.730426646029,3.0000006));
#11688 = ( GEOMETRIC_REPRESENTATION_CONTEXT(2) 
PARAMETRIC_REPRESENTATION_CONTEXT() REPRESENTATION_CONTEXT('2D SPACE',''
  ) );
#11689 = ORIENTED_EDGE('',*,*,#7244,.F.);
#11690 = ADVANCED_FACE('',(#11691),#1977,.T.);
#11691 = FACE_BOUND('',#11692,.T.);
#11692 = EDGE_LOOP('',(#11693,#11694,#11715,#11716));
#11693 = ORIENTED_EDGE('',*,*,#1962,.T.);
#11694 = ORIENTED_EDGE('',*,*,#11695,.T.);
#11695 = EDGE_CURVE('',#1963,#6854,#11696,.T.);
#11696 = SURFACE_CURVE('',#11697,(#11701,#11708),.PCURVE_S1.);
#11697 = LINE('',#11698,#11699);
#11698 = CARTESIAN_POINT('',(93.075390625,12.826666666667,-1.));
#11699 = VECTOR('',#11700,1.);
#11700 = DIRECTION('',(0.,0.,1.));
#11701 = PCURVE('',#1977,#11702);
#11702 = DEFINITIONAL_REPRESENTATION('',(#11703),#11707);
#11703 = LINE('',#11704,#11705);
#11704 = CARTESIAN_POINT('',(1.5,0.));
#11705 = VECTOR('',#11706,1.);
#11706 = DIRECTION('',(0.,-1.));
#11707 = ( GEOMETRIC_REPRESENTATION_CONTEXT(2) 
PARAMETRIC_REPRESENTATION_CONTEXT() REPRESENTATION_CONTEXT('2D SPACE',''
  ) );
#11708 = PCURVE('',#2005,#11709);
#11709 = DEFINITIONAL_REPRESENTATION('',(#11710),#11714);
#11710 = LINE('',#11711,#11712);
#11711 = CARTESIAN_POINT('',(1.570796326795,0.));
#11712 = VECTOR('',#11713,1.);
#11713 = DIRECTION('',(0.,1.));
#11714 = ( GEOMETRIC_REPRESENTATION_CONTEXT(2) 
PARAMETRIC_REPRESENTATION_CONTEXT() REPRESENTATION_CONTEXT('2D SPACE',''
  ) );
#11715 = ORIENTED_EDGE('',*,*,#6853,.F.);
#11716 = ORIENTED_EDGE('',*,*,#11642,.F.);
#11717 = ADVANCED_FACE('',(#11718),#2422,.F.);
#11718 = FACE_BOUND('',#11719,.T.);
#11719 = EDGE_LOOP('',(#11720,#11741,#11742,#11743));
#11720 = ORIENTED_EDGE('',*,*,#11721,.F.);
#11721 = EDGE_CURVE('',#2380,#7200,#11722,.T.);
#11722 = SURFACE_CURVE('',#11723,(#11727,#11734),.PCURVE_S1.);
#11723 = LINE('',#11724,#11725);
#11724 = CARTESIAN_POINT('',(135.53203125,4.346666666667,-1.));
#11725 = VECTOR('',#11726,1.);
#11726 = DIRECTION('',(0.,0.,1.));
#11727 = PCURVE('',#2422,#11728);
#11728 = DEFINITIONAL_REPRESENTATION('',(#11729),#11733);
#11729 = LINE('',#11730,#11731);
#11730 = CARTESIAN_POINT('',(-0.,0.));
#11731 = VECTOR('',#11732,1.);
#11732 = DIRECTION('',(-0.,1.));
#11733 = ( GEOMETRIC_REPRESENTATION_CONTEXT(2) 
PARAMETRIC_REPRESENTATION_CONTEXT() REPRESENTATION_CONTEXT('2D SPACE',''
  ) );
#11734 = PCURVE('',#2394,#11735);
#11735 = DEFINITIONAL_REPRESENTATION('',(#11736),#11740);
#11736 = LINE('',#11737,#11738);
#11737 = CARTESIAN_POINT('',(1.5,0.));
#11738 = VECTOR('',#11739,1.);
#11739 = DIRECTION('',(0.,-1.));
#11740 = ( GEOMETRIC_REPRESENTATION_CONTEXT(2) 
PARAMETRIC_REPRESENTATION_CONTEXT() REPRESENTATION_CONTEXT('2D SPACE',''
  ) );
#11741 = ORIENTED_EDGE('',*,*,#2405,.F.);
#11742 = ORIENTED_EDGE('',*,*,#11671,.T.);
#11743 = ORIENTED_EDGE('',*,*,#7220,.T.);
#11744 = ADVANCED_FACE('',(#11745),#2005,.F.);
#11745 = FACE_BOUND('',#11746,.F.);
#11746 = EDGE_LOOP('',(#11747,#11766,#11767,#11768));
#11747 = ORIENTED_EDGE('',*,*,#11748,.F.);
#11748 = EDGE_CURVE('',#1989,#6875,#11749,.T.);
#11749 = SURFACE_CURVE('',#11750,(#11754,#11760),.PCURVE_S1.);
#11750 = LINE('',#11751,#11752);
#11751 = CARTESIAN_POINT('',(94.076171875,12.444001392543,-1.));
#11752 = VECTOR('',#11753,1.);
#11753 = DIRECTION('',(0.,0.,1.));
#11754 = PCURVE('',#2005,#11755);
#11755 = DEFINITIONAL_REPRESENTATION('',(#11756),#11759);
#11756 = B_SPLINE_CURVE_WITH_KNOTS('',1,(#11757,#11758),.UNSPECIFIED.,
  .F.,.F.,(2,2),(0.9999994,3.0000006),.PIECEWISE_BEZIER_KNOTS.);
#11757 = CARTESIAN_POINT('',(0.840369680765,0.9999994));
#11758 = CARTESIAN_POINT('',(0.840369680765,3.0000006));
#11759 = ( GEOMETRIC_REPRESENTATION_CONTEXT(2) 
PARAMETRIC_REPRESENTATION_CONTEXT() REPRESENTATION_CONTEXT('2D SPACE',''
  ) );
#11760 = PCURVE('',#2034,#11761);
#11761 = DEFINITIONAL_REPRESENTATION('',(#11762),#11765);
#11762 = B_SPLINE_CURVE_WITH_KNOTS('',1,(#11763,#11764),.UNSPECIFIED.,
  .F.,.F.,(2,2),(0.9999994,3.0000006),.PIECEWISE_BEZIER_KNOTS.);
#11763 = CARTESIAN_POINT('',(0.730426646029,0.9999994));
#11764 = CARTESIAN_POINT('',(0.730426646029,3.0000006));
#11765 = ( GEOMETRIC_REPRESENTATION_CONTEXT(2) 
PARAMETRIC_REPRESENTATION_CONTEXT() REPRESENTATION_CONTEXT('2D SPACE',''
  ) );
#11766 = ORIENTED_EDGE('',*,*,#1988,.T.);
#11767 = ORIENTED_EDGE('',*,*,#11695,.T.);
#11768 = ORIENTED_EDGE('',*,*,#6874,.F.);
#11769 = ADVANCED_FACE('',(#11770),#2394,.T.);
#11770 = FACE_BOUND('',#11771,.T.);
#11771 = EDGE_LOOP('',(#11772,#11773,#11774,#11775));
#11772 = ORIENTED_EDGE('',*,*,#2379,.T.);
#11773 = ORIENTED_EDGE('',*,*,#11721,.T.);
#11774 = ORIENTED_EDGE('',*,*,#7199,.F.);
#11775 = ORIENTED_EDGE('',*,*,#11776,.F.);
#11776 = EDGE_CURVE('',#2351,#7176,#11777,.T.);
#11777 = SURFACE_CURVE('',#11778,(#11782,#11789),.PCURVE_S1.);
#11778 = LINE('',#11779,#11780);
#11779 = CARTESIAN_POINT('',(153.833203125,4.346666666667,-1.));
#11780 = VECTOR('',#11781,1.);
#11781 = DIRECTION('',(0.,0.,1.));
#11782 = PCURVE('',#2394,#11783);
#11783 = DEFINITIONAL_REPRESENTATION('',(#11784),#11788);
#11784 = LINE('',#11785,#11786);
#11785 = CARTESIAN_POINT('',(19.801171875,0.));
#11786 = VECTOR('',#11787,1.);
#11787 = DIRECTION('',(0.,-1.));
#11788 = ( GEOMETRIC_REPRESENTATION_CONTEXT(2) 
PARAMETRIC_REPRESENTATION_CONTEXT() REPRESENTATION_CONTEXT('2D SPACE',''
  ) );
#11789 = PCURVE('',#2367,#11790);
#11790 = DEFINITIONAL_REPRESENTATION('',(#11791),#11795);
#11791 = LINE('',#11792,#11793);
#11792 = CARTESIAN_POINT('',(0.,0.));
#11793 = VECTOR('',#11794,1.);
#11794 = DIRECTION('',(0.,1.));
#11795 = ( GEOMETRIC_REPRESENTATION_CONTEXT(2) 
PARAMETRIC_REPRESENTATION_CONTEXT() REPRESENTATION_CONTEXT('2D SPACE',''
  ) );
#11796 = ADVANCED_FACE('',(#11797),#2034,.F.);
#11797 = FACE_BOUND('',#11798,.F.);
#11798 = EDGE_LOOP('',(#11799,#11820,#11821,#11822));
#11799 = ORIENTED_EDGE('',*,*,#11800,.F.);
#11800 = EDGE_CURVE('',#2018,#6899,#11801,.T.);
#11801 = SURFACE_CURVE('',#11802,(#11806,#11813),.PCURVE_S1.);
#11802 = LINE('',#11803,#11804);
#11803 = CARTESIAN_POINT('',(95.076953125,12.826666666667,-1.));
#11804 = VECTOR('',#11805,1.);
#11805 = DIRECTION('',(0.,0.,1.));
#11806 = PCURVE('',#2034,#11807);
#11807 = DEFINITIONAL_REPRESENTATION('',(#11808),#11812);
#11808 = LINE('',#11809,#11810);
#11809 = CARTESIAN_POINT('',(0.,0.));
#11810 = VECTOR('',#11811,1.);
#11811 = DIRECTION('',(0.,1.));
#11812 = ( GEOMETRIC_REPRESENTATION_CONTEXT(2) 
PARAMETRIC_REPRESENTATION_CONTEXT() REPRESENTATION_CONTEXT('2D SPACE',''
  ) );
#11813 = PCURVE('',#2061,#11814);
#11814 = DEFINITIONAL_REPRESENTATION('',(#11815),#11819);
#11815 = LINE('',#11816,#11817);
#11816 = CARTESIAN_POINT('',(19.801171875,0.));
#11817 = VECTOR('',#11818,1.);
#11818 = DIRECTION('',(0.,-1.));
#11819 = ( GEOMETRIC_REPRESENTATION_CONTEXT(2) 
PARAMETRIC_REPRESENTATION_CONTEXT() REPRESENTATION_CONTEXT('2D SPACE',''
  ) );
#11820 = ORIENTED_EDGE('',*,*,#2017,.T.);
#11821 = ORIENTED_EDGE('',*,*,#11748,.T.);
#11822 = ORIENTED_EDGE('',*,*,#6898,.F.);
#11823 = ADVANCED_FACE('',(#11824),#2367,.F.);
#11824 = FACE_BOUND('',#11825,.F.);
#11825 = EDGE_LOOP('',(#11826,#11827,#11828,#11849));
#11826 = ORIENTED_EDGE('',*,*,#11776,.F.);
#11827 = ORIENTED_EDGE('',*,*,#2350,.T.);
#11828 = ORIENTED_EDGE('',*,*,#11829,.T.);
#11829 = EDGE_CURVE('',#2325,#7155,#11830,.T.);
#11830 = SURFACE_CURVE('',#11831,(#11835,#11842),.PCURVE_S1.);
#11831 = LINE('',#11832,#11833);
#11832 = CARTESIAN_POINT('',(155.333203125,5.846666666667,-1.));
#11833 = VECTOR('',#11834,1.);
#11834 = DIRECTION('',(0.,0.,1.));
#11835 = PCURVE('',#2367,#11836);
#11836 = DEFINITIONAL_REPRESENTATION('',(#11837),#11841);
#11837 = LINE('',#11838,#11839);
#11838 = CARTESIAN_POINT('',(1.570796326795,0.));
#11839 = VECTOR('',#11840,1.);
#11840 = DIRECTION('',(0.,1.));
#11841 = ( GEOMETRIC_REPRESENTATION_CONTEXT(2) 
PARAMETRIC_REPRESENTATION_CONTEXT() REPRESENTATION_CONTEXT('2D SPACE',''
  ) );
#11842 = PCURVE('',#2339,#11843);
#11843 = DEFINITIONAL_REPRESENTATION('',(#11844),#11848);
#11844 = LINE('',#11845,#11846);
#11845 = CARTESIAN_POINT('',(1.5,0.));
#11846 = VECTOR('',#11847,1.);
#11847 = DIRECTION('',(0.,-1.));
#11848 = ( GEOMETRIC_REPRESENTATION_CONTEXT(2) 
PARAMETRIC_REPRESENTATION_CONTEXT() REPRESENTATION_CONTEXT('2D SPACE',''
  ) );
#11849 = ORIENTED_EDGE('',*,*,#7175,.F.);
#11850 = ADVANCED_FACE('',(#11851),#2061,.T.);
#11851 = FACE_BOUND('',#11852,.T.);
#11852 = EDGE_LOOP('',(#11853,#11854,#11875,#11876));
#11853 = ORIENTED_EDGE('',*,*,#2046,.T.);
#11854 = ORIENTED_EDGE('',*,*,#11855,.T.);
#11855 = EDGE_CURVE('',#2047,#6923,#11856,.T.);
#11856 = SURFACE_CURVE('',#11857,(#11861,#11868),.PCURVE_S1.);
#11857 = LINE('',#11858,#11859);
#11858 = CARTESIAN_POINT('',(113.378125,12.826666666667,-1.));
#11859 = VECTOR('',#11860,1.);
#11860 = DIRECTION('',(0.,0.,1.));
#11861 = PCURVE('',#2061,#11862);
#11862 = DEFINITIONAL_REPRESENTATION('',(#11863),#11867);
#11863 = LINE('',#11864,#11865);
#11864 = CARTESIAN_POINT('',(1.5,0.));
#11865 = VECTOR('',#11866,1.);
#11866 = DIRECTION('',(0.,-1.));
#11867 = ( GEOMETRIC_REPRESENTATION_CONTEXT(2) 
PARAMETRIC_REPRESENTATION_CONTEXT() REPRESENTATION_CONTEXT('2D SPACE',''
  ) );
#11868 = PCURVE('',#2089,#11869);
#11869 = DEFINITIONAL_REPRESENTATION('',(#11870),#11874);
#11870 = LINE('',#11871,#11872);
#11871 = CARTESIAN_POINT('',(1.570796326795,0.));
#11872 = VECTOR('',#11873,1.);
#11873 = DIRECTION('',(0.,1.));
#11874 = ( GEOMETRIC_REPRESENTATION_CONTEXT(2) 
PARAMETRIC_REPRESENTATION_CONTEXT() REPRESENTATION_CONTEXT('2D SPACE',''
  ) );
#11875 = ORIENTED_EDGE('',*,*,#6922,.F.);
#11876 = ORIENTED_EDGE('',*,*,#11800,.F.);
#11877 = ADVANCED_FACE('',(#11878),#2339,.T.);
#11878 = FACE_BOUND('',#11879,.T.);
#11879 = EDGE_LOOP('',(#11880,#11899,#11900,#11901));
#11880 = ORIENTED_EDGE('',*,*,#11881,.T.);
#11881 = EDGE_CURVE('',#7127,#2296,#11882,.T.);
#11882 = SURFACE_CURVE('',#11883,(#11887,#11893),.PCURVE_S1.);
#11883 = LINE('',#11884,#11885);
#11884 = CARTESIAN_POINT('',(155.333203125,6.614782346613,-1.));
#11885 = VECTOR('',#11886,1.);
#11886 = DIRECTION('',(-0.,-0.,-1.));
#11887 = PCURVE('',#2339,#11888);
#11888 = DEFINITIONAL_REPRESENTATION('',(#11889),#11892);
#11889 = B_SPLINE_CURVE_WITH_KNOTS('',1,(#11890,#11891),.UNSPECIFIED.,
  .F.,.F.,(2,2),(-3.2,-0.8),.PIECEWISE_BEZIER_KNOTS.);
#11890 = CARTESIAN_POINT('',(2.268115679946,-3.2));
#11891 = CARTESIAN_POINT('',(2.268115679946,-0.8));
#11892 = ( GEOMETRIC_REPRESENTATION_CONTEXT(2) 
PARAMETRIC_REPRESENTATION_CONTEXT() REPRESENTATION_CONTEXT('2D SPACE',''
  ) );
#11893 = PCURVE('',#2312,#11894);
#11894 = DEFINITIONAL_REPRESENTATION('',(#11895),#11898);
#11895 = B_SPLINE_CURVE_WITH_KNOTS('',1,(#11896,#11897),.UNSPECIFIED.,
  .F.,.F.,(2,2),(-3.,-1.),.PIECEWISE_BEZIER_KNOTS.);
#11896 = CARTESIAN_POINT('',(-3.905765150655,-3.));
#11897 = CARTESIAN_POINT('',(-3.905765150655,-1.));
#11898 = ( GEOMETRIC_REPRESENTATION_CONTEXT(2) 
PARAMETRIC_REPRESENTATION_CONTEXT() REPRESENTATION_CONTEXT('2D SPACE',''
  ) );
#11899 = ORIENTED_EDGE('',*,*,#2324,.T.);
#11900 = ORIENTED_EDGE('',*,*,#11829,.T.);
#11901 = ORIENTED_EDGE('',*,*,#7154,.F.);
#11902 = ADVANCED_FACE('',(#11903),#2089,.F.);
#11903 = FACE_BOUND('',#11904,.F.);
#11904 = EDGE_LOOP('',(#11905,#11924,#11925,#11926));
#11905 = ORIENTED_EDGE('',*,*,#11906,.F.);
#11906 = EDGE_CURVE('',#2073,#6944,#11907,.T.);
#11907 = SURFACE_CURVE('',#11908,(#11912,#11918),.PCURVE_S1.);
#11908 = LINE('',#11909,#11910);
#11909 = CARTESIAN_POINT('',(114.3037109375,12.507044009851,-1.));
#11910 = VECTOR('',#11911,1.);
#11911 = DIRECTION('',(0.,0.,1.));
#11912 = PCURVE('',#2089,#11913);
#11913 = DEFINITIONAL_REPRESENTATION('',(#11914),#11917);
#11914 = B_SPLINE_CURVE_WITH_KNOTS('',1,(#11915,#11916),.UNSPECIFIED.,
  .F.,.F.,(2,2),(0.9999994,3.0000006),.PIECEWISE_BEZIER_KNOTS.);
#11915 = CARTESIAN_POINT('',(0.905798666381,0.9999994));
#11916 = CARTESIAN_POINT('',(0.905798666381,3.0000006));
#11917 = ( GEOMETRIC_REPRESENTATION_CONTEXT(2) 
PARAMETRIC_REPRESENTATION_CONTEXT() REPRESENTATION_CONTEXT('2D SPACE',''
  ) );
#11918 = PCURVE('',#2118,#11919);
#11919 = DEFINITIONAL_REPRESENTATION('',(#11920),#11923);
#11920 = B_SPLINE_CURVE_WITH_KNOTS('',1,(#11921,#11922),.UNSPECIFIED.,
  .F.,.F.,(2,2),(0.9999994,3.0000006),.PIECEWISE_BEZIER_KNOTS.);
#11921 = CARTESIAN_POINT('',(0.664997660414,0.9999994));
#11922 = CARTESIAN_POINT('',(0.664997660414,3.0000006));
#11923 = ( GEOMETRIC_REPRESENTATION_CONTEXT(2) 
PARAMETRIC_REPRESENTATION_CONTEXT() REPRESENTATION_CONTEXT('2D SPACE',''
  ) );
#11924 = ORIENTED_EDGE('',*,*,#2072,.T.);
#11925 = ORIENTED_EDGE('',*,*,#11855,.T.);
#11926 = ORIENTED_EDGE('',*,*,#6943,.F.);
#11927 = ADVANCED_FACE('',(#11928),#2312,.F.);
#11928 = FACE_BOUND('',#11929,.T.);
#11929 = EDGE_LOOP('',(#11930,#11931,#11950,#11951));
#11930 = ORIENTED_EDGE('',*,*,#7126,.F.);
#11931 = ORIENTED_EDGE('',*,*,#11932,.T.);
#11932 = EDGE_CURVE('',#7106,#2270,#11933,.T.);
#11933 = SURFACE_CURVE('',#11934,(#11938,#11944),.PCURVE_S1.);
#11934 = LINE('',#11935,#11936);
#11935 = CARTESIAN_POINT('',(155.333203125,10.558550986721,-1.));
#11936 = VECTOR('',#11937,1.);
#11937 = DIRECTION('',(-0.,-0.,-1.));
#11938 = PCURVE('',#2312,#11939);
#11939 = DEFINITIONAL_REPRESENTATION('',(#11940),#11943);
#11940 = B_SPLINE_CURVE_WITH_KNOTS('',1,(#11941,#11942),.UNSPECIFIED.,
  .F.,.F.,(2,2),(-3.,-1.),.PIECEWISE_BEZIER_KNOTS.);
#11941 = CARTESIAN_POINT('',(-8.660605463704,-3.));
#11942 = CARTESIAN_POINT('',(-8.660605463704,-1.));
#11943 = ( GEOMETRIC_REPRESENTATION_CONTEXT(2) 
PARAMETRIC_REPRESENTATION_CONTEXT() REPRESENTATION_CONTEXT('2D SPACE',''
  ) );
#11944 = PCURVE('',#2284,#11945);
#11945 = DEFINITIONAL_REPRESENTATION('',(#11946),#11949);
#11946 = B_SPLINE_CURVE_WITH_KNOTS('',1,(#11947,#11948),.UNSPECIFIED.,
  .F.,.F.,(2,2),(-3.2,-0.8),.PIECEWISE_BEZIER_KNOTS.);
#11947 = CARTESIAN_POINT('',(6.211884320054,-3.2));
#11948 = CARTESIAN_POINT('',(6.211884320054,-0.8));
#11949 = ( GEOMETRIC_REPRESENTATION_CONTEXT(2) 
PARAMETRIC_REPRESENTATION_CONTEXT() REPRESENTATION_CONTEXT('2D SPACE',''
  ) );
#11950 = ORIENTED_EDGE('',*,*,#2295,.F.);
#11951 = ORIENTED_EDGE('',*,*,#11881,.F.);
#11952 = ADVANCED_FACE('',(#11953),#2118,.F.);
#11953 = FACE_BOUND('',#11954,.F.);
#11954 = EDGE_LOOP('',(#11955,#11976,#11977,#11978));
#11955 = ORIENTED_EDGE('',*,*,#11956,.F.);
#11956 = EDGE_CURVE('',#2102,#6968,#11957,.T.);
#11957 = SURFACE_CURVE('',#11958,(#11962,#11969),.PCURVE_S1.);
#11958 = LINE('',#11959,#11960);
#11959 = CARTESIAN_POINT('',(115.229296875,12.826666666667,-1.));
#11960 = VECTOR('',#11961,1.);
#11961 = DIRECTION('',(0.,0.,1.));
#11962 = PCURVE('',#2118,#11963);
#11963 = DEFINITIONAL_REPRESENTATION('',(#11964),#11968);
#11964 = LINE('',#11965,#11966);
#11965 = CARTESIAN_POINT('',(0.,0.));
#11966 = VECTOR('',#11967,1.);
#11967 = DIRECTION('',(0.,1.));
#11968 = ( GEOMETRIC_REPRESENTATION_CONTEXT(2) 
PARAMETRIC_REPRESENTATION_CONTEXT() REPRESENTATION_CONTEXT('2D SPACE',''
  ) );
#11969 = PCURVE('',#2145,#11970);
#11970 = DEFINITIONAL_REPRESENTATION('',(#11971),#11975);
#11971 = LINE('',#11972,#11973);
#11972 = CARTESIAN_POINT('',(19.801171875,0.));
#11973 = VECTOR('',#11974,1.);
#11974 = DIRECTION('',(0.,-1.));
#11975 = ( GEOMETRIC_REPRESENTATION_CONTEXT(2) 
PARAMETRIC_REPRESENTATION_CONTEXT() REPRESENTATION_CONTEXT('2D SPACE',''
  ) );
#11976 = ORIENTED_EDGE('',*,*,#2101,.T.);
#11977 = ORIENTED_EDGE('',*,*,#11906,.T.);
#11978 = ORIENTED_EDGE('',*,*,#6967,.F.);
#11979 = ADVANCED_FACE('',(#11980),#2284,.T.);
#11980 = FACE_BOUND('',#11981,.T.);
#11981 = EDGE_LOOP('',(#11982,#12003,#12004,#12005));
#11982 = ORIENTED_EDGE('',*,*,#11983,.F.);
#11983 = EDGE_CURVE('',#2241,#7082,#11984,.T.);
#11984 = SURFACE_CURVE('',#11985,(#11989,#11996),.PCURVE_S1.);
#11985 = LINE('',#11986,#11987);
#11986 = CARTESIAN_POINT('',(155.333203125,11.326666666667,-1.));
#11987 = VECTOR('',#11988,1.);
#11988 = DIRECTION('',(0.,0.,1.));
#11989 = PCURVE('',#2284,#11990);
#11990 = DEFINITIONAL_REPRESENTATION('',(#11991),#11995);
#11991 = LINE('',#11992,#11993);
#11992 = CARTESIAN_POINT('',(6.98,0.));
#11993 = VECTOR('',#11994,1.);
#11994 = DIRECTION('',(0.,-1.));
#11995 = ( GEOMETRIC_REPRESENTATION_CONTEXT(2) 
PARAMETRIC_REPRESENTATION_CONTEXT() REPRESENTATION_CONTEXT('2D SPACE',''
  ) );
#11996 = PCURVE('',#2257,#11997);
#11997 = DEFINITIONAL_REPRESENTATION('',(#11998),#12002);
#11998 = LINE('',#11999,#12000);
#11999 = CARTESIAN_POINT('',(0.,0.));
#12000 = VECTOR('',#12001,1.);
#12001 = DIRECTION('',(0.,1.));
#12002 = ( GEOMETRIC_REPRESENTATION_CONTEXT(2) 
PARAMETRIC_REPRESENTATION_CONTEXT() REPRESENTATION_CONTEXT('2D SPACE',''
  ) );
#12003 = ORIENTED_EDGE('',*,*,#2269,.T.);
#12004 = ORIENTED_EDGE('',*,*,#11932,.F.);
#12005 = ORIENTED_EDGE('',*,*,#7105,.F.);
#12006 = ADVANCED_FACE('',(#12007),#2145,.T.);
#12007 = FACE_BOUND('',#12008,.T.);
#12008 = EDGE_LOOP('',(#12009,#12010,#12031,#12032));
#12009 = ORIENTED_EDGE('',*,*,#2130,.T.);
#12010 = ORIENTED_EDGE('',*,*,#12011,.T.);
#12011 = EDGE_CURVE('',#2131,#6992,#12012,.T.);
#12012 = SURFACE_CURVE('',#12013,(#12017,#12024),.PCURVE_S1.);
#12013 = LINE('',#12014,#12015);
#12014 = CARTESIAN_POINT('',(133.53046875,12.826666666667,-1.));
#12015 = VECTOR('',#12016,1.);
#12016 = DIRECTION('',(0.,0.,1.));
#12017 = PCURVE('',#2145,#12018);
#12018 = DEFINITIONAL_REPRESENTATION('',(#12019),#12023);
#12019 = LINE('',#12020,#12021);
#12020 = CARTESIAN_POINT('',(1.5,0.));
#12021 = VECTOR('',#12022,1.);
#12022 = DIRECTION('',(0.,-1.));
#12023 = ( GEOMETRIC_REPRESENTATION_CONTEXT(2) 
PARAMETRIC_REPRESENTATION_CONTEXT() REPRESENTATION_CONTEXT('2D SPACE',''
  ) );
#12024 = PCURVE('',#2173,#12025);
#12025 = DEFINITIONAL_REPRESENTATION('',(#12026),#12030);
#12026 = LINE('',#12027,#12028);
#12027 = CARTESIAN_POINT('',(1.570796326795,0.));
#12028 = VECTOR('',#12029,1.);
#12029 = DIRECTION('',(0.,1.));
#12030 = ( GEOMETRIC_REPRESENTATION_CONTEXT(2) 
PARAMETRIC_REPRESENTATION_CONTEXT() REPRESENTATION_CONTEXT('2D SPACE',''
  ) );
#12031 = ORIENTED_EDGE('',*,*,#6991,.F.);
#12032 = ORIENTED_EDGE('',*,*,#11956,.F.);
#12033 = ADVANCED_FACE('',(#12034),#2257,.F.);
#12034 = FACE_BOUND('',#12035,.F.);
#12035 = EDGE_LOOP('',(#12036,#12037,#12038,#12059));
#12036 = ORIENTED_EDGE('',*,*,#11983,.F.);
#12037 = ORIENTED_EDGE('',*,*,#2240,.T.);
#12038 = ORIENTED_EDGE('',*,*,#12039,.T.);
#12039 = EDGE_CURVE('',#2215,#7061,#12040,.T.);
#12040 = SURFACE_CURVE('',#12041,(#12045,#12052),.PCURVE_S1.);
#12041 = LINE('',#12042,#12043);
#12042 = CARTESIAN_POINT('',(153.833203125,12.826666666667,-1.));
#12043 = VECTOR('',#12044,1.);
#12044 = DIRECTION('',(0.,0.,1.));
#12045 = PCURVE('',#2257,#12046);
#12046 = DEFINITIONAL_REPRESENTATION('',(#12047),#12051);
#12047 = LINE('',#12048,#12049);
#12048 = CARTESIAN_POINT('',(1.570796326795,0.));
#12049 = VECTOR('',#12050,1.);
#12050 = DIRECTION('',(0.,1.));
#12051 = ( GEOMETRIC_REPRESENTATION_CONTEXT(2) 
PARAMETRIC_REPRESENTATION_CONTEXT() REPRESENTATION_CONTEXT('2D SPACE',''
  ) );
#12052 = PCURVE('',#2229,#12053);
#12053 = DEFINITIONAL_REPRESENTATION('',(#12054),#12058);
#12054 = LINE('',#12055,#12056);
#12055 = CARTESIAN_POINT('',(1.5,0.));
#12056 = VECTOR('',#12057,1.);
#12057 = DIRECTION('',(0.,-1.));
#12058 = ( GEOMETRIC_REPRESENTATION_CONTEXT(2) 
PARAMETRIC_REPRESENTATION_CONTEXT() REPRESENTATION_CONTEXT('2D SPACE',''
  ) );
#12059 = ORIENTED_EDGE('',*,*,#7081,.F.);
#12060 = ADVANCED_FACE('',(#12061),#2173,.F.);
#12061 = FACE_BOUND('',#12062,.F.);
#12062 = EDGE_LOOP('',(#12063,#12082,#12083,#12084));
#12063 = ORIENTED_EDGE('',*,*,#12064,.F.);
#12064 = EDGE_CURVE('',#2157,#7013,#12065,.T.);
#12065 = SURFACE_CURVE('',#12066,(#12070,#12076),.PCURVE_S1.);
#12066 = LINE('',#12067,#12068);
#12067 = CARTESIAN_POINT('',(134.53125,12.444001392543,-1.));
#12068 = VECTOR('',#12069,1.);
#12069 = DIRECTION('',(0.,0.,1.));
#12070 = PCURVE('',#2173,#12071);
#12071 = DEFINITIONAL_REPRESENTATION('',(#12072),#12075);
#12072 = B_SPLINE_CURVE_WITH_KNOTS('',1,(#12073,#12074),.UNSPECIFIED.,
  .F.,.F.,(2,2),(0.9999994,3.0000006),.PIECEWISE_BEZIER_KNOTS.);
#12073 = CARTESIAN_POINT('',(0.840369680765,0.9999994));
#12074 = CARTESIAN_POINT('',(0.840369680765,3.0000006));
#12075 = ( GEOMETRIC_REPRESENTATION_CONTEXT(2) 
PARAMETRIC_REPRESENTATION_CONTEXT() REPRESENTATION_CONTEXT('2D SPACE',''
  ) );
#12076 = PCURVE('',#2202,#12077);
#12077 = DEFINITIONAL_REPRESENTATION('',(#12078),#12081);
#12078 = B_SPLINE_CURVE_WITH_KNOTS('',1,(#12079,#12080),.UNSPECIFIED.,
  .F.,.F.,(2,2),(0.9999994,3.0000006),.PIECEWISE_BEZIER_KNOTS.);
#12079 = CARTESIAN_POINT('',(0.730426646029,0.9999994));
#12080 = CARTESIAN_POINT('',(0.730426646029,3.0000006));
#12081 = ( GEOMETRIC_REPRESENTATION_CONTEXT(2) 
PARAMETRIC_REPRESENTATION_CONTEXT() REPRESENTATION_CONTEXT('2D SPACE',''
  ) );
#12082 = ORIENTED_EDGE('',*,*,#2156,.T.);
#12083 = ORIENTED_EDGE('',*,*,#12011,.T.);
#12084 = ORIENTED_EDGE('',*,*,#7012,.F.);
#12085 = ADVANCED_FACE('',(#12086),#2229,.T.);
#12086 = FACE_BOUND('',#12087,.T.);
#12087 = EDGE_LOOP('',(#12088,#12089,#12090,#12091));
#12088 = ORIENTED_EDGE('',*,*,#2214,.T.);
#12089 = ORIENTED_EDGE('',*,*,#12039,.T.);
#12090 = ORIENTED_EDGE('',*,*,#7060,.F.);
#12091 = ORIENTED_EDGE('',*,*,#12092,.F.);
#12092 = EDGE_CURVE('',#2186,#7037,#12093,.T.);
#12093 = SURFACE_CURVE('',#12094,(#12098,#12105),.PCURVE_S1.);
#12094 = LINE('',#12095,#12096);
#12095 = CARTESIAN_POINT('',(135.53203125,12.826666666667,-1.));
#12096 = VECTOR('',#12097,1.);
#12097 = DIRECTION('',(0.,0.,1.));
#12098 = PCURVE('',#2229,#12099);
#12099 = DEFINITIONAL_REPRESENTATION('',(#12100),#12104);
#12100 = LINE('',#12101,#12102);
#12101 = CARTESIAN_POINT('',(19.801171875,0.));
#12102 = VECTOR('',#12103,1.);
#12103 = DIRECTION('',(0.,-1.));
#12104 = ( GEOMETRIC_REPRESENTATION_CONTEXT(2) 
PARAMETRIC_REPRESENTATION_CONTEXT() REPRESENTATION_CONTEXT('2D SPACE',''
  ) );
#12105 = PCURVE('',#2202,#12106);
#12106 = DEFINITIONAL_REPRESENTATION('',(#12107),#12111);
#12107 = LINE('',#12108,#12109);
#12108 = CARTESIAN_POINT('',(0.,0.));
#12109 = VECTOR('',#12110,1.);
#12110 = DIRECTION('',(0.,1.));
#12111 = ( GEOMETRIC_REPRESENTATION_CONTEXT(2) 
PARAMETRIC_REPRESENTATION_CONTEXT() REPRESENTATION_CONTEXT('2D SPACE',''
  ) );
#12112 = ADVANCED_FACE('',(#12113),#2202,.F.);
#12113 = FACE_BOUND('',#12114,.F.);
#12114 = EDGE_LOOP('',(#12115,#12116,#12117,#12118));
#12115 = ORIENTED_EDGE('',*,*,#12092,.F.);
#12116 = ORIENTED_EDGE('',*,*,#2185,.T.);
#12117 = ORIENTED_EDGE('',*,*,#12064,.T.);
#12118 = ORIENTED_EDGE('',*,*,#7036,.F.);
#12119 = ADVANCED_FACE('',(#12120),#2875,.F.);
#12120 = FACE_BOUND('',#12121,.T.);
#12121 = EDGE_LOOP('',(#12122,#12123,#12144,#12145));
#12122 = ORIENTED_EDGE('',*,*,#2854,.T.);
#12123 = ORIENTED_EDGE('',*,*,#12124,.T.);
#12124 = EDGE_CURVE('',#2855,#7590,#12125,.T.);
#12125 = SEAM_CURVE('',#12126,(#12130,#12137),.PCURVE_S1.);
#12126 = LINE('',#12127,#12128);
#12127 = CARTESIAN_POINT('',(105.2984375,20.053333333333,-1.));
#12128 = VECTOR('',#12129,1.);
#12129 = DIRECTION('',(0.,0.,1.));
#12130 = PCURVE('',#2875,#12131);
#12131 = DEFINITIONAL_REPRESENTATION('',(#12132),#12136);
#12132 = LINE('',#12133,#12134);
#12133 = CARTESIAN_POINT('',(-6.28318530718,0.));
#12134 = VECTOR('',#12135,1.);
#12135 = DIRECTION('',(-0.,-1.));
#12136 = ( GEOMETRIC_REPRESENTATION_CONTEXT(2) 
PARAMETRIC_REPRESENTATION_CONTEXT() REPRESENTATION_CONTEXT('2D SPACE',''
  ) );
#12137 = PCURVE('',#2875,#12138);
#12138 = DEFINITIONAL_REPRESENTATION('',(#12139),#12143);
#12139 = LINE('',#12140,#12141);
#12140 = CARTESIAN_POINT('',(-0.,0.));
#12141 = VECTOR('',#12142,1.);
#12142 = DIRECTION('',(-0.,-1.));
#12143 = ( GEOMETRIC_REPRESENTATION_CONTEXT(2) 
PARAMETRIC_REPRESENTATION_CONTEXT() REPRESENTATION_CONTEXT('2D SPACE',''
  ) );
#12144 = ORIENTED_EDGE('',*,*,#7589,.F.);
#12145 = ORIENTED_EDGE('',*,*,#12124,.F.);
#12146 = ADVANCED_FACE('',(#12147),#2908,.F.);
#12147 = FACE_BOUND('',#12148,.F.);
#12148 = EDGE_LOOP('',(#12149,#12170,#12171,#12192));
#12149 = ORIENTED_EDGE('',*,*,#12150,.F.);
#12150 = EDGE_CURVE('',#2890,#7620,#12151,.T.);
#12151 = SURFACE_CURVE('',#12152,(#12156,#12163),.PCURVE_S1.);
#12152 = LINE('',#12153,#12154);
#12153 = CARTESIAN_POINT('',(147.516796875,13.52,-1.));
#12154 = VECTOR('',#12155,1.);
#12155 = DIRECTION('',(0.,0.,1.));
#12156 = PCURVE('',#2908,#12157);
#12157 = DEFINITIONAL_REPRESENTATION('',(#12158),#12162);
#12158 = LINE('',#12159,#12160);
#12159 = CARTESIAN_POINT('',(0.,0.));
#12160 = VECTOR('',#12161,1.);
#12161 = DIRECTION('',(0.,1.));
#12162 = ( GEOMETRIC_REPRESENTATION_CONTEXT(2) 
PARAMETRIC_REPRESENTATION_CONTEXT() REPRESENTATION_CONTEXT('2D SPACE',''
  ) );
#12163 = PCURVE('',#2935,#12164);
#12164 = DEFINITIONAL_REPRESENTATION('',(#12165),#12169);
#12165 = LINE('',#12166,#12167);
#12166 = CARTESIAN_POINT('',(39.953515625,0.));
#12167 = VECTOR('',#12168,1.);
#12168 = DIRECTION('',(0.,-1.));
#12169 = ( GEOMETRIC_REPRESENTATION_CONTEXT(2) 
PARAMETRIC_REPRESENTATION_CONTEXT() REPRESENTATION_CONTEXT('2D SPACE',''
  ) );
#12170 = ORIENTED_EDGE('',*,*,#2889,.T.);
#12171 = ORIENTED_EDGE('',*,*,#12172,.T.);
#12172 = EDGE_CURVE('',#2892,#7622,#12173,.T.);
#12173 = SURFACE_CURVE('',#12174,(#12178,#12185),.PCURVE_S1.);
#12174 = LINE('',#12175,#12176);
#12175 = CARTESIAN_POINT('',(149.016796875,15.02,-1.));
#12176 = VECTOR('',#12177,1.);
#12177 = DIRECTION('',(0.,0.,1.));
#12178 = PCURVE('',#2908,#12179);
#12179 = DEFINITIONAL_REPRESENTATION('',(#12180),#12184);
#12180 = LINE('',#12181,#12182);
#12181 = CARTESIAN_POINT('',(1.570796326795,0.));
#12182 = VECTOR('',#12183,1.);
#12183 = DIRECTION('',(0.,1.));
#12184 = ( GEOMETRIC_REPRESENTATION_CONTEXT(2) 
PARAMETRIC_REPRESENTATION_CONTEXT() REPRESENTATION_CONTEXT('2D SPACE',''
  ) );
#12185 = PCURVE('',#3098,#12186);
#12186 = DEFINITIONAL_REPRESENTATION('',(#12187),#12191);
#12187 = LINE('',#12188,#12189);
#12188 = CARTESIAN_POINT('',(1.5,0.));
#12189 = VECTOR('',#12190,1.);
#12190 = DIRECTION('',(0.,-1.));
#12191 = ( GEOMETRIC_REPRESENTATION_CONTEXT(2) 
PARAMETRIC_REPRESENTATION_CONTEXT() REPRESENTATION_CONTEXT('2D SPACE',''
  ) );
#12192 = ORIENTED_EDGE('',*,*,#7619,.F.);
#12193 = ADVANCED_FACE('',(#12194),#2935,.T.);
#12194 = FACE_BOUND('',#12195,.T.);
#12195 = EDGE_LOOP('',(#12196,#12197,#12218,#12219));
#12196 = ORIENTED_EDGE('',*,*,#2920,.T.);
#12197 = ORIENTED_EDGE('',*,*,#12198,.T.);
#12198 = EDGE_CURVE('',#2921,#7646,#12199,.T.);
#12199 = SURFACE_CURVE('',#12200,(#12204,#12211),.PCURVE_S1.);
#12200 = LINE('',#12201,#12202);
#12201 = CARTESIAN_POINT('',(109.06328125,13.52,-1.));
#12202 = VECTOR('',#12203,1.);
#12203 = DIRECTION('',(0.,0.,1.));
#12204 = PCURVE('',#2935,#12205);
#12205 = DEFINITIONAL_REPRESENTATION('',(#12206),#12210);
#12206 = LINE('',#12207,#12208);
#12207 = CARTESIAN_POINT('',(1.5,0.));
#12208 = VECTOR('',#12209,1.);
#12209 = DIRECTION('',(0.,-1.));
#12210 = ( GEOMETRIC_REPRESENTATION_CONTEXT(2) 
PARAMETRIC_REPRESENTATION_CONTEXT() REPRESENTATION_CONTEXT('2D SPACE',''
  ) );
#12211 = PCURVE('',#2963,#12212);
#12212 = DEFINITIONAL_REPRESENTATION('',(#12213),#12217);
#12213 = LINE('',#12214,#12215);
#12214 = CARTESIAN_POINT('',(-0.,0.));
#12215 = VECTOR('',#12216,1.);
#12216 = DIRECTION('',(-0.,1.));
#12217 = ( GEOMETRIC_REPRESENTATION_CONTEXT(2) 
PARAMETRIC_REPRESENTATION_CONTEXT() REPRESENTATION_CONTEXT('2D SPACE',''
  ) );
#12218 = ORIENTED_EDGE('',*,*,#7645,.F.);
#12219 = ORIENTED_EDGE('',*,*,#12150,.F.);
#12220 = ADVANCED_FACE('',(#12221),#3098,.T.);
#12221 = FACE_BOUND('',#12222,.T.);
#12222 = EDGE_LOOP('',(#12223,#12224,#12225,#12226));
#12223 = ORIENTED_EDGE('',*,*,#3085,.T.);
#12224 = ORIENTED_EDGE('',*,*,#12172,.T.);
#12225 = ORIENTED_EDGE('',*,*,#7780,.F.);
#12226 = ORIENTED_EDGE('',*,*,#12227,.F.);
#12227 = EDGE_CURVE('',#3057,#7757,#12228,.T.);
#12228 = SURFACE_CURVE('',#12229,(#12233,#12240),.PCURVE_S1.);
#12229 = LINE('',#12230,#12231);
#12230 = CARTESIAN_POINT('',(149.016796875,25.23,-1.));
#12231 = VECTOR('',#12232,1.);
#12232 = DIRECTION('',(0.,0.,1.));
#12233 = PCURVE('',#3098,#12234);
#12234 = DEFINITIONAL_REPRESENTATION('',(#12235),#12239);
#12235 = LINE('',#12236,#12237);
#12236 = CARTESIAN_POINT('',(11.71,0.));
#12237 = VECTOR('',#12238,1.);
#12238 = DIRECTION('',(0.,-1.));
#12239 = ( GEOMETRIC_REPRESENTATION_CONTEXT(2) 
PARAMETRIC_REPRESENTATION_CONTEXT() REPRESENTATION_CONTEXT('2D SPACE',''
  ) );
#12240 = PCURVE('',#3073,#12241);
#12241 = DEFINITIONAL_REPRESENTATION('',(#12242),#12246);
#12242 = LINE('',#12243,#12244);
#12243 = CARTESIAN_POINT('',(0.,0.));
#12244 = VECTOR('',#12245,1.);
#12245 = DIRECTION('',(0.,1.));
#12246 = ( GEOMETRIC_REPRESENTATION_CONTEXT(2) 
PARAMETRIC_REPRESENTATION_CONTEXT() REPRESENTATION_CONTEXT('2D SPACE',''
  ) );
#12247 = ADVANCED_FACE('',(#12248),#2963,.F.);
#12248 = FACE_BOUND('',#12249,.T.);
#12249 = EDGE_LOOP('',(#12250,#12251,#12252,#12273));
#12250 = ORIENTED_EDGE('',*,*,#12198,.F.);
#12251 = ORIENTED_EDGE('',*,*,#2946,.F.);
#12252 = ORIENTED_EDGE('',*,*,#12253,.T.);
#12253 = EDGE_CURVE('',#2947,#7667,#12254,.T.);
#12254 = SURFACE_CURVE('',#12255,(#12259,#12266),.PCURVE_S1.);
#12255 = LINE('',#12256,#12257);
#12256 = CARTESIAN_POINT('',(107.56328125,15.02,-1.));
#12257 = VECTOR('',#12258,1.);
#12258 = DIRECTION('',(0.,0.,1.));
#12259 = PCURVE('',#2963,#12260);
#12260 = DEFINITIONAL_REPRESENTATION('',(#12261),#12265);
#12261 = LINE('',#12262,#12263);
#12262 = CARTESIAN_POINT('',(-1.570796326795,0.));
#12263 = VECTOR('',#12264,1.);
#12264 = DIRECTION('',(-0.,1.));
#12265 = ( GEOMETRIC_REPRESENTATION_CONTEXT(2) 
PARAMETRIC_REPRESENTATION_CONTEXT() REPRESENTATION_CONTEXT('2D SPACE',''
  ) );
#12266 = PCURVE('',#2990,#12267);
#12267 = DEFINITIONAL_REPRESENTATION('',(#12268),#12272);
#12268 = LINE('',#12269,#12270);
#12269 = CARTESIAN_POINT('',(11.71,0.));
#12270 = VECTOR('',#12271,1.);
#12271 = DIRECTION('',(0.,-1.));
#12272 = ( GEOMETRIC_REPRESENTATION_CONTEXT(2) 
PARAMETRIC_REPRESENTATION_CONTEXT() REPRESENTATION_CONTEXT('2D SPACE',''
  ) );
#12273 = ORIENTED_EDGE('',*,*,#7666,.T.);
#12274 = ADVANCED_FACE('',(#12275),#3073,.F.);
#12275 = FACE_BOUND('',#12276,.F.);
#12276 = EDGE_LOOP('',(#12277,#12278,#12279,#12300));
#12277 = ORIENTED_EDGE('',*,*,#12227,.F.);
#12278 = ORIENTED_EDGE('',*,*,#3056,.T.);
#12279 = ORIENTED_EDGE('',*,*,#12280,.T.);
#12280 = EDGE_CURVE('',#3031,#7736,#12281,.T.);
#12281 = SURFACE_CURVE('',#12282,(#12286,#12293),.PCURVE_S1.);
#12282 = LINE('',#12283,#12284);
#12283 = CARTESIAN_POINT('',(147.516796875,26.73,-1.));
#12284 = VECTOR('',#12285,1.);
#12285 = DIRECTION('',(0.,0.,1.));
#12286 = PCURVE('',#3073,#12287);
#12287 = DEFINITIONAL_REPRESENTATION('',(#12288),#12292);
#12288 = LINE('',#12289,#12290);
#12289 = CARTESIAN_POINT('',(1.570796326795,0.));
#12290 = VECTOR('',#12291,1.);
#12291 = DIRECTION('',(0.,1.));
#12292 = ( GEOMETRIC_REPRESENTATION_CONTEXT(2) 
PARAMETRIC_REPRESENTATION_CONTEXT() REPRESENTATION_CONTEXT('2D SPACE',''
  ) );
#12293 = PCURVE('',#3045,#12294);
#12294 = DEFINITIONAL_REPRESENTATION('',(#12295),#12299);
#12295 = LINE('',#12296,#12297);
#12296 = CARTESIAN_POINT('',(1.5,0.));
#12297 = VECTOR('',#12298,1.);
#12298 = DIRECTION('',(0.,-1.));
#12299 = ( GEOMETRIC_REPRESENTATION_CONTEXT(2) 
PARAMETRIC_REPRESENTATION_CONTEXT() REPRESENTATION_CONTEXT('2D SPACE',''
  ) );
#12300 = ORIENTED_EDGE('',*,*,#7756,.F.);
#12301 = ADVANCED_FACE('',(#12302),#2990,.T.);
#12302 = FACE_BOUND('',#12303,.T.);
#12303 = EDGE_LOOP('',(#12304,#12305,#12326,#12327));
#12304 = ORIENTED_EDGE('',*,*,#2975,.T.);
#12305 = ORIENTED_EDGE('',*,*,#12306,.T.);
#12306 = EDGE_CURVE('',#2976,#7691,#12307,.T.);
#12307 = SURFACE_CURVE('',#12308,(#12312,#12319),.PCURVE_S1.);
#12308 = LINE('',#12309,#12310);
#12309 = CARTESIAN_POINT('',(107.56328125,25.23,-1.));
#12310 = VECTOR('',#12311,1.);
#12311 = DIRECTION('',(0.,0.,1.));
#12312 = PCURVE('',#2990,#12313);
#12313 = DEFINITIONAL_REPRESENTATION('',(#12314),#12318);
#12314 = LINE('',#12315,#12316);
#12315 = CARTESIAN_POINT('',(1.5,0.));
#12316 = VECTOR('',#12317,1.);
#12317 = DIRECTION('',(0.,-1.));
#12318 = ( GEOMETRIC_REPRESENTATION_CONTEXT(2) 
PARAMETRIC_REPRESENTATION_CONTEXT() REPRESENTATION_CONTEXT('2D SPACE',''
  ) );
#12319 = PCURVE('',#3018,#12320);
#12320 = DEFINITIONAL_REPRESENTATION('',(#12321),#12325);
#12321 = LINE('',#12322,#12323);
#12322 = CARTESIAN_POINT('',(1.570796326795,0.));
#12323 = VECTOR('',#12324,1.);
#12324 = DIRECTION('',(0.,1.));
#12325 = ( GEOMETRIC_REPRESENTATION_CONTEXT(2) 
PARAMETRIC_REPRESENTATION_CONTEXT() REPRESENTATION_CONTEXT('2D SPACE',''
  ) );
#12326 = ORIENTED_EDGE('',*,*,#7690,.F.);
#12327 = ORIENTED_EDGE('',*,*,#12253,.F.);
#12328 = ADVANCED_FACE('',(#12329),#3045,.T.);
#12329 = FACE_BOUND('',#12330,.T.);
#12330 = EDGE_LOOP('',(#12331,#12332,#12333,#12334));
#12331 = ORIENTED_EDGE('',*,*,#3030,.T.);
#12332 = ORIENTED_EDGE('',*,*,#12280,.T.);
#12333 = ORIENTED_EDGE('',*,*,#7735,.F.);
#12334 = ORIENTED_EDGE('',*,*,#12335,.F.);
#12335 = EDGE_CURVE('',#3002,#7712,#12336,.T.);
#12336 = SURFACE_CURVE('',#12337,(#12341,#12348),.PCURVE_S1.);
#12337 = LINE('',#12338,#12339);
#12338 = CARTESIAN_POINT('',(109.06328125,26.73,-1.));
#12339 = VECTOR('',#12340,1.);
#12340 = DIRECTION('',(0.,0.,1.));
#12341 = PCURVE('',#3045,#12342);
#12342 = DEFINITIONAL_REPRESENTATION('',(#12343),#12347);
#12343 = LINE('',#12344,#12345);
#12344 = CARTESIAN_POINT('',(39.953515625,0.));
#12345 = VECTOR('',#12346,1.);
#12346 = DIRECTION('',(0.,-1.));
#12347 = ( GEOMETRIC_REPRESENTATION_CONTEXT(2) 
PARAMETRIC_REPRESENTATION_CONTEXT() REPRESENTATION_CONTEXT('2D SPACE',''
  ) );
#12348 = PCURVE('',#3018,#12349);
#12349 = DEFINITIONAL_REPRESENTATION('',(#12350),#12354);
#12350 = LINE('',#12351,#12352);
#12351 = CARTESIAN_POINT('',(0.,0.));
#12352 = VECTOR('',#12353,1.);
#12353 = DIRECTION('',(0.,1.));
#12354 = ( GEOMETRIC_REPRESENTATION_CONTEXT(2) 
PARAMETRIC_REPRESENTATION_CONTEXT() REPRESENTATION_CONTEXT('2D SPACE',''
  ) );
#12355 = ADVANCED_FACE('',(#12356),#3018,.F.);
#12356 = FACE_BOUND('',#12357,.F.);
#12357 = EDGE_LOOP('',(#12358,#12359,#12360,#12361));
#12358 = ORIENTED_EDGE('',*,*,#12335,.F.);
#12359 = ORIENTED_EDGE('',*,*,#3001,.T.);
#12360 = ORIENTED_EDGE('',*,*,#12306,.T.);
#12361 = ORIENTED_EDGE('',*,*,#7711,.F.);
#12362 = ADVANCED_FACE('',(#12363),#3132,.F.);
#12363 = FACE_BOUND('',#12364,.T.);
#12364 = EDGE_LOOP('',(#12365,#12366,#12387,#12388));
#12365 = ORIENTED_EDGE('',*,*,#3111,.T.);
#12366 = ORIENTED_EDGE('',*,*,#12367,.T.);
#12367 = EDGE_CURVE('',#3112,#7802,#12368,.T.);
#12368 = SEAM_CURVE('',#12369,(#12373,#12380),.PCURVE_S1.);
#12369 = LINE('',#12370,#12371);
#12370 = CARTESIAN_POINT('',(105.2984375,35.103333333333,-1.));
#12371 = VECTOR('',#12372,1.);
#12372 = DIRECTION('',(0.,0.,1.));
#12373 = PCURVE('',#3132,#12374);
#12374 = DEFINITIONAL_REPRESENTATION('',(#12375),#12379);
#12375 = LINE('',#12376,#12377);
#12376 = CARTESIAN_POINT('',(-6.28318530718,0.));
#12377 = VECTOR('',#12378,1.);
#12378 = DIRECTION('',(-0.,-1.));
#12379 = ( GEOMETRIC_REPRESENTATION_CONTEXT(2) 
PARAMETRIC_REPRESENTATION_CONTEXT() REPRESENTATION_CONTEXT('2D SPACE',''
  ) );
#12380 = PCURVE('',#3132,#12381);
#12381 = DEFINITIONAL_REPRESENTATION('',(#12382),#12386);
#12382 = LINE('',#12383,#12384);
#12383 = CARTESIAN_POINT('',(-0.,0.));
#12384 = VECTOR('',#12385,1.);
#12385 = DIRECTION('',(-0.,-1.));
#12386 = ( GEOMETRIC_REPRESENTATION_CONTEXT(2) 
PARAMETRIC_REPRESENTATION_CONTEXT() REPRESENTATION_CONTEXT('2D SPACE',''
  ) );
#12387 = ORIENTED_EDGE('',*,*,#7801,.F.);
#12388 = ORIENTED_EDGE('',*,*,#12367,.F.);
#12389 = ADVANCED_FACE('',(#12390),#3165,.F.);
#12390 = FACE_BOUND('',#12391,.F.);
#12391 = EDGE_LOOP('',(#12392,#12413,#12414,#12435));
#12392 = ORIENTED_EDGE('',*,*,#12393,.F.);
#12393 = EDGE_CURVE('',#3147,#7832,#12394,.T.);
#12394 = SURFACE_CURVE('',#12395,(#12399,#12406),.PCURVE_S1.);
#12395 = LINE('',#12396,#12397);
#12396 = CARTESIAN_POINT('',(147.516796875,28.426666666667,-1.));
#12397 = VECTOR('',#12398,1.);
#12398 = DIRECTION('',(0.,0.,1.));
#12399 = PCURVE('',#3165,#12400);
#12400 = DEFINITIONAL_REPRESENTATION('',(#12401),#12405);
#12401 = LINE('',#12402,#12403);
#12402 = CARTESIAN_POINT('',(0.,0.));
#12403 = VECTOR('',#12404,1.);
#12404 = DIRECTION('',(0.,1.));
#12405 = ( GEOMETRIC_REPRESENTATION_CONTEXT(2) 
PARAMETRIC_REPRESENTATION_CONTEXT() REPRESENTATION_CONTEXT('2D SPACE',''
  ) );
#12406 = PCURVE('',#3192,#12407);
#12407 = DEFINITIONAL_REPRESENTATION('',(#12408),#12412);
#12408 = LINE('',#12409,#12410);
#12409 = CARTESIAN_POINT('',(39.953515625,0.));
#12410 = VECTOR('',#12411,1.);
#12411 = DIRECTION('',(0.,-1.));
#12412 = ( GEOMETRIC_REPRESENTATION_CONTEXT(2) 
PARAMETRIC_REPRESENTATION_CONTEXT() REPRESENTATION_CONTEXT('2D SPACE',''
  ) );
#12413 = ORIENTED_EDGE('',*,*,#3146,.T.);
#12414 = ORIENTED_EDGE('',*,*,#12415,.T.);
#12415 = EDGE_CURVE('',#3149,#7834,#12416,.T.);
#12416 = SURFACE_CURVE('',#12417,(#12421,#12428),.PCURVE_S1.);
#12417 = LINE('',#12418,#12419);
#12418 = CARTESIAN_POINT('',(149.016796875,29.926666666667,-1.));
#12419 = VECTOR('',#12420,1.);
#12420 = DIRECTION('',(0.,0.,1.));
#12421 = PCURVE('',#3165,#12422);
#12422 = DEFINITIONAL_REPRESENTATION('',(#12423),#12427);
#12423 = LINE('',#12424,#12425);
#12424 = CARTESIAN_POINT('',(1.570796326795,0.));
#12425 = VECTOR('',#12426,1.);
#12426 = DIRECTION('',(0.,1.));
#12427 = ( GEOMETRIC_REPRESENTATION_CONTEXT(2) 
PARAMETRIC_REPRESENTATION_CONTEXT() REPRESENTATION_CONTEXT('2D SPACE',''
  ) );
#12428 = PCURVE('',#3355,#12429);
#12429 = DEFINITIONAL_REPRESENTATION('',(#12430),#12434);
#12430 = LINE('',#12431,#12432);
#12431 = CARTESIAN_POINT('',(1.5,0.));
#12432 = VECTOR('',#12433,1.);
#12433 = DIRECTION('',(0.,-1.));
#12434 = ( GEOMETRIC_REPRESENTATION_CONTEXT(2) 
PARAMETRIC_REPRESENTATION_CONTEXT() REPRESENTATION_CONTEXT('2D SPACE',''
  ) );
#12435 = ORIENTED_EDGE('',*,*,#7831,.F.);
#12436 = ADVANCED_FACE('',(#12437),#3192,.T.);
#12437 = FACE_BOUND('',#12438,.T.);
#12438 = EDGE_LOOP('',(#12439,#12440,#12461,#12462));
#12439 = ORIENTED_EDGE('',*,*,#3177,.T.);
#12440 = ORIENTED_EDGE('',*,*,#12441,.T.);
#12441 = EDGE_CURVE('',#3178,#7858,#12442,.T.);
#12442 = SURFACE_CURVE('',#12443,(#12447,#12454),.PCURVE_S1.);
#12443 = LINE('',#12444,#12445);
#12444 = CARTESIAN_POINT('',(109.06328125,28.426666666667,-1.));
#12445 = VECTOR('',#12446,1.);
#12446 = DIRECTION('',(0.,0.,1.));
#12447 = PCURVE('',#3192,#12448);
#12448 = DEFINITIONAL_REPRESENTATION('',(#12449),#12453);
#12449 = LINE('',#12450,#12451);
#12450 = CARTESIAN_POINT('',(1.5,0.));
#12451 = VECTOR('',#12452,1.);
#12452 = DIRECTION('',(0.,-1.));
#12453 = ( GEOMETRIC_REPRESENTATION_CONTEXT(2) 
PARAMETRIC_REPRESENTATION_CONTEXT() REPRESENTATION_CONTEXT('2D SPACE',''
  ) );
#12454 = PCURVE('',#3220,#12455);
#12455 = DEFINITIONAL_REPRESENTATION('',(#12456),#12460);
#12456 = LINE('',#12457,#12458);
#12457 = CARTESIAN_POINT('',(-0.,0.));
#12458 = VECTOR('',#12459,1.);
#12459 = DIRECTION('',(-0.,1.));
#12460 = ( GEOMETRIC_REPRESENTATION_CONTEXT(2) 
PARAMETRIC_REPRESENTATION_CONTEXT() REPRESENTATION_CONTEXT('2D SPACE',''
  ) );
#12461 = ORIENTED_EDGE('',*,*,#7857,.F.);
#12462 = ORIENTED_EDGE('',*,*,#12393,.F.);
#12463 = ADVANCED_FACE('',(#12464),#3355,.T.);
#12464 = FACE_BOUND('',#12465,.T.);
#12465 = EDGE_LOOP('',(#12466,#12467,#12468,#12469));
#12466 = ORIENTED_EDGE('',*,*,#3342,.T.);
#12467 = ORIENTED_EDGE('',*,*,#12415,.T.);
#12468 = ORIENTED_EDGE('',*,*,#7992,.F.);
#12469 = ORIENTED_EDGE('',*,*,#12470,.F.);
#12470 = EDGE_CURVE('',#3314,#7969,#12471,.T.);
#12471 = SURFACE_CURVE('',#12472,(#12476,#12483),.PCURVE_S1.);
#12472 = LINE('',#12473,#12474);
#12473 = CARTESIAN_POINT('',(149.016796875,40.136666666667,-1.));
#12474 = VECTOR('',#12475,1.);
#12475 = DIRECTION('',(0.,0.,1.));
#12476 = PCURVE('',#3355,#12477);
#12477 = DEFINITIONAL_REPRESENTATION('',(#12478),#12482);
#12478 = LINE('',#12479,#12480);
#12479 = CARTESIAN_POINT('',(11.71,0.));
#12480 = VECTOR('',#12481,1.);
#12481 = DIRECTION('',(0.,-1.));
#12482 = ( GEOMETRIC_REPRESENTATION_CONTEXT(2) 
PARAMETRIC_REPRESENTATION_CONTEXT() REPRESENTATION_CONTEXT('2D SPACE',''
  ) );
#12483 = PCURVE('',#3330,#12484);
#12484 = DEFINITIONAL_REPRESENTATION('',(#12485),#12489);
#12485 = LINE('',#12486,#12487);
#12486 = CARTESIAN_POINT('',(0.,0.));
#12487 = VECTOR('',#12488,1.);
#12488 = DIRECTION('',(0.,1.));
#12489 = ( GEOMETRIC_REPRESENTATION_CONTEXT(2) 
PARAMETRIC_REPRESENTATION_CONTEXT() REPRESENTATION_CONTEXT('2D SPACE',''
  ) );
#12490 = ADVANCED_FACE('',(#12491),#3220,.F.);
#12491 = FACE_BOUND('',#12492,.T.);
#12492 = EDGE_LOOP('',(#12493,#12494,#12495,#12516));
#12493 = ORIENTED_EDGE('',*,*,#12441,.F.);
#12494 = ORIENTED_EDGE('',*,*,#3203,.F.);
#12495 = ORIENTED_EDGE('',*,*,#12496,.T.);
#12496 = EDGE_CURVE('',#3204,#7879,#12497,.T.);
#12497 = SURFACE_CURVE('',#12498,(#12502,#12509),.PCURVE_S1.);
#12498 = LINE('',#12499,#12500);
#12499 = CARTESIAN_POINT('',(107.56328125,29.926666666667,-1.));
#12500 = VECTOR('',#12501,1.);
#12501 = DIRECTION('',(0.,0.,1.));
#12502 = PCURVE('',#3220,#12503);
#12503 = DEFINITIONAL_REPRESENTATION('',(#12504),#12508);
#12504 = LINE('',#12505,#12506);
#12505 = CARTESIAN_POINT('',(-1.570796326795,0.));
#12506 = VECTOR('',#12507,1.);
#12507 = DIRECTION('',(-0.,1.));
#12508 = ( GEOMETRIC_REPRESENTATION_CONTEXT(2) 
PARAMETRIC_REPRESENTATION_CONTEXT() REPRESENTATION_CONTEXT('2D SPACE',''
  ) );
#12509 = PCURVE('',#3247,#12510);
#12510 = DEFINITIONAL_REPRESENTATION('',(#12511),#12515);
#12511 = LINE('',#12512,#12513);
#12512 = CARTESIAN_POINT('',(11.71,0.));
#12513 = VECTOR('',#12514,1.);
#12514 = DIRECTION('',(0.,-1.));
#12515 = ( GEOMETRIC_REPRESENTATION_CONTEXT(2) 
PARAMETRIC_REPRESENTATION_CONTEXT() REPRESENTATION_CONTEXT('2D SPACE',''
  ) );
#12516 = ORIENTED_EDGE('',*,*,#7878,.T.);
#12517 = ADVANCED_FACE('',(#12518),#3330,.F.);
#12518 = FACE_BOUND('',#12519,.F.);
#12519 = EDGE_LOOP('',(#12520,#12521,#12522,#12543));
#12520 = ORIENTED_EDGE('',*,*,#12470,.F.);
#12521 = ORIENTED_EDGE('',*,*,#3313,.T.);
#12522 = ORIENTED_EDGE('',*,*,#12523,.T.);
#12523 = EDGE_CURVE('',#3288,#7948,#12524,.T.);
#12524 = SURFACE_CURVE('',#12525,(#12529,#12536),.PCURVE_S1.);
#12525 = LINE('',#12526,#12527);
#12526 = CARTESIAN_POINT('',(147.516796875,41.636666666667,-1.));
#12527 = VECTOR('',#12528,1.);
#12528 = DIRECTION('',(0.,0.,1.));
#12529 = PCURVE('',#3330,#12530);
#12530 = DEFINITIONAL_REPRESENTATION('',(#12531),#12535);
#12531 = LINE('',#12532,#12533);
#12532 = CARTESIAN_POINT('',(1.570796326795,0.));
#12533 = VECTOR('',#12534,1.);
#12534 = DIRECTION('',(0.,1.));
#12535 = ( GEOMETRIC_REPRESENTATION_CONTEXT(2) 
PARAMETRIC_REPRESENTATION_CONTEXT() REPRESENTATION_CONTEXT('2D SPACE',''
  ) );
#12536 = PCURVE('',#3302,#12537);
#12537 = DEFINITIONAL_REPRESENTATION('',(#12538),#12542);
#12538 = LINE('',#12539,#12540);
#12539 = CARTESIAN_POINT('',(1.5,0.));
#12540 = VECTOR('',#12541,1.);
#12541 = DIRECTION('',(0.,-1.));
#12542 = ( GEOMETRIC_REPRESENTATION_CONTEXT(2) 
PARAMETRIC_REPRESENTATION_CONTEXT() REPRESENTATION_CONTEXT('2D SPACE',''
  ) );
#12543 = ORIENTED_EDGE('',*,*,#7968,.F.);
#12544 = ADVANCED_FACE('',(#12545),#3247,.T.);
#12545 = FACE_BOUND('',#12546,.T.);
#12546 = EDGE_LOOP('',(#12547,#12548,#12569,#12570));
#12547 = ORIENTED_EDGE('',*,*,#3232,.T.);
#12548 = ORIENTED_EDGE('',*,*,#12549,.T.);
#12549 = EDGE_CURVE('',#3233,#7903,#12550,.T.);
#12550 = SURFACE_CURVE('',#12551,(#12555,#12562),.PCURVE_S1.);
#12551 = LINE('',#12552,#12553);
#12552 = CARTESIAN_POINT('',(107.56328125,40.136666666667,-1.));
#12553 = VECTOR('',#12554,1.);
#12554 = DIRECTION('',(0.,0.,1.));
#12555 = PCURVE('',#3247,#12556);
#12556 = DEFINITIONAL_REPRESENTATION('',(#12557),#12561);
#12557 = LINE('',#12558,#12559);
#12558 = CARTESIAN_POINT('',(1.5,0.));
#12559 = VECTOR('',#12560,1.);
#12560 = DIRECTION('',(0.,-1.));
#12561 = ( GEOMETRIC_REPRESENTATION_CONTEXT(2) 
PARAMETRIC_REPRESENTATION_CONTEXT() REPRESENTATION_CONTEXT('2D SPACE',''
  ) );
#12562 = PCURVE('',#3275,#12563);
#12563 = DEFINITIONAL_REPRESENTATION('',(#12564),#12568);
#12564 = LINE('',#12565,#12566);
#12565 = CARTESIAN_POINT('',(1.570796326795,0.));
#12566 = VECTOR('',#12567,1.);
#12567 = DIRECTION('',(0.,1.));
#12568 = ( GEOMETRIC_REPRESENTATION_CONTEXT(2) 
PARAMETRIC_REPRESENTATION_CONTEXT() REPRESENTATION_CONTEXT('2D SPACE',''
  ) );
#12569 = ORIENTED_EDGE('',*,*,#7902,.F.);
#12570 = ORIENTED_EDGE('',*,*,#12496,.F.);
#12571 = ADVANCED_FACE('',(#12572),#3302,.T.);
#12572 = FACE_BOUND('',#12573,.T.);
#12573 = EDGE_LOOP('',(#12574,#12575,#12576,#12577));
#12574 = ORIENTED_EDGE('',*,*,#3287,.T.);
#12575 = ORIENTED_EDGE('',*,*,#12523,.T.);
#12576 = ORIENTED_EDGE('',*,*,#7947,.F.);
#12577 = ORIENTED_EDGE('',*,*,#12578,.F.);
#12578 = EDGE_CURVE('',#3259,#7924,#12579,.T.);
#12579 = SURFACE_CURVE('',#12580,(#12584,#12591),.PCURVE_S1.);
#12580 = LINE('',#12581,#12582);
#12581 = CARTESIAN_POINT('',(109.06328125,41.636666666667,-1.));
#12582 = VECTOR('',#12583,1.);
#12583 = DIRECTION('',(0.,0.,1.));
#12584 = PCURVE('',#3302,#12585);
#12585 = DEFINITIONAL_REPRESENTATION('',(#12586),#12590);
#12586 = LINE('',#12587,#12588);
#12587 = CARTESIAN_POINT('',(39.953515625,0.));
#12588 = VECTOR('',#12589,1.);
#12589 = DIRECTION('',(0.,-1.));
#12590 = ( GEOMETRIC_REPRESENTATION_CONTEXT(2) 
PARAMETRIC_REPRESENTATION_CONTEXT() REPRESENTATION_CONTEXT('2D SPACE',''
  ) );
#12591 = PCURVE('',#3275,#12592);
#12592 = DEFINITIONAL_REPRESENTATION('',(#12593),#12597);
#12593 = LINE('',#12594,#12595);
#12594 = CARTESIAN_POINT('',(0.,0.));
#12595 = VECTOR('',#12596,1.);
#12596 = DIRECTION('',(0.,1.));
#12597 = ( GEOMETRIC_REPRESENTATION_CONTEXT(2) 
PARAMETRIC_REPRESENTATION_CONTEXT() REPRESENTATION_CONTEXT('2D SPACE',''
  ) );
#12598 = ADVANCED_FACE('',(#12599),#3275,.F.);
#12599 = FACE_BOUND('',#12600,.F.);
#12600 = EDGE_LOOP('',(#12601,#12602,#12603,#12604));
#12601 = ORIENTED_EDGE('',*,*,#12578,.F.);
#12602 = ORIENTED_EDGE('',*,*,#3258,.T.);
#12603 = ORIENTED_EDGE('',*,*,#12549,.T.);
#12604 = ORIENTED_EDGE('',*,*,#7923,.F.);
#12605 = ADVANCED_FACE('',(#12606),#3387,.F.);
#12606 = FACE_BOUND('',#12607,.F.);
#12607 = EDGE_LOOP('',(#12608,#12629,#12630,#12651));
#12608 = ORIENTED_EDGE('',*,*,#12609,.F.);
#12609 = EDGE_CURVE('',#3369,#8014,#12610,.T.);
#12610 = SURFACE_CURVE('',#12611,(#12615,#12622),.PCURVE_S1.);
#12611 = LINE('',#12612,#12613);
#12612 = CARTESIAN_POINT('',(157.544140625,14.666666666667,-1.));
#12613 = VECTOR('',#12614,1.);
#12614 = DIRECTION('',(0.,0.,1.));
#12615 = PCURVE('',#3387,#12616);
#12616 = DEFINITIONAL_REPRESENTATION('',(#12617),#12621);
#12617 = LINE('',#12618,#12619);
#12618 = CARTESIAN_POINT('',(0.,0.));
#12619 = VECTOR('',#12620,1.);
#12620 = DIRECTION('',(0.,1.));
#12621 = ( GEOMETRIC_REPRESENTATION_CONTEXT(2) 
PARAMETRIC_REPRESENTATION_CONTEXT() REPRESENTATION_CONTEXT('2D SPACE',''
  ) );
#12622 = PCURVE('',#3414,#12623);
#12623 = DEFINITIONAL_REPRESENTATION('',(#12624),#12628);
#12624 = LINE('',#12625,#12626);
#12625 = CARTESIAN_POINT('',(8.32265625,0.));
#12626 = VECTOR('',#12627,1.);
#12627 = DIRECTION('',(0.,-1.));
#12628 = ( GEOMETRIC_REPRESENTATION_CONTEXT(2) 
PARAMETRIC_REPRESENTATION_CONTEXT() REPRESENTATION_CONTEXT('2D SPACE',''
  ) );
#12629 = ORIENTED_EDGE('',*,*,#3368,.T.);
#12630 = ORIENTED_EDGE('',*,*,#12631,.T.);
#12631 = EDGE_CURVE('',#3371,#8016,#12632,.T.);
#12632 = SURFACE_CURVE('',#12633,(#12637,#12644),.PCURVE_S1.);
#12633 = LINE('',#12634,#12635);
#12634 = CARTESIAN_POINT('',(159.544140625,16.666666666667,-1.));
#12635 = VECTOR('',#12636,1.);
#12636 = DIRECTION('',(0.,0.,1.));
#12637 = PCURVE('',#3387,#12638);
#12638 = DEFINITIONAL_REPRESENTATION('',(#12639),#12643);
#12639 = LINE('',#12640,#12641);
#12640 = CARTESIAN_POINT('',(1.570796326795,0.));
#12641 = VECTOR('',#12642,1.);
#12642 = DIRECTION('',(0.,1.));
#12643 = ( GEOMETRIC_REPRESENTATION_CONTEXT(2) 
PARAMETRIC_REPRESENTATION_CONTEXT() REPRESENTATION_CONTEXT('2D SPACE',''
  ) );
#12644 = PCURVE('',#3577,#12645);
#12645 = DEFINITIONAL_REPRESENTATION('',(#12646),#12650);
#12646 = LINE('',#12647,#12648);
#12647 = CARTESIAN_POINT('',(2.,0.));
#12648 = VECTOR('',#12649,1.);
#12649 = DIRECTION('',(0.,-1.));
#12650 = ( GEOMETRIC_REPRESENTATION_CONTEXT(2) 
PARAMETRIC_REPRESENTATION_CONTEXT() REPRESENTATION_CONTEXT('2D SPACE',''
  ) );
#12651 = ORIENTED_EDGE('',*,*,#8013,.F.);
#12652 = ADVANCED_FACE('',(#12653),#3577,.T.);
#12653 = FACE_BOUND('',#12654,.T.);
#12654 = EDGE_LOOP('',(#12655,#12656,#12657,#12658));
#12655 = ORIENTED_EDGE('',*,*,#3564,.T.);
#12656 = ORIENTED_EDGE('',*,*,#12631,.T.);
#12657 = ORIENTED_EDGE('',*,*,#8174,.F.);
#12658 = ORIENTED_EDGE('',*,*,#12659,.F.);
#12659 = EDGE_CURVE('',#3536,#8151,#12660,.T.);
#12660 = SURFACE_CURVE('',#12661,(#12665,#12672),.PCURVE_S1.);
#12661 = LINE('',#12662,#12663);
#12662 = CARTESIAN_POINT('',(159.544140625,33.903333333333,-1.));
#12663 = VECTOR('',#12664,1.);
#12664 = DIRECTION('',(0.,0.,1.));
#12665 = PCURVE('',#3577,#12666);
#12666 = DEFINITIONAL_REPRESENTATION('',(#12667),#12671);
#12667 = LINE('',#12668,#12669);
#12668 = CARTESIAN_POINT('',(19.236666666667,0.));
#12669 = VECTOR('',#12670,1.);
#12670 = DIRECTION('',(0.,-1.));
#12671 = ( GEOMETRIC_REPRESENTATION_CONTEXT(2) 
PARAMETRIC_REPRESENTATION_CONTEXT() REPRESENTATION_CONTEXT('2D SPACE',''
  ) );
#12672 = PCURVE('',#3552,#12673);
#12673 = DEFINITIONAL_REPRESENTATION('',(#12674),#12678);
#12674 = LINE('',#12675,#12676);
#12675 = CARTESIAN_POINT('',(0.,0.));
#12676 = VECTOR('',#12677,1.);
#12677 = DIRECTION('',(0.,1.));
#12678 = ( GEOMETRIC_REPRESENTATION_CONTEXT(2) 
PARAMETRIC_REPRESENTATION_CONTEXT() REPRESENTATION_CONTEXT('2D SPACE',''
  ) );
#12679 = ADVANCED_FACE('',(#12680),#3552,.F.);
#12680 = FACE_BOUND('',#12681,.F.);
#12681 = EDGE_LOOP('',(#12682,#12683,#12684,#12705));
#12682 = ORIENTED_EDGE('',*,*,#12659,.F.);
#12683 = ORIENTED_EDGE('',*,*,#3535,.T.);
#12684 = ORIENTED_EDGE('',*,*,#12685,.T.);
#12685 = EDGE_CURVE('',#3510,#8130,#12686,.T.);
#12686 = SURFACE_CURVE('',#12687,(#12691,#12698),.PCURVE_S1.);
#12687 = LINE('',#12688,#12689);
#12688 = CARTESIAN_POINT('',(157.544140625,35.903333333333,-1.));
#12689 = VECTOR('',#12690,1.);
#12690 = DIRECTION('',(0.,0.,1.));
#12691 = PCURVE('',#3552,#12692);
#12692 = DEFINITIONAL_REPRESENTATION('',(#12693),#12697);
#12693 = LINE('',#12694,#12695);
#12694 = CARTESIAN_POINT('',(1.570796326795,0.));
#12695 = VECTOR('',#12696,1.);
#12696 = DIRECTION('',(0.,1.));
#12697 = ( GEOMETRIC_REPRESENTATION_CONTEXT(2) 
PARAMETRIC_REPRESENTATION_CONTEXT() REPRESENTATION_CONTEXT('2D SPACE',''
  ) );
#12698 = PCURVE('',#3524,#12699);
#12699 = DEFINITIONAL_REPRESENTATION('',(#12700),#12704);
#12700 = LINE('',#12701,#12702);
#12701 = CARTESIAN_POINT('',(2.,0.));
#12702 = VECTOR('',#12703,1.);
#12703 = DIRECTION('',(0.,-1.));
#12704 = ( GEOMETRIC_REPRESENTATION_CONTEXT(2) 
PARAMETRIC_REPRESENTATION_CONTEXT() REPRESENTATION_CONTEXT('2D SPACE',''
  ) );
#12705 = ORIENTED_EDGE('',*,*,#8150,.F.);
#12706 = ADVANCED_FACE('',(#12707),#3524,.T.);
#12707 = FACE_BOUND('',#12708,.T.);
#12708 = EDGE_LOOP('',(#12709,#12710,#12711,#12712));
#12709 = ORIENTED_EDGE('',*,*,#3509,.T.);
#12710 = ORIENTED_EDGE('',*,*,#12685,.T.);
#12711 = ORIENTED_EDGE('',*,*,#8129,.F.);
#12712 = ORIENTED_EDGE('',*,*,#12713,.F.);
#12713 = EDGE_CURVE('',#3481,#8106,#12714,.T.);
#12714 = SURFACE_CURVE('',#12715,(#12719,#12726),.PCURVE_S1.);
#12715 = LINE('',#12716,#12717);
#12716 = CARTESIAN_POINT('',(151.221484375,35.903333333333,-1.));
#12717 = VECTOR('',#12718,1.);
#12718 = DIRECTION('',(0.,0.,1.));
#12719 = PCURVE('',#3524,#12720);
#12720 = DEFINITIONAL_REPRESENTATION('',(#12721),#12725);
#12721 = LINE('',#12722,#12723);
#12722 = CARTESIAN_POINT('',(8.32265625,0.));
#12723 = VECTOR('',#12724,1.);
#12724 = DIRECTION('',(0.,-1.));
#12725 = ( GEOMETRIC_REPRESENTATION_CONTEXT(2) 
PARAMETRIC_REPRESENTATION_CONTEXT() REPRESENTATION_CONTEXT('2D SPACE',''
  ) );
#12726 = PCURVE('',#3497,#12727);
#12727 = DEFINITIONAL_REPRESENTATION('',(#12728),#12732);
#12728 = LINE('',#12729,#12730);
#12729 = CARTESIAN_POINT('',(0.,0.));
#12730 = VECTOR('',#12731,1.);
#12731 = DIRECTION('',(0.,1.));
#12732 = ( GEOMETRIC_REPRESENTATION_CONTEXT(2) 
PARAMETRIC_REPRESENTATION_CONTEXT() REPRESENTATION_CONTEXT('2D SPACE',''
  ) );
#12733 = ADVANCED_FACE('',(#12734),#3497,.F.);
#12734 = FACE_BOUND('',#12735,.F.);
#12735 = EDGE_LOOP('',(#12736,#12737,#12738,#12759));
#12736 = ORIENTED_EDGE('',*,*,#12713,.F.);
#12737 = ORIENTED_EDGE('',*,*,#3480,.T.);
#12738 = ORIENTED_EDGE('',*,*,#12739,.T.);
#12739 = EDGE_CURVE('',#3455,#8085,#12740,.T.);
#12740 = SURFACE_CURVE('',#12741,(#12745,#12752),.PCURVE_S1.);
#12741 = LINE('',#12742,#12743);
#12742 = CARTESIAN_POINT('',(149.221484375,33.903333333333,-1.));
#12743 = VECTOR('',#12744,1.);
#12744 = DIRECTION('',(0.,0.,1.));
#12745 = PCURVE('',#3497,#12746);
#12746 = DEFINITIONAL_REPRESENTATION('',(#12747),#12751);
#12747 = LINE('',#12748,#12749);
#12748 = CARTESIAN_POINT('',(1.570796326795,0.));
#12749 = VECTOR('',#12750,1.);
#12750 = DIRECTION('',(0.,1.));
#12751 = ( GEOMETRIC_REPRESENTATION_CONTEXT(2) 
PARAMETRIC_REPRESENTATION_CONTEXT() REPRESENTATION_CONTEXT('2D SPACE',''
  ) );
#12752 = PCURVE('',#3469,#12753);
#12753 = DEFINITIONAL_REPRESENTATION('',(#12754),#12758);
#12754 = LINE('',#12755,#12756);
#12755 = CARTESIAN_POINT('',(2.,0.));
#12756 = VECTOR('',#12757,1.);
#12757 = DIRECTION('',(0.,-1.));
#12758 = ( GEOMETRIC_REPRESENTATION_CONTEXT(2) 
PARAMETRIC_REPRESENTATION_CONTEXT() REPRESENTATION_CONTEXT('2D SPACE',''
  ) );
#12759 = ORIENTED_EDGE('',*,*,#8105,.F.);
#12760 = ADVANCED_FACE('',(#12761),#3469,.T.);
#12761 = FACE_BOUND('',#12762,.T.);
#12762 = EDGE_LOOP('',(#12763,#12764,#12765,#12766));
#12763 = ORIENTED_EDGE('',*,*,#3454,.T.);
#12764 = ORIENTED_EDGE('',*,*,#12739,.T.);
#12765 = ORIENTED_EDGE('',*,*,#8084,.F.);
#12766 = ORIENTED_EDGE('',*,*,#12767,.F.);
#12767 = EDGE_CURVE('',#3426,#8061,#12768,.T.);
#12768 = SURFACE_CURVE('',#12769,(#12773,#12780),.PCURVE_S1.);
#12769 = LINE('',#12770,#12771);
#12770 = CARTESIAN_POINT('',(149.221484375,16.666666666667,-1.));
#12771 = VECTOR('',#12772,1.);
#12772 = DIRECTION('',(0.,0.,1.));
#12773 = PCURVE('',#3469,#12774);
#12774 = DEFINITIONAL_REPRESENTATION('',(#12775),#12779);
#12775 = LINE('',#12776,#12777);
#12776 = CARTESIAN_POINT('',(19.236666666667,0.));
#12777 = VECTOR('',#12778,1.);
#12778 = DIRECTION('',(0.,-1.));
#12779 = ( GEOMETRIC_REPRESENTATION_CONTEXT(2) 
PARAMETRIC_REPRESENTATION_CONTEXT() REPRESENTATION_CONTEXT('2D SPACE',''
  ) );
#12780 = PCURVE('',#3442,#12781);
#12781 = DEFINITIONAL_REPRESENTATION('',(#12782),#12786);
#12782 = LINE('',#12783,#12784);
#12783 = CARTESIAN_POINT('',(-1.570796326795,0.));
#12784 = VECTOR('',#12785,1.);
#12785 = DIRECTION('',(-0.,1.));
#12786 = ( GEOMETRIC_REPRESENTATION_CONTEXT(2) 
PARAMETRIC_REPRESENTATION_CONTEXT() REPRESENTATION_CONTEXT('2D SPACE',''
  ) );
#12787 = ADVANCED_FACE('',(#12788),#3442,.F.);
#12788 = FACE_BOUND('',#12789,.T.);
#12789 = EDGE_LOOP('',(#12790,#12811,#12812,#12813));
#12790 = ORIENTED_EDGE('',*,*,#12791,.F.);
#12791 = EDGE_CURVE('',#3400,#8040,#12792,.T.);
#12792 = SURFACE_CURVE('',#12793,(#12797,#12804),.PCURVE_S1.);
#12793 = LINE('',#12794,#12795);
#12794 = CARTESIAN_POINT('',(151.221484375,14.666666666667,-1.));
#12795 = VECTOR('',#12796,1.);
#12796 = DIRECTION('',(0.,0.,1.));
#12797 = PCURVE('',#3442,#12798);
#12798 = DEFINITIONAL_REPRESENTATION('',(#12799),#12803);
#12799 = LINE('',#12800,#12801);
#12800 = CARTESIAN_POINT('',(-0.,0.));
#12801 = VECTOR('',#12802,1.);
#12802 = DIRECTION('',(-0.,1.));
#12803 = ( GEOMETRIC_REPRESENTATION_CONTEXT(2) 
PARAMETRIC_REPRESENTATION_CONTEXT() REPRESENTATION_CONTEXT('2D SPACE',''
  ) );
#12804 = PCURVE('',#3414,#12805);
#12805 = DEFINITIONAL_REPRESENTATION('',(#12806),#12810);
#12806 = LINE('',#12807,#12808);
#12807 = CARTESIAN_POINT('',(2.,0.));
#12808 = VECTOR('',#12809,1.);
#12809 = DIRECTION('',(0.,-1.));
#12810 = ( GEOMETRIC_REPRESENTATION_CONTEXT(2) 
PARAMETRIC_REPRESENTATION_CONTEXT() REPRESENTATION_CONTEXT('2D SPACE',''
  ) );
#12811 = ORIENTED_EDGE('',*,*,#3425,.F.);
#12812 = ORIENTED_EDGE('',*,*,#12767,.T.);
#12813 = ORIENTED_EDGE('',*,*,#8060,.T.);
#12814 = ADVANCED_FACE('',(#12815),#3414,.T.);
#12815 = FACE_BOUND('',#12816,.T.);
#12816 = EDGE_LOOP('',(#12817,#12818,#12819,#12820));
#12817 = ORIENTED_EDGE('',*,*,#3399,.T.);
#12818 = ORIENTED_EDGE('',*,*,#12791,.T.);
#12819 = ORIENTED_EDGE('',*,*,#8039,.F.);
#12820 = ORIENTED_EDGE('',*,*,#12609,.F.);
#12821 = ADVANCED_FACE('',(#12822),#3607,.T.);
#12822 = FACE_BOUND('',#12823,.T.);
#12823 = EDGE_LOOP('',(#12824,#12845,#12846,#12865));
#12824 = ORIENTED_EDGE('',*,*,#12825,.F.);
#12825 = EDGE_CURVE('',#3591,#8382,#12826,.T.);
#12826 = SURFACE_CURVE('',#12827,(#12831,#12838),.PCURVE_S1.);
#12827 = LINE('',#12828,#12829);
#12828 = CARTESIAN_POINT('',(11.260546875,81.196666666667,-1.));
#12829 = VECTOR('',#12830,1.);
#12830 = DIRECTION('',(0.,0.,1.));
#12831 = PCURVE('',#3607,#12832);
#12832 = DEFINITIONAL_REPRESENTATION('',(#12833),#12837);
#12833 = LINE('',#12834,#12835);
#12834 = CARTESIAN_POINT('',(5.71328125,0.));
#12835 = VECTOR('',#12836,1.);
#12836 = DIRECTION('',(0.,-1.));
#12837 = ( GEOMETRIC_REPRESENTATION_CONTEXT(2) 
PARAMETRIC_REPRESENTATION_CONTEXT() REPRESENTATION_CONTEXT('2D SPACE',''
  ) );
#12838 = PCURVE('',#3853,#12839);
#12839 = DEFINITIONAL_REPRESENTATION('',(#12840),#12844);
#12840 = LINE('',#12841,#12842);
#12841 = CARTESIAN_POINT('',(0.,0.));
#12842 = VECTOR('',#12843,1.);
#12843 = DIRECTION('',(0.,1.));
#12844 = ( GEOMETRIC_REPRESENTATION_CONTEXT(2) 
PARAMETRIC_REPRESENTATION_CONTEXT() REPRESENTATION_CONTEXT('2D SPACE',''
  ) );
#12845 = ORIENTED_EDGE('',*,*,#3590,.T.);
#12846 = ORIENTED_EDGE('',*,*,#12847,.F.);
#12847 = EDGE_CURVE('',#8196,#3593,#12848,.T.);
#12848 = SURFACE_CURVE('',#12849,(#12853,#12859),.PCURVE_S1.);
#12849 = LINE('',#12850,#12851);
#12850 = CARTESIAN_POINT('',(11.593371037698,81.196666666667,-1.));
#12851 = VECTOR('',#12852,1.);
#12852 = DIRECTION('',(-0.,-0.,-1.));
#12853 = PCURVE('',#3607,#12854);
#12854 = DEFINITIONAL_REPRESENTATION('',(#12855),#12858);
#12855 = B_SPLINE_CURVE_WITH_KNOTS('',1,(#12856,#12857),.UNSPECIFIED.,
  .F.,.F.,(2,2),(-3.0000006,-0.9999994),.PIECEWISE_BEZIER_KNOTS.);
#12856 = CARTESIAN_POINT('',(5.380457087302,-3.0000006));
#12857 = CARTESIAN_POINT('',(5.380457087302,-0.9999994));
#12858 = ( GEOMETRIC_REPRESENTATION_CONTEXT(2) 
PARAMETRIC_REPRESENTATION_CONTEXT() REPRESENTATION_CONTEXT('2D SPACE',''
  ) );
#12859 = PCURVE('',#3635,#12860);
#12860 = DEFINITIONAL_REPRESENTATION('',(#12861),#12864);
#12861 = B_SPLINE_CURVE_WITH_KNOTS('',1,(#12862,#12863),.UNSPECIFIED.,
  .F.,.F.,(2,2),(-3.,-1.),.PIECEWISE_BEZIER_KNOTS.);
#12862 = CARTESIAN_POINT('',(-10.2541231546,-3.));
#12863 = CARTESIAN_POINT('',(-10.2541231546,-1.));
#12864 = ( GEOMETRIC_REPRESENTATION_CONTEXT(2) 
PARAMETRIC_REPRESENTATION_CONTEXT() REPRESENTATION_CONTEXT('2D SPACE',''
  ) );
#12865 = ORIENTED_EDGE('',*,*,#8405,.F.);
#12866 = ADVANCED_FACE('',(#12867),#3853,.F.);
#12867 = FACE_BOUND('',#12868,.F.);
#12868 = EDGE_LOOP('',(#12869,#12870,#12871,#12892));
#12869 = ORIENTED_EDGE('',*,*,#12825,.F.);
#12870 = ORIENTED_EDGE('',*,*,#3838,.T.);
#12871 = ORIENTED_EDGE('',*,*,#12872,.T.);
#12872 = EDGE_CURVE('',#3813,#8361,#12873,.T.);
#12873 = SURFACE_CURVE('',#12874,(#12878,#12885),.PCURVE_S1.);
#12874 = LINE('',#12875,#12876);
#12875 = CARTESIAN_POINT('',(10.260546875,80.196666666667,-1.));
#12876 = VECTOR('',#12877,1.);
#12877 = DIRECTION('',(0.,0.,1.));
#12878 = PCURVE('',#3853,#12879);
#12879 = DEFINITIONAL_REPRESENTATION('',(#12880),#12884);
#12880 = LINE('',#12881,#12882);
#12881 = CARTESIAN_POINT('',(1.570796326795,0.));
#12882 = VECTOR('',#12883,1.);
#12883 = DIRECTION('',(0.,1.));
#12884 = ( GEOMETRIC_REPRESENTATION_CONTEXT(2) 
PARAMETRIC_REPRESENTATION_CONTEXT() REPRESENTATION_CONTEXT('2D SPACE',''
  ) );
#12885 = PCURVE('',#3827,#12886);
#12886 = DEFINITIONAL_REPRESENTATION('',(#12887),#12891);
#12887 = LINE('',#12888,#12889);
#12888 = CARTESIAN_POINT('',(1.,0.));
#12889 = VECTOR('',#12890,1.);
#12890 = DIRECTION('',(0.,-1.));
#12891 = ( GEOMETRIC_REPRESENTATION_CONTEXT(2) 
PARAMETRIC_REPRESENTATION_CONTEXT() REPRESENTATION_CONTEXT('2D SPACE',''
  ) );
#12892 = ORIENTED_EDGE('',*,*,#8381,.F.);
#12893 = ADVANCED_FACE('',(#12894),#3635,.F.);
#12894 = FACE_BOUND('',#12895,.T.);
#12895 = EDGE_LOOP('',(#12896,#12897,#12916,#12917));
#12896 = ORIENTED_EDGE('',*,*,#3618,.F.);
#12897 = ORIENTED_EDGE('',*,*,#12898,.F.);
#12898 = EDGE_CURVE('',#8198,#3619,#12899,.T.);
#12899 = SURFACE_CURVE('',#12900,(#12904,#12910),.PCURVE_S1.);
#12900 = LINE('',#12901,#12902);
#12901 = CARTESIAN_POINT('',(15.641003962302,81.196666666667,-1.));
#12902 = VECTOR('',#12903,1.);
#12903 = DIRECTION('',(-0.,-0.,-1.));
#12904 = PCURVE('',#3635,#12905);
#12905 = DEFINITIONAL_REPRESENTATION('',(#12906),#12909);
#12906 = B_SPLINE_CURVE_WITH_KNOTS('',1,(#12907,#12908),.UNSPECIFIED.,
  .F.,.F.,(2,2),(-3.,-1.),.PIECEWISE_BEZIER_KNOTS.);
#12907 = CARTESIAN_POINT('',(-5.453840113346,-3.));
#12908 = CARTESIAN_POINT('',(-5.453840113346,-1.));
#12909 = ( GEOMETRIC_REPRESENTATION_CONTEXT(2) 
PARAMETRIC_REPRESENTATION_CONTEXT() REPRESENTATION_CONTEXT('2D SPACE',''
  ) );
#12910 = PCURVE('',#3662,#12911);
#12911 = DEFINITIONAL_REPRESENTATION('',(#12912),#12915);
#12912 = B_SPLINE_CURVE_WITH_KNOTS('',1,(#12913,#12914),.UNSPECIFIED.,
  .F.,.F.,(2,2),(-3.0000006,-0.9999994),.PIECEWISE_BEZIER_KNOTS.);
#12913 = CARTESIAN_POINT('',(1.332824162698,-3.0000006));
#12914 = CARTESIAN_POINT('',(1.332824162698,-0.9999994));
#12915 = ( GEOMETRIC_REPRESENTATION_CONTEXT(2) 
PARAMETRIC_REPRESENTATION_CONTEXT() REPRESENTATION_CONTEXT('2D SPACE',''
  ) );
#12916 = ORIENTED_EDGE('',*,*,#8195,.F.);
#12917 = ORIENTED_EDGE('',*,*,#12847,.T.);
#12918 = ADVANCED_FACE('',(#12919),#3827,.T.);
#12919 = FACE_BOUND('',#12920,.T.);
#12920 = EDGE_LOOP('',(#12921,#12922,#12923,#12924));
#12921 = ORIENTED_EDGE('',*,*,#3812,.T.);
#12922 = ORIENTED_EDGE('',*,*,#12872,.T.);
#12923 = ORIENTED_EDGE('',*,*,#8360,.F.);
#12924 = ORIENTED_EDGE('',*,*,#12925,.F.);
#12925 = EDGE_CURVE('',#3784,#8337,#12926,.T.);
#12926 = SURFACE_CURVE('',#12927,(#12931,#12938),.PCURVE_S1.);
#12927 = LINE('',#12928,#12929);
#12928 = CARTESIAN_POINT('',(10.260546875,71.28,-1.));
#12929 = VECTOR('',#12930,1.);
#12930 = DIRECTION('',(0.,0.,1.));
#12931 = PCURVE('',#3827,#12932);
#12932 = DEFINITIONAL_REPRESENTATION('',(#12933),#12937);
#12933 = LINE('',#12934,#12935);
#12934 = CARTESIAN_POINT('',(9.916666666667,0.));
#12935 = VECTOR('',#12936,1.);
#12936 = DIRECTION('',(0.,-1.));
#12937 = ( GEOMETRIC_REPRESENTATION_CONTEXT(2) 
PARAMETRIC_REPRESENTATION_CONTEXT() REPRESENTATION_CONTEXT('2D SPACE',''
  ) );
#12938 = PCURVE('',#3800,#12939);
#12939 = DEFINITIONAL_REPRESENTATION('',(#12940),#12944);
#12940 = LINE('',#12941,#12942);
#12941 = CARTESIAN_POINT('',(-1.570796326795,0.));
#12942 = VECTOR('',#12943,1.);
#12943 = DIRECTION('',(-0.,1.));
#12944 = ( GEOMETRIC_REPRESENTATION_CONTEXT(2) 
PARAMETRIC_REPRESENTATION_CONTEXT() REPRESENTATION_CONTEXT('2D SPACE',''
  ) );
#12945 = ADVANCED_FACE('',(#12946),#3662,.T.);
#12946 = FACE_BOUND('',#12947,.T.);
#12947 = EDGE_LOOP('',(#12948,#12949,#12970,#12971));
#12948 = ORIENTED_EDGE('',*,*,#3647,.T.);
#12949 = ORIENTED_EDGE('',*,*,#12950,.T.);
#12950 = EDGE_CURVE('',#3648,#8226,#12951,.T.);
#12951 = SURFACE_CURVE('',#12952,(#12956,#12963),.PCURVE_S1.);
#12952 = LINE('',#12953,#12954);
#12953 = CARTESIAN_POINT('',(15.973828125,81.196666666667,-1.));
#12954 = VECTOR('',#12955,1.);
#12955 = DIRECTION('',(0.,0.,1.));
#12956 = PCURVE('',#3662,#12957);
#12957 = DEFINITIONAL_REPRESENTATION('',(#12958),#12962);
#12958 = LINE('',#12959,#12960);
#12959 = CARTESIAN_POINT('',(1.,0.));
#12960 = VECTOR('',#12961,1.);
#12961 = DIRECTION('',(0.,-1.));
#12962 = ( GEOMETRIC_REPRESENTATION_CONTEXT(2) 
PARAMETRIC_REPRESENTATION_CONTEXT() REPRESENTATION_CONTEXT('2D SPACE',''
  ) );
#12963 = PCURVE('',#3690,#12964);
#12964 = DEFINITIONAL_REPRESENTATION('',(#12965),#12969);
#12965 = LINE('',#12966,#12967);
#12966 = CARTESIAN_POINT('',(1.570796326795,0.));
#12967 = VECTOR('',#12968,1.);
#12968 = DIRECTION('',(0.,1.));
#12969 = ( GEOMETRIC_REPRESENTATION_CONTEXT(2) 
PARAMETRIC_REPRESENTATION_CONTEXT() REPRESENTATION_CONTEXT('2D SPACE',''
  ) );
#12970 = ORIENTED_EDGE('',*,*,#8225,.F.);
#12971 = ORIENTED_EDGE('',*,*,#12898,.T.);
#12972 = ADVANCED_FACE('',(#12973),#3800,.F.);
#12973 = FACE_BOUND('',#12974,.T.);
#12974 = EDGE_LOOP('',(#12975,#12996,#12997,#12998));
#12975 = ORIENTED_EDGE('',*,*,#12976,.F.);
#12976 = EDGE_CURVE('',#3758,#8316,#12977,.T.);
#12977 = SURFACE_CURVE('',#12978,(#12982,#12989),.PCURVE_S1.);
#12978 = LINE('',#12979,#12980);
#12979 = CARTESIAN_POINT('',(11.260546875,70.28,-1.));
#12980 = VECTOR('',#12981,1.);
#12981 = DIRECTION('',(0.,0.,1.));
#12982 = PCURVE('',#3800,#12983);
#12983 = DEFINITIONAL_REPRESENTATION('',(#12984),#12988);
#12984 = LINE('',#12985,#12986);
#12985 = CARTESIAN_POINT('',(-0.,0.));
#12986 = VECTOR('',#12987,1.);
#12987 = DIRECTION('',(-0.,1.));
#12988 = ( GEOMETRIC_REPRESENTATION_CONTEXT(2) 
PARAMETRIC_REPRESENTATION_CONTEXT() REPRESENTATION_CONTEXT('2D SPACE',''
  ) );
#12989 = PCURVE('',#3772,#12990);
#12990 = DEFINITIONAL_REPRESENTATION('',(#12991),#12995);
#12991 = LINE('',#12992,#12993);
#12992 = CARTESIAN_POINT('',(1.,0.));
#12993 = VECTOR('',#12994,1.);
#12994 = DIRECTION('',(0.,-1.));
#12995 = ( GEOMETRIC_REPRESENTATION_CONTEXT(2) 
PARAMETRIC_REPRESENTATION_CONTEXT() REPRESENTATION_CONTEXT('2D SPACE',''
  ) );
#12996 = ORIENTED_EDGE('',*,*,#3783,.F.);
#12997 = ORIENTED_EDGE('',*,*,#12925,.T.);
#12998 = ORIENTED_EDGE('',*,*,#8336,.T.);
#12999 = ADVANCED_FACE('',(#13000),#3690,.F.);
#13000 = FACE_BOUND('',#13001,.F.);
#13001 = EDGE_LOOP('',(#13002,#13023,#13024,#13025));
#13002 = ORIENTED_EDGE('',*,*,#13003,.F.);
#13003 = EDGE_CURVE('',#3674,#8247,#13004,.T.);
#13004 = SURFACE_CURVE('',#13005,(#13009,#13016),.PCURVE_S1.);
#13005 = LINE('',#13006,#13007);
#13006 = CARTESIAN_POINT('',(16.973828125,80.196666666667,-1.));
#13007 = VECTOR('',#13008,1.);
#13008 = DIRECTION('',(0.,0.,1.));
#13009 = PCURVE('',#3690,#13010);
#13010 = DEFINITIONAL_REPRESENTATION('',(#13011),#13015);
#13011 = LINE('',#13012,#13013);
#13012 = CARTESIAN_POINT('',(0.,0.));
#13013 = VECTOR('',#13014,1.);
#13014 = DIRECTION('',(0.,1.));
#13015 = ( GEOMETRIC_REPRESENTATION_CONTEXT(2) 
PARAMETRIC_REPRESENTATION_CONTEXT() REPRESENTATION_CONTEXT('2D SPACE',''
  ) );
#13016 = PCURVE('',#3717,#13017);
#13017 = DEFINITIONAL_REPRESENTATION('',(#13018),#13022);
#13018 = LINE('',#13019,#13020);
#13019 = CARTESIAN_POINT('',(9.916666666667,0.));
#13020 = VECTOR('',#13021,1.);
#13021 = DIRECTION('',(0.,-1.));
#13022 = ( GEOMETRIC_REPRESENTATION_CONTEXT(2) 
PARAMETRIC_REPRESENTATION_CONTEXT() REPRESENTATION_CONTEXT('2D SPACE',''
  ) );
#13023 = ORIENTED_EDGE('',*,*,#3673,.T.);
#13024 = ORIENTED_EDGE('',*,*,#12950,.T.);
#13025 = ORIENTED_EDGE('',*,*,#8246,.F.);
#13026 = ADVANCED_FACE('',(#13027),#3772,.T.);
#13027 = FACE_BOUND('',#13028,.T.);
#13028 = EDGE_LOOP('',(#13029,#13030,#13031,#13032));
#13029 = ORIENTED_EDGE('',*,*,#3757,.T.);
#13030 = ORIENTED_EDGE('',*,*,#12976,.T.);
#13031 = ORIENTED_EDGE('',*,*,#8315,.F.);
#13032 = ORIENTED_EDGE('',*,*,#13033,.F.);
#13033 = EDGE_CURVE('',#3729,#8292,#13034,.T.);
#13034 = SURFACE_CURVE('',#13035,(#13039,#13046),.PCURVE_S1.);
#13035 = LINE('',#13036,#13037);
#13036 = CARTESIAN_POINT('',(15.973828125,70.28,-1.));
#13037 = VECTOR('',#13038,1.);
#13038 = DIRECTION('',(0.,0.,1.));
#13039 = PCURVE('',#3772,#13040);
#13040 = DEFINITIONAL_REPRESENTATION('',(#13041),#13045);
#13041 = LINE('',#13042,#13043);
#13042 = CARTESIAN_POINT('',(5.71328125,0.));
#13043 = VECTOR('',#13044,1.);
#13044 = DIRECTION('',(0.,-1.));
#13045 = ( GEOMETRIC_REPRESENTATION_CONTEXT(2) 
PARAMETRIC_REPRESENTATION_CONTEXT() REPRESENTATION_CONTEXT('2D SPACE',''
  ) );
#13046 = PCURVE('',#3745,#13047);
#13047 = DEFINITIONAL_REPRESENTATION('',(#13048),#13052);
#13048 = LINE('',#13049,#13050);
#13049 = CARTESIAN_POINT('',(0.,0.));
#13050 = VECTOR('',#13051,1.);
#13051 = DIRECTION('',(0.,1.));
#13052 = ( GEOMETRIC_REPRESENTATION_CONTEXT(2) 
PARAMETRIC_REPRESENTATION_CONTEXT() REPRESENTATION_CONTEXT('2D SPACE',''
  ) );
#13053 = ADVANCED_FACE('',(#13054),#3717,.T.);
#13054 = FACE_BOUND('',#13055,.T.);
#13055 = EDGE_LOOP('',(#13056,#13057,#13078,#13079));
#13056 = ORIENTED_EDGE('',*,*,#3702,.T.);
#13057 = ORIENTED_EDGE('',*,*,#13058,.T.);
#13058 = EDGE_CURVE('',#3703,#8271,#13059,.T.);
#13059 = SURFACE_CURVE('',#13060,(#13064,#13071),.PCURVE_S1.);
#13060 = LINE('',#13061,#13062);
#13061 = CARTESIAN_POINT('',(16.973828125,71.28,-1.));
#13062 = VECTOR('',#13063,1.);
#13063 = DIRECTION('',(0.,0.,1.));
#13064 = PCURVE('',#3717,#13065);
#13065 = DEFINITIONAL_REPRESENTATION('',(#13066),#13070);
#13066 = LINE('',#13067,#13068);
#13067 = CARTESIAN_POINT('',(1.,0.));
#13068 = VECTOR('',#13069,1.);
#13069 = DIRECTION('',(0.,-1.));
#13070 = ( GEOMETRIC_REPRESENTATION_CONTEXT(2) 
PARAMETRIC_REPRESENTATION_CONTEXT() REPRESENTATION_CONTEXT('2D SPACE',''
  ) );
#13071 = PCURVE('',#3745,#13072);
#13072 = DEFINITIONAL_REPRESENTATION('',(#13073),#13077);
#13073 = LINE('',#13074,#13075);
#13074 = CARTESIAN_POINT('',(1.570796326795,0.));
#13075 = VECTOR('',#13076,1.);
#13076 = DIRECTION('',(0.,1.));
#13077 = ( GEOMETRIC_REPRESENTATION_CONTEXT(2) 
PARAMETRIC_REPRESENTATION_CONTEXT() REPRESENTATION_CONTEXT('2D SPACE',''
  ) );
#13078 = ORIENTED_EDGE('',*,*,#8270,.F.);
#13079 = ORIENTED_EDGE('',*,*,#13003,.F.);
#13080 = ADVANCED_FACE('',(#13081),#3745,.F.);
#13081 = FACE_BOUND('',#13082,.F.);
#13082 = EDGE_LOOP('',(#13083,#13084,#13085,#13086));
#13083 = ORIENTED_EDGE('',*,*,#13033,.F.);
#13084 = ORIENTED_EDGE('',*,*,#3728,.T.);
#13085 = ORIENTED_EDGE('',*,*,#13058,.T.);
#13086 = ORIENTED_EDGE('',*,*,#8291,.F.);
#13087 = ADVANCED_FACE('',(#13088),#3886,.F.);
#13088 = FACE_BOUND('',#13089,.F.);
#13089 = EDGE_LOOP('',(#13090,#13111,#13112,#13133));
#13090 = ORIENTED_EDGE('',*,*,#13091,.F.);
#13091 = EDGE_CURVE('',#3868,#8427,#13092,.T.);
#13092 = SURFACE_CURVE('',#13093,(#13097,#13104),.PCURVE_S1.);
#13093 = LINE('',#13094,#13095);
#13094 = CARTESIAN_POINT('',(91.221875,70.566666666667,-1.));
#13095 = VECTOR('',#13096,1.);
#13096 = DIRECTION('',(0.,0.,1.));
#13097 = PCURVE('',#3886,#13098);
#13098 = DEFINITIONAL_REPRESENTATION('',(#13099),#13103);
#13099 = LINE('',#13100,#13101);
#13100 = CARTESIAN_POINT('',(0.,0.));
#13101 = VECTOR('',#13102,1.);
#13102 = DIRECTION('',(0.,1.));
#13103 = ( GEOMETRIC_REPRESENTATION_CONTEXT(2) 
PARAMETRIC_REPRESENTATION_CONTEXT() REPRESENTATION_CONTEXT('2D SPACE',''
  ) );
#13104 = PCURVE('',#3913,#13105);
#13105 = DEFINITIONAL_REPRESENTATION('',(#13106),#13110);
#13106 = LINE('',#13107,#13108);
#13107 = CARTESIAN_POINT('',(72.238671875,0.));
#13108 = VECTOR('',#13109,1.);
#13109 = DIRECTION('',(0.,-1.));
#13110 = ( GEOMETRIC_REPRESENTATION_CONTEXT(2) 
PARAMETRIC_REPRESENTATION_CONTEXT() REPRESENTATION_CONTEXT('2D SPACE',''
  ) );
#13111 = ORIENTED_EDGE('',*,*,#3867,.T.);
#13112 = ORIENTED_EDGE('',*,*,#13113,.T.);
#13113 = EDGE_CURVE('',#3870,#8429,#13114,.T.);
#13114 = SURFACE_CURVE('',#13115,(#13119,#13126),.PCURVE_S1.);
#13115 = LINE('',#13116,#13117);
#13116 = CARTESIAN_POINT('',(93.221875,72.566666666667,-1.));
#13117 = VECTOR('',#13118,1.);
#13118 = DIRECTION('',(0.,0.,1.));
#13119 = PCURVE('',#3886,#13120);
#13120 = DEFINITIONAL_REPRESENTATION('',(#13121),#13125);
#13121 = LINE('',#13122,#13123);
#13122 = CARTESIAN_POINT('',(1.570796326795,0.));
#13123 = VECTOR('',#13124,1.);
#13124 = DIRECTION('',(0.,1.));
#13125 = ( GEOMETRIC_REPRESENTATION_CONTEXT(2) 
PARAMETRIC_REPRESENTATION_CONTEXT() REPRESENTATION_CONTEXT('2D SPACE',''
  ) );
#13126 = PCURVE('',#4076,#13127);
#13127 = DEFINITIONAL_REPRESENTATION('',(#13128),#13132);
#13128 = LINE('',#13129,#13130);
#13129 = CARTESIAN_POINT('',(2.,0.));
#13130 = VECTOR('',#13131,1.);
#13131 = DIRECTION('',(0.,-1.));
#13132 = ( GEOMETRIC_REPRESENTATION_CONTEXT(2) 
PARAMETRIC_REPRESENTATION_CONTEXT() REPRESENTATION_CONTEXT('2D SPACE',''
  ) );
#13133 = ORIENTED_EDGE('',*,*,#8426,.F.);
#13134 = ADVANCED_FACE('',(#13135),#3913,.T.);
#13135 = FACE_BOUND('',#13136,.T.);
#13136 = EDGE_LOOP('',(#13137,#13138,#13159,#13160));
#13137 = ORIENTED_EDGE('',*,*,#3898,.T.);
#13138 = ORIENTED_EDGE('',*,*,#13139,.T.);
#13139 = EDGE_CURVE('',#3899,#8453,#13140,.T.);
#13140 = SURFACE_CURVE('',#13141,(#13145,#13152),.PCURVE_S1.);
#13141 = LINE('',#13142,#13143);
#13142 = CARTESIAN_POINT('',(20.983203125,70.566666666667,-1.));
#13143 = VECTOR('',#13144,1.);
#13144 = DIRECTION('',(0.,0.,1.));
#13145 = PCURVE('',#3913,#13146);
#13146 = DEFINITIONAL_REPRESENTATION('',(#13147),#13151);
#13147 = LINE('',#13148,#13149);
#13148 = CARTESIAN_POINT('',(2.,0.));
#13149 = VECTOR('',#13150,1.);
#13150 = DIRECTION('',(0.,-1.));
#13151 = ( GEOMETRIC_REPRESENTATION_CONTEXT(2) 
PARAMETRIC_REPRESENTATION_CONTEXT() REPRESENTATION_CONTEXT('2D SPACE',''
  ) );
#13152 = PCURVE('',#3941,#13153);
#13153 = DEFINITIONAL_REPRESENTATION('',(#13154),#13158);
#13154 = LINE('',#13155,#13156);
#13155 = CARTESIAN_POINT('',(-0.,0.));
#13156 = VECTOR('',#13157,1.);
#13157 = DIRECTION('',(-0.,1.));
#13158 = ( GEOMETRIC_REPRESENTATION_CONTEXT(2) 
PARAMETRIC_REPRESENTATION_CONTEXT() REPRESENTATION_CONTEXT('2D SPACE',''
  ) );
#13159 = ORIENTED_EDGE('',*,*,#8452,.F.);
#13160 = ORIENTED_EDGE('',*,*,#13091,.F.);
#13161 = ADVANCED_FACE('',(#13162),#4076,.T.);
#13162 = FACE_BOUND('',#13163,.T.);
#13163 = EDGE_LOOP('',(#13164,#13165,#13166,#13167));
#13164 = ORIENTED_EDGE('',*,*,#4063,.T.);
#13165 = ORIENTED_EDGE('',*,*,#13113,.T.);
#13166 = ORIENTED_EDGE('',*,*,#8587,.F.);
#13167 = ORIENTED_EDGE('',*,*,#13168,.F.);
#13168 = EDGE_CURVE('',#4035,#8564,#13169,.T.);
#13169 = SURFACE_CURVE('',#13170,(#13174,#13181),.PCURVE_S1.);
#13170 = LINE('',#13171,#13172);
#13171 = CARTESIAN_POINT('',(93.221875,84.643333333333,-1.));
#13172 = VECTOR('',#13173,1.);
#13173 = DIRECTION('',(0.,0.,1.));
#13174 = PCURVE('',#4076,#13175);
#13175 = DEFINITIONAL_REPRESENTATION('',(#13176),#13180);
#13176 = LINE('',#13177,#13178);
#13177 = CARTESIAN_POINT('',(14.076666666667,0.));
#13178 = VECTOR('',#13179,1.);
#13179 = DIRECTION('',(0.,-1.));
#13180 = ( GEOMETRIC_REPRESENTATION_CONTEXT(2) 
PARAMETRIC_REPRESENTATION_CONTEXT() REPRESENTATION_CONTEXT('2D SPACE',''
  ) );
#13181 = PCURVE('',#4051,#13182);
#13182 = DEFINITIONAL_REPRESENTATION('',(#13183),#13187);
#13183 = LINE('',#13184,#13185);
#13184 = CARTESIAN_POINT('',(0.,0.));
#13185 = VECTOR('',#13186,1.);
#13186 = DIRECTION('',(0.,1.));
#13187 = ( GEOMETRIC_REPRESENTATION_CONTEXT(2) 
PARAMETRIC_REPRESENTATION_CONTEXT() REPRESENTATION_CONTEXT('2D SPACE',''
  ) );
#13188 = ADVANCED_FACE('',(#13189),#3941,.F.);
#13189 = FACE_BOUND('',#13190,.T.);
#13190 = EDGE_LOOP('',(#13191,#13192,#13193,#13214));
#13191 = ORIENTED_EDGE('',*,*,#13139,.F.);
#13192 = ORIENTED_EDGE('',*,*,#3924,.F.);
#13193 = ORIENTED_EDGE('',*,*,#13194,.T.);
#13194 = EDGE_CURVE('',#3925,#8474,#13195,.T.);
#13195 = SURFACE_CURVE('',#13196,(#13200,#13207),.PCURVE_S1.);
#13196 = LINE('',#13197,#13198);
#13197 = CARTESIAN_POINT('',(18.983203125,72.566666666667,-1.));
#13198 = VECTOR('',#13199,1.);
#13199 = DIRECTION('',(0.,0.,1.));
#13200 = PCURVE('',#3941,#13201);
#13201 = DEFINITIONAL_REPRESENTATION('',(#13202),#13206);
#13202 = LINE('',#13203,#13204);
#13203 = CARTESIAN_POINT('',(-1.570796326795,0.));
#13204 = VECTOR('',#13205,1.);
#13205 = DIRECTION('',(-0.,1.));
#13206 = ( GEOMETRIC_REPRESENTATION_CONTEXT(2) 
PARAMETRIC_REPRESENTATION_CONTEXT() REPRESENTATION_CONTEXT('2D SPACE',''
  ) );
#13207 = PCURVE('',#3968,#13208);
#13208 = DEFINITIONAL_REPRESENTATION('',(#13209),#13213);
#13209 = LINE('',#13210,#13211);
#13210 = CARTESIAN_POINT('',(14.076666666667,0.));
#13211 = VECTOR('',#13212,1.);
#13212 = DIRECTION('',(0.,-1.));
#13213 = ( GEOMETRIC_REPRESENTATION_CONTEXT(2) 
PARAMETRIC_REPRESENTATION_CONTEXT() REPRESENTATION_CONTEXT('2D SPACE',''
  ) );
#13214 = ORIENTED_EDGE('',*,*,#8473,.T.);
#13215 = ADVANCED_FACE('',(#13216),#4051,.F.);
#13216 = FACE_BOUND('',#13217,.F.);
#13217 = EDGE_LOOP('',(#13218,#13219,#13220,#13241));
#13218 = ORIENTED_EDGE('',*,*,#13168,.F.);
#13219 = ORIENTED_EDGE('',*,*,#4034,.T.);
#13220 = ORIENTED_EDGE('',*,*,#13221,.T.);
#13221 = EDGE_CURVE('',#4009,#8543,#13222,.T.);
#13222 = SURFACE_CURVE('',#13223,(#13227,#13234),.PCURVE_S1.);
#13223 = LINE('',#13224,#13225);
#13224 = CARTESIAN_POINT('',(91.221875,86.643333333333,-1.));
#13225 = VECTOR('',#13226,1.);
#13226 = DIRECTION('',(0.,0.,1.));
#13227 = PCURVE('',#4051,#13228);
#13228 = DEFINITIONAL_REPRESENTATION('',(#13229),#13233);
#13229 = LINE('',#13230,#13231);
#13230 = CARTESIAN_POINT('',(1.570796326795,0.));
#13231 = VECTOR('',#13232,1.);
#13232 = DIRECTION('',(0.,1.));
#13233 = ( GEOMETRIC_REPRESENTATION_CONTEXT(2) 
PARAMETRIC_REPRESENTATION_CONTEXT() REPRESENTATION_CONTEXT('2D SPACE',''
  ) );
#13234 = PCURVE('',#4023,#13235);
#13235 = DEFINITIONAL_REPRESENTATION('',(#13236),#13240);
#13236 = LINE('',#13237,#13238);
#13237 = CARTESIAN_POINT('',(2.,0.));
#13238 = VECTOR('',#13239,1.);
#13239 = DIRECTION('',(0.,-1.));
#13240 = ( GEOMETRIC_REPRESENTATION_CONTEXT(2) 
PARAMETRIC_REPRESENTATION_CONTEXT() REPRESENTATION_CONTEXT('2D SPACE',''
  ) );
#13241 = ORIENTED_EDGE('',*,*,#8563,.F.);
#13242 = ADVANCED_FACE('',(#13243),#3968,.T.);
#13243 = FACE_BOUND('',#13244,.T.);
#13244 = EDGE_LOOP('',(#13245,#13246,#13267,#13268));
#13245 = ORIENTED_EDGE('',*,*,#3953,.T.);
#13246 = ORIENTED_EDGE('',*,*,#13247,.T.);
#13247 = EDGE_CURVE('',#3954,#8498,#13248,.T.);
#13248 = SURFACE_CURVE('',#13249,(#13253,#13260),.PCURVE_S1.);
#13249 = LINE('',#13250,#13251);
#13250 = CARTESIAN_POINT('',(18.983203125,84.643333333333,-1.));
#13251 = VECTOR('',#13252,1.);
#13252 = DIRECTION('',(0.,0.,1.));
#13253 = PCURVE('',#3968,#13254);
#13254 = DEFINITIONAL_REPRESENTATION('',(#13255),#13259);
#13255 = LINE('',#13256,#13257);
#13256 = CARTESIAN_POINT('',(2.,0.));
#13257 = VECTOR('',#13258,1.);
#13258 = DIRECTION('',(0.,-1.));
#13259 = ( GEOMETRIC_REPRESENTATION_CONTEXT(2) 
PARAMETRIC_REPRESENTATION_CONTEXT() REPRESENTATION_CONTEXT('2D SPACE',''
  ) );
#13260 = PCURVE('',#3996,#13261);
#13261 = DEFINITIONAL_REPRESENTATION('',(#13262),#13266);
#13262 = LINE('',#13263,#13264);
#13263 = CARTESIAN_POINT('',(1.570796326795,0.));
#13264 = VECTOR('',#13265,1.);
#13265 = DIRECTION('',(0.,1.));
#13266 = ( GEOMETRIC_REPRESENTATION_CONTEXT(2) 
PARAMETRIC_REPRESENTATION_CONTEXT() REPRESENTATION_CONTEXT('2D SPACE',''
  ) );
#13267 = ORIENTED_EDGE('',*,*,#8497,.F.);
#13268 = ORIENTED_EDGE('',*,*,#13194,.F.);
#13269 = ADVANCED_FACE('',(#13270),#4023,.T.);
#13270 = FACE_BOUND('',#13271,.T.);
#13271 = EDGE_LOOP('',(#13272,#13273,#13274,#13275));
#13272 = ORIENTED_EDGE('',*,*,#4008,.T.);
#13273 = ORIENTED_EDGE('',*,*,#13221,.T.);
#13274 = ORIENTED_EDGE('',*,*,#8542,.F.);
#13275 = ORIENTED_EDGE('',*,*,#13276,.F.);
#13276 = EDGE_CURVE('',#3980,#8519,#13277,.T.);
#13277 = SURFACE_CURVE('',#13278,(#13282,#13289),.PCURVE_S1.);
#13278 = LINE('',#13279,#13280);
#13279 = CARTESIAN_POINT('',(20.983203125,86.643333333333,-1.));
#13280 = VECTOR('',#13281,1.);
#13281 = DIRECTION('',(0.,0.,1.));
#13282 = PCURVE('',#4023,#13283);
#13283 = DEFINITIONAL_REPRESENTATION('',(#13284),#13288);
#13284 = LINE('',#13285,#13286);
#13285 = CARTESIAN_POINT('',(72.238671875,0.));
#13286 = VECTOR('',#13287,1.);
#13287 = DIRECTION('',(0.,-1.));
#13288 = ( GEOMETRIC_REPRESENTATION_CONTEXT(2) 
PARAMETRIC_REPRESENTATION_CONTEXT() REPRESENTATION_CONTEXT('2D SPACE',''
  ) );
#13289 = PCURVE('',#3996,#13290);
#13290 = DEFINITIONAL_REPRESENTATION('',(#13291),#13295);
#13291 = LINE('',#13292,#13293);
#13292 = CARTESIAN_POINT('',(0.,0.));
#13293 = VECTOR('',#13294,1.);
#13294 = DIRECTION('',(0.,1.));
#13295 = ( GEOMETRIC_REPRESENTATION_CONTEXT(2) 
PARAMETRIC_REPRESENTATION_CONTEXT() REPRESENTATION_CONTEXT('2D SPACE',''
  ) );
#13296 = ADVANCED_FACE('',(#13297),#3996,.F.);
#13297 = FACE_BOUND('',#13298,.F.);
#13298 = EDGE_LOOP('',(#13299,#13300,#13301,#13302));
#13299 = ORIENTED_EDGE('',*,*,#13276,.F.);
#13300 = ORIENTED_EDGE('',*,*,#3979,.T.);
#13301 = ORIENTED_EDGE('',*,*,#13247,.T.);
#13302 = ORIENTED_EDGE('',*,*,#8518,.F.);
#13303 = ADVANCED_FACE('',(#13304),#4110,.F.);
#13304 = FACE_BOUND('',#13305,.T.);
#13305 = EDGE_LOOP('',(#13306,#13307,#13328,#13329));
#13306 = ORIENTED_EDGE('',*,*,#4089,.T.);
#13307 = ORIENTED_EDGE('',*,*,#13308,.T.);
#13308 = EDGE_CURVE('',#4090,#8609,#13309,.T.);
#13309 = SEAM_CURVE('',#13310,(#13314,#13321),.PCURVE_S1.);
#13310 = LINE('',#13311,#13312);
#13311 = CARTESIAN_POINT('',(105.2984375,50.01,-1.));
#13312 = VECTOR('',#13313,1.);
#13313 = DIRECTION('',(0.,0.,1.));
#13314 = PCURVE('',#4110,#13315);
#13315 = DEFINITIONAL_REPRESENTATION('',(#13316),#13320);
#13316 = LINE('',#13317,#13318);
#13317 = CARTESIAN_POINT('',(-6.28318530718,0.));
#13318 = VECTOR('',#13319,1.);
#13319 = DIRECTION('',(-0.,-1.));
#13320 = ( GEOMETRIC_REPRESENTATION_CONTEXT(2) 
PARAMETRIC_REPRESENTATION_CONTEXT() REPRESENTATION_CONTEXT('2D SPACE',''
  ) );
#13321 = PCURVE('',#4110,#13322);
#13322 = DEFINITIONAL_REPRESENTATION('',(#13323),#13327);
#13323 = LINE('',#13324,#13325);
#13324 = CARTESIAN_POINT('',(-0.,0.));
#13325 = VECTOR('',#13326,1.);
#13326 = DIRECTION('',(-0.,-1.));
#13327 = ( GEOMETRIC_REPRESENTATION_CONTEXT(2) 
PARAMETRIC_REPRESENTATION_CONTEXT() REPRESENTATION_CONTEXT('2D SPACE',''
  ) );
#13328 = ORIENTED_EDGE('',*,*,#8608,.F.);
#13329 = ORIENTED_EDGE('',*,*,#13308,.F.);
#13330 = ADVANCED_FACE('',(#13331),#4145,.F.);
#13331 = FACE_BOUND('',#13332,.T.);
#13332 = EDGE_LOOP('',(#13333,#13334,#13355,#13356));
#13333 = ORIENTED_EDGE('',*,*,#4124,.T.);
#13334 = ORIENTED_EDGE('',*,*,#13335,.T.);
#13335 = EDGE_CURVE('',#4125,#8639,#13336,.T.);
#13336 = SEAM_CURVE('',#13337,(#13341,#13348),.PCURVE_S1.);
#13337 = LINE('',#13338,#13339);
#13338 = CARTESIAN_POINT('',(105.2984375,65.06,-1.));
#13339 = VECTOR('',#13340,1.);
#13340 = DIRECTION('',(0.,0.,1.));
#13341 = PCURVE('',#4145,#13342);
#13342 = DEFINITIONAL_REPRESENTATION('',(#13343),#13347);
#13343 = LINE('',#13344,#13345);
#13344 = CARTESIAN_POINT('',(-6.28318530718,0.));
#13345 = VECTOR('',#13346,1.);
#13346 = DIRECTION('',(-0.,-1.));
#13347 = ( GEOMETRIC_REPRESENTATION_CONTEXT(2) 
PARAMETRIC_REPRESENTATION_CONTEXT() REPRESENTATION_CONTEXT('2D SPACE',''
  ) );
#13348 = PCURVE('',#4145,#13349);
#13349 = DEFINITIONAL_REPRESENTATION('',(#13350),#13354);
#13350 = LINE('',#13351,#13352);
#13351 = CARTESIAN_POINT('',(-0.,0.));
#13352 = VECTOR('',#13353,1.);
#13353 = DIRECTION('',(-0.,-1.));
#13354 = ( GEOMETRIC_REPRESENTATION_CONTEXT(2) 
PARAMETRIC_REPRESENTATION_CONTEXT() REPRESENTATION_CONTEXT('2D SPACE',''
  ) );
#13355 = ORIENTED_EDGE('',*,*,#8638,.F.);
#13356 = ORIENTED_EDGE('',*,*,#13335,.F.);
#13357 = ADVANCED_FACE('',(#13358),#4178,.F.);
#13358 = FACE_BOUND('',#13359,.F.);
#13359 = EDGE_LOOP('',(#13360,#13381,#13382,#13403));
#13360 = ORIENTED_EDGE('',*,*,#13361,.F.);
#13361 = EDGE_CURVE('',#4160,#8669,#13362,.T.);
#13362 = SURFACE_CURVE('',#13363,(#13367,#13374),.PCURVE_S1.);
#13363 = LINE('',#13364,#13365);
#13364 = CARTESIAN_POINT('',(147.516796875,43.476666666667,-1.));
#13365 = VECTOR('',#13366,1.);
#13366 = DIRECTION('',(0.,0.,1.));
#13367 = PCURVE('',#4178,#13368);
#13368 = DEFINITIONAL_REPRESENTATION('',(#13369),#13373);
#13369 = LINE('',#13370,#13371);
#13370 = CARTESIAN_POINT('',(0.,0.));
#13371 = VECTOR('',#13372,1.);
#13372 = DIRECTION('',(0.,1.));
#13373 = ( GEOMETRIC_REPRESENTATION_CONTEXT(2) 
PARAMETRIC_REPRESENTATION_CONTEXT() REPRESENTATION_CONTEXT('2D SPACE',''
  ) );
#13374 = PCURVE('',#4205,#13375);
#13375 = DEFINITIONAL_REPRESENTATION('',(#13376),#13380);
#13376 = LINE('',#13377,#13378);
#13377 = CARTESIAN_POINT('',(39.953515625,0.));
#13378 = VECTOR('',#13379,1.);
#13379 = DIRECTION('',(0.,-1.));
#13380 = ( GEOMETRIC_REPRESENTATION_CONTEXT(2) 
PARAMETRIC_REPRESENTATION_CONTEXT() REPRESENTATION_CONTEXT('2D SPACE',''
  ) );
#13381 = ORIENTED_EDGE('',*,*,#4159,.T.);
#13382 = ORIENTED_EDGE('',*,*,#13383,.T.);
#13383 = EDGE_CURVE('',#4162,#8671,#13384,.T.);
#13384 = SURFACE_CURVE('',#13385,(#13389,#13396),.PCURVE_S1.);
#13385 = LINE('',#13386,#13387);
#13386 = CARTESIAN_POINT('',(149.016796875,44.976666666667,-1.));
#13387 = VECTOR('',#13388,1.);
#13388 = DIRECTION('',(0.,0.,1.));
#13389 = PCURVE('',#4178,#13390);
#13390 = DEFINITIONAL_REPRESENTATION('',(#13391),#13395);
#13391 = LINE('',#13392,#13393);
#13392 = CARTESIAN_POINT('',(1.570796326795,0.));
#13393 = VECTOR('',#13394,1.);
#13394 = DIRECTION('',(0.,1.));
#13395 = ( GEOMETRIC_REPRESENTATION_CONTEXT(2) 
PARAMETRIC_REPRESENTATION_CONTEXT() REPRESENTATION_CONTEXT('2D SPACE',''
  ) );
#13396 = PCURVE('',#4368,#13397);
#13397 = DEFINITIONAL_REPRESENTATION('',(#13398),#13402);
#13398 = LINE('',#13399,#13400);
#13399 = CARTESIAN_POINT('',(1.5,0.));
#13400 = VECTOR('',#13401,1.);
#13401 = DIRECTION('',(0.,-1.));
#13402 = ( GEOMETRIC_REPRESENTATION_CONTEXT(2) 
PARAMETRIC_REPRESENTATION_CONTEXT() REPRESENTATION_CONTEXT('2D SPACE',''
  ) );
#13403 = ORIENTED_EDGE('',*,*,#8668,.F.);
#13404 = ADVANCED_FACE('',(#13405),#4205,.T.);
#13405 = FACE_BOUND('',#13406,.T.);
#13406 = EDGE_LOOP('',(#13407,#13408,#13429,#13430));
#13407 = ORIENTED_EDGE('',*,*,#4190,.T.);
#13408 = ORIENTED_EDGE('',*,*,#13409,.T.);
#13409 = EDGE_CURVE('',#4191,#8695,#13410,.T.);
#13410 = SURFACE_CURVE('',#13411,(#13415,#13422),.PCURVE_S1.);
#13411 = LINE('',#13412,#13413);
#13412 = CARTESIAN_POINT('',(109.06328125,43.476666666667,-1.));
#13413 = VECTOR('',#13414,1.);
#13414 = DIRECTION('',(0.,0.,1.));
#13415 = PCURVE('',#4205,#13416);
#13416 = DEFINITIONAL_REPRESENTATION('',(#13417),#13421);
#13417 = LINE('',#13418,#13419);
#13418 = CARTESIAN_POINT('',(1.5,0.));
#13419 = VECTOR('',#13420,1.);
#13420 = DIRECTION('',(0.,-1.));
#13421 = ( GEOMETRIC_REPRESENTATION_CONTEXT(2) 
PARAMETRIC_REPRESENTATION_CONTEXT() REPRESENTATION_CONTEXT('2D SPACE',''
  ) );
#13422 = PCURVE('',#4233,#13423);
#13423 = DEFINITIONAL_REPRESENTATION('',(#13424),#13428);
#13424 = LINE('',#13425,#13426);
#13425 = CARTESIAN_POINT('',(-0.,0.));
#13426 = VECTOR('',#13427,1.);
#13427 = DIRECTION('',(-0.,1.));
#13428 = ( GEOMETRIC_REPRESENTATION_CONTEXT(2) 
PARAMETRIC_REPRESENTATION_CONTEXT() REPRESENTATION_CONTEXT('2D SPACE',''
  ) );
#13429 = ORIENTED_EDGE('',*,*,#8694,.F.);
#13430 = ORIENTED_EDGE('',*,*,#13361,.F.);
#13431 = ADVANCED_FACE('',(#13432),#4368,.T.);
#13432 = FACE_BOUND('',#13433,.T.);
#13433 = EDGE_LOOP('',(#13434,#13435,#13436,#13437));
#13434 = ORIENTED_EDGE('',*,*,#4355,.T.);
#13435 = ORIENTED_EDGE('',*,*,#13383,.T.);
#13436 = ORIENTED_EDGE('',*,*,#8829,.F.);
#13437 = ORIENTED_EDGE('',*,*,#13438,.F.);
#13438 = EDGE_CURVE('',#4327,#8806,#13439,.T.);
#13439 = SURFACE_CURVE('',#13440,(#13444,#13451),.PCURVE_S1.);
#13440 = LINE('',#13441,#13442);
#13441 = CARTESIAN_POINT('',(149.016796875,55.186666666667,-1.));
#13442 = VECTOR('',#13443,1.);
#13443 = DIRECTION('',(0.,0.,1.));
#13444 = PCURVE('',#4368,#13445);
#13445 = DEFINITIONAL_REPRESENTATION('',(#13446),#13450);
#13446 = LINE('',#13447,#13448);
#13447 = CARTESIAN_POINT('',(11.71,0.));
#13448 = VECTOR('',#13449,1.);
#13449 = DIRECTION('',(0.,-1.));
#13450 = ( GEOMETRIC_REPRESENTATION_CONTEXT(2) 
PARAMETRIC_REPRESENTATION_CONTEXT() REPRESENTATION_CONTEXT('2D SPACE',''
  ) );
#13451 = PCURVE('',#4343,#13452);
#13452 = DEFINITIONAL_REPRESENTATION('',(#13453),#13457);
#13453 = LINE('',#13454,#13455);
#13454 = CARTESIAN_POINT('',(0.,0.));
#13455 = VECTOR('',#13456,1.);
#13456 = DIRECTION('',(0.,1.));
#13457 = ( GEOMETRIC_REPRESENTATION_CONTEXT(2) 
PARAMETRIC_REPRESENTATION_CONTEXT() REPRESENTATION_CONTEXT('2D SPACE',''
  ) );
#13458 = ADVANCED_FACE('',(#13459),#4233,.F.);
#13459 = FACE_BOUND('',#13460,.T.);
#13460 = EDGE_LOOP('',(#13461,#13462,#13463,#13484));
#13461 = ORIENTED_EDGE('',*,*,#13409,.F.);
#13462 = ORIENTED_EDGE('',*,*,#4216,.F.);
#13463 = ORIENTED_EDGE('',*,*,#13464,.T.);
#13464 = EDGE_CURVE('',#4217,#8716,#13465,.T.);
#13465 = SURFACE_CURVE('',#13466,(#13470,#13477),.PCURVE_S1.);
#13466 = LINE('',#13467,#13468);
#13467 = CARTESIAN_POINT('',(107.56328125,44.976666666667,-1.));
#13468 = VECTOR('',#13469,1.);
#13469 = DIRECTION('',(0.,0.,1.));
#13470 = PCURVE('',#4233,#13471);
#13471 = DEFINITIONAL_REPRESENTATION('',(#13472),#13476);
#13472 = LINE('',#13473,#13474);
#13473 = CARTESIAN_POINT('',(-1.570796326795,0.));
#13474 = VECTOR('',#13475,1.);
#13475 = DIRECTION('',(-0.,1.));
#13476 = ( GEOMETRIC_REPRESENTATION_CONTEXT(2) 
PARAMETRIC_REPRESENTATION_CONTEXT() REPRESENTATION_CONTEXT('2D SPACE',''
  ) );
#13477 = PCURVE('',#4260,#13478);
#13478 = DEFINITIONAL_REPRESENTATION('',(#13479),#13483);
#13479 = LINE('',#13480,#13481);
#13480 = CARTESIAN_POINT('',(11.71,0.));
#13481 = VECTOR('',#13482,1.);
#13482 = DIRECTION('',(0.,-1.));
#13483 = ( GEOMETRIC_REPRESENTATION_CONTEXT(2) 
PARAMETRIC_REPRESENTATION_CONTEXT() REPRESENTATION_CONTEXT('2D SPACE',''
  ) );
#13484 = ORIENTED_EDGE('',*,*,#8715,.T.);
#13485 = ADVANCED_FACE('',(#13486),#4343,.F.);
#13486 = FACE_BOUND('',#13487,.F.);
#13487 = EDGE_LOOP('',(#13488,#13489,#13490,#13511));
#13488 = ORIENTED_EDGE('',*,*,#13438,.F.);
#13489 = ORIENTED_EDGE('',*,*,#4326,.T.);
#13490 = ORIENTED_EDGE('',*,*,#13491,.T.);
#13491 = EDGE_CURVE('',#4301,#8785,#13492,.T.);
#13492 = SURFACE_CURVE('',#13493,(#13497,#13504),.PCURVE_S1.);
#13493 = LINE('',#13494,#13495);
#13494 = CARTESIAN_POINT('',(147.516796875,56.686666666667,-1.));
#13495 = VECTOR('',#13496,1.);
#13496 = DIRECTION('',(0.,0.,1.));
#13497 = PCURVE('',#4343,#13498);
#13498 = DEFINITIONAL_REPRESENTATION('',(#13499),#13503);
#13499 = LINE('',#13500,#13501);
#13500 = CARTESIAN_POINT('',(1.570796326795,0.));
#13501 = VECTOR('',#13502,1.);
#13502 = DIRECTION('',(0.,1.));
#13503 = ( GEOMETRIC_REPRESENTATION_CONTEXT(2) 
PARAMETRIC_REPRESENTATION_CONTEXT() REPRESENTATION_CONTEXT('2D SPACE',''
  ) );
#13504 = PCURVE('',#4315,#13505);
#13505 = DEFINITIONAL_REPRESENTATION('',(#13506),#13510);
#13506 = LINE('',#13507,#13508);
#13507 = CARTESIAN_POINT('',(1.5,0.));
#13508 = VECTOR('',#13509,1.);
#13509 = DIRECTION('',(0.,-1.));
#13510 = ( GEOMETRIC_REPRESENTATION_CONTEXT(2) 
PARAMETRIC_REPRESENTATION_CONTEXT() REPRESENTATION_CONTEXT('2D SPACE',''
  ) );
#13511 = ORIENTED_EDGE('',*,*,#8805,.F.);
#13512 = ADVANCED_FACE('',(#13513),#4260,.T.);
#13513 = FACE_BOUND('',#13514,.T.);
#13514 = EDGE_LOOP('',(#13515,#13516,#13537,#13538));
#13515 = ORIENTED_EDGE('',*,*,#4245,.T.);
#13516 = ORIENTED_EDGE('',*,*,#13517,.T.);
#13517 = EDGE_CURVE('',#4246,#8740,#13518,.T.);
#13518 = SURFACE_CURVE('',#13519,(#13523,#13530),.PCURVE_S1.);
#13519 = LINE('',#13520,#13521);
#13520 = CARTESIAN_POINT('',(107.56328125,55.186666666667,-1.));
#13521 = VECTOR('',#13522,1.);
#13522 = DIRECTION('',(0.,0.,1.));
#13523 = PCURVE('',#4260,#13524);
#13524 = DEFINITIONAL_REPRESENTATION('',(#13525),#13529);
#13525 = LINE('',#13526,#13527);
#13526 = CARTESIAN_POINT('',(1.5,0.));
#13527 = VECTOR('',#13528,1.);
#13528 = DIRECTION('',(0.,-1.));
#13529 = ( GEOMETRIC_REPRESENTATION_CONTEXT(2) 
PARAMETRIC_REPRESENTATION_CONTEXT() REPRESENTATION_CONTEXT('2D SPACE',''
  ) );
#13530 = PCURVE('',#4288,#13531);
#13531 = DEFINITIONAL_REPRESENTATION('',(#13532),#13536);
#13532 = LINE('',#13533,#13534);
#13533 = CARTESIAN_POINT('',(1.570796326795,0.));
#13534 = VECTOR('',#13535,1.);
#13535 = DIRECTION('',(0.,1.));
#13536 = ( GEOMETRIC_REPRESENTATION_CONTEXT(2) 
PARAMETRIC_REPRESENTATION_CONTEXT() REPRESENTATION_CONTEXT('2D SPACE',''
  ) );
#13537 = ORIENTED_EDGE('',*,*,#8739,.F.);
#13538 = ORIENTED_EDGE('',*,*,#13464,.F.);
#13539 = ADVANCED_FACE('',(#13540),#4315,.T.);
#13540 = FACE_BOUND('',#13541,.T.);
#13541 = EDGE_LOOP('',(#13542,#13543,#13544,#13545));
#13542 = ORIENTED_EDGE('',*,*,#4300,.T.);
#13543 = ORIENTED_EDGE('',*,*,#13491,.T.);
#13544 = ORIENTED_EDGE('',*,*,#8784,.F.);
#13545 = ORIENTED_EDGE('',*,*,#13546,.F.);
#13546 = EDGE_CURVE('',#4272,#8761,#13547,.T.);
#13547 = SURFACE_CURVE('',#13548,(#13552,#13559),.PCURVE_S1.);
#13548 = LINE('',#13549,#13550);
#13549 = CARTESIAN_POINT('',(109.06328125,56.686666666667,-1.));
#13550 = VECTOR('',#13551,1.);
#13551 = DIRECTION('',(0.,0.,1.));
#13552 = PCURVE('',#4315,#13553);
#13553 = DEFINITIONAL_REPRESENTATION('',(#13554),#13558);
#13554 = LINE('',#13555,#13556);
#13555 = CARTESIAN_POINT('',(39.953515625,0.));
#13556 = VECTOR('',#13557,1.);
#13557 = DIRECTION('',(0.,-1.));
#13558 = ( GEOMETRIC_REPRESENTATION_CONTEXT(2) 
PARAMETRIC_REPRESENTATION_CONTEXT() REPRESENTATION_CONTEXT('2D SPACE',''
  ) );
#13559 = PCURVE('',#4288,#13560);
#13560 = DEFINITIONAL_REPRESENTATION('',(#13561),#13565);
#13561 = LINE('',#13562,#13563);
#13562 = CARTESIAN_POINT('',(0.,0.));
#13563 = VECTOR('',#13564,1.);
#13564 = DIRECTION('',(0.,1.));
#13565 = ( GEOMETRIC_REPRESENTATION_CONTEXT(2) 
PARAMETRIC_REPRESENTATION_CONTEXT() REPRESENTATION_CONTEXT('2D SPACE',''
  ) );
#13566 = ADVANCED_FACE('',(#13567),#4288,.F.);
#13567 = FACE_BOUND('',#13568,.F.);
#13568 = EDGE_LOOP('',(#13569,#13570,#13571,#13572));
#13569 = ORIENTED_EDGE('',*,*,#13546,.F.);
#13570 = ORIENTED_EDGE('',*,*,#4271,.T.);
#13571 = ORIENTED_EDGE('',*,*,#13517,.T.);
#13572 = ORIENTED_EDGE('',*,*,#8760,.F.);
#13573 = ADVANCED_FACE('',(#13574),#4400,.F.);
#13574 = FACE_BOUND('',#13575,.F.);
#13575 = EDGE_LOOP('',(#13576,#13597,#13598,#13619));
#13576 = ORIENTED_EDGE('',*,*,#13577,.F.);
#13577 = EDGE_CURVE('',#4382,#8851,#13578,.T.);
#13578 = SURFACE_CURVE('',#13579,(#13583,#13590),.PCURVE_S1.);
#13579 = LINE('',#13580,#13581);
#13580 = CARTESIAN_POINT('',(147.516796875,58.383333333333,-1.));
#13581 = VECTOR('',#13582,1.);
#13582 = DIRECTION('',(0.,0.,1.));
#13583 = PCURVE('',#4400,#13584);
#13584 = DEFINITIONAL_REPRESENTATION('',(#13585),#13589);
#13585 = LINE('',#13586,#13587);
#13586 = CARTESIAN_POINT('',(0.,0.));
#13587 = VECTOR('',#13588,1.);
#13588 = DIRECTION('',(0.,1.));
#13589 = ( GEOMETRIC_REPRESENTATION_CONTEXT(2) 
PARAMETRIC_REPRESENTATION_CONTEXT() REPRESENTATION_CONTEXT('2D SPACE',''
  ) );
#13590 = PCURVE('',#4427,#13591);
#13591 = DEFINITIONAL_REPRESENTATION('',(#13592),#13596);
#13592 = LINE('',#13593,#13594);
#13593 = CARTESIAN_POINT('',(39.953515625,0.));
#13594 = VECTOR('',#13595,1.);
#13595 = DIRECTION('',(0.,-1.));
#13596 = ( GEOMETRIC_REPRESENTATION_CONTEXT(2) 
PARAMETRIC_REPRESENTATION_CONTEXT() REPRESENTATION_CONTEXT('2D SPACE',''
  ) );
#13597 = ORIENTED_EDGE('',*,*,#4381,.T.);
#13598 = ORIENTED_EDGE('',*,*,#13599,.T.);
#13599 = EDGE_CURVE('',#4384,#8853,#13600,.T.);
#13600 = SURFACE_CURVE('',#13601,(#13605,#13612),.PCURVE_S1.);
#13601 = LINE('',#13602,#13603);
#13602 = CARTESIAN_POINT('',(149.016796875,59.883333333333,-1.));
#13603 = VECTOR('',#13604,1.);
#13604 = DIRECTION('',(0.,0.,1.));
#13605 = PCURVE('',#4400,#13606);
#13606 = DEFINITIONAL_REPRESENTATION('',(#13607),#13611);
#13607 = LINE('',#13608,#13609);
#13608 = CARTESIAN_POINT('',(1.570796326795,0.));
#13609 = VECTOR('',#13610,1.);
#13610 = DIRECTION('',(0.,1.));
#13611 = ( GEOMETRIC_REPRESENTATION_CONTEXT(2) 
PARAMETRIC_REPRESENTATION_CONTEXT() REPRESENTATION_CONTEXT('2D SPACE',''
  ) );
#13612 = PCURVE('',#4590,#13613);
#13613 = DEFINITIONAL_REPRESENTATION('',(#13614),#13618);
#13614 = LINE('',#13615,#13616);
#13615 = CARTESIAN_POINT('',(1.5,0.));
#13616 = VECTOR('',#13617,1.);
#13617 = DIRECTION('',(0.,-1.));
#13618 = ( GEOMETRIC_REPRESENTATION_CONTEXT(2) 
PARAMETRIC_REPRESENTATION_CONTEXT() REPRESENTATION_CONTEXT('2D SPACE',''
  ) );
#13619 = ORIENTED_EDGE('',*,*,#8850,.F.);
#13620 = ADVANCED_FACE('',(#13621),#4427,.T.);
#13621 = FACE_BOUND('',#13622,.T.);
#13622 = EDGE_LOOP('',(#13623,#13624,#13645,#13646));
#13623 = ORIENTED_EDGE('',*,*,#4412,.T.);
#13624 = ORIENTED_EDGE('',*,*,#13625,.T.);
#13625 = EDGE_CURVE('',#4413,#8877,#13626,.T.);
#13626 = SURFACE_CURVE('',#13627,(#13631,#13638),.PCURVE_S1.);
#13627 = LINE('',#13628,#13629);
#13628 = CARTESIAN_POINT('',(109.06328125,58.383333333333,-1.));
#13629 = VECTOR('',#13630,1.);
#13630 = DIRECTION('',(0.,0.,1.));
#13631 = PCURVE('',#4427,#13632);
#13632 = DEFINITIONAL_REPRESENTATION('',(#13633),#13637);
#13633 = LINE('',#13634,#13635);
#13634 = CARTESIAN_POINT('',(1.5,0.));
#13635 = VECTOR('',#13636,1.);
#13636 = DIRECTION('',(0.,-1.));
#13637 = ( GEOMETRIC_REPRESENTATION_CONTEXT(2) 
PARAMETRIC_REPRESENTATION_CONTEXT() REPRESENTATION_CONTEXT('2D SPACE',''
  ) );
#13638 = PCURVE('',#4455,#13639);
#13639 = DEFINITIONAL_REPRESENTATION('',(#13640),#13644);
#13640 = LINE('',#13641,#13642);
#13641 = CARTESIAN_POINT('',(-0.,0.));
#13642 = VECTOR('',#13643,1.);
#13643 = DIRECTION('',(-0.,1.));
#13644 = ( GEOMETRIC_REPRESENTATION_CONTEXT(2) 
PARAMETRIC_REPRESENTATION_CONTEXT() REPRESENTATION_CONTEXT('2D SPACE',''
  ) );
#13645 = ORIENTED_EDGE('',*,*,#8876,.F.);
#13646 = ORIENTED_EDGE('',*,*,#13577,.F.);
#13647 = ADVANCED_FACE('',(#13648),#4590,.T.);
#13648 = FACE_BOUND('',#13649,.T.);
#13649 = EDGE_LOOP('',(#13650,#13651,#13652,#13653));
#13650 = ORIENTED_EDGE('',*,*,#4577,.T.);
#13651 = ORIENTED_EDGE('',*,*,#13599,.T.);
#13652 = ORIENTED_EDGE('',*,*,#9011,.F.);
#13653 = ORIENTED_EDGE('',*,*,#13654,.F.);
#13654 = EDGE_CURVE('',#4549,#8988,#13655,.T.);
#13655 = SURFACE_CURVE('',#13656,(#13660,#13667),.PCURVE_S1.);
#13656 = LINE('',#13657,#13658);
#13657 = CARTESIAN_POINT('',(149.016796875,70.093333333333,-1.));
#13658 = VECTOR('',#13659,1.);
#13659 = DIRECTION('',(0.,0.,1.));
#13660 = PCURVE('',#4590,#13661);
#13661 = DEFINITIONAL_REPRESENTATION('',(#13662),#13666);
#13662 = LINE('',#13663,#13664);
#13663 = CARTESIAN_POINT('',(11.71,0.));
#13664 = VECTOR('',#13665,1.);
#13665 = DIRECTION('',(0.,-1.));
#13666 = ( GEOMETRIC_REPRESENTATION_CONTEXT(2) 
PARAMETRIC_REPRESENTATION_CONTEXT() REPRESENTATION_CONTEXT('2D SPACE',''
  ) );
#13667 = PCURVE('',#4565,#13668);
#13668 = DEFINITIONAL_REPRESENTATION('',(#13669),#13673);
#13669 = LINE('',#13670,#13671);
#13670 = CARTESIAN_POINT('',(0.,0.));
#13671 = VECTOR('',#13672,1.);
#13672 = DIRECTION('',(0.,1.));
#13673 = ( GEOMETRIC_REPRESENTATION_CONTEXT(2) 
PARAMETRIC_REPRESENTATION_CONTEXT() REPRESENTATION_CONTEXT('2D SPACE',''
  ) );
#13674 = ADVANCED_FACE('',(#13675),#4455,.F.);
#13675 = FACE_BOUND('',#13676,.T.);
#13676 = EDGE_LOOP('',(#13677,#13678,#13679,#13700));
#13677 = ORIENTED_EDGE('',*,*,#13625,.F.);
#13678 = ORIENTED_EDGE('',*,*,#4438,.F.);
#13679 = ORIENTED_EDGE('',*,*,#13680,.T.);
#13680 = EDGE_CURVE('',#4439,#8898,#13681,.T.);
#13681 = SURFACE_CURVE('',#13682,(#13686,#13693),.PCURVE_S1.);
#13682 = LINE('',#13683,#13684);
#13683 = CARTESIAN_POINT('',(107.56328125,59.883333333333,-1.));
#13684 = VECTOR('',#13685,1.);
#13685 = DIRECTION('',(0.,0.,1.));
#13686 = PCURVE('',#4455,#13687);
#13687 = DEFINITIONAL_REPRESENTATION('',(#13688),#13692);
#13688 = LINE('',#13689,#13690);
#13689 = CARTESIAN_POINT('',(-1.570796326795,0.));
#13690 = VECTOR('',#13691,1.);
#13691 = DIRECTION('',(-0.,1.));
#13692 = ( GEOMETRIC_REPRESENTATION_CONTEXT(2) 
PARAMETRIC_REPRESENTATION_CONTEXT() REPRESENTATION_CONTEXT('2D SPACE',''
  ) );
#13693 = PCURVE('',#4482,#13694);
#13694 = DEFINITIONAL_REPRESENTATION('',(#13695),#13699);
#13695 = LINE('',#13696,#13697);
#13696 = CARTESIAN_POINT('',(11.71,0.));
#13697 = VECTOR('',#13698,1.);
#13698 = DIRECTION('',(0.,-1.));
#13699 = ( GEOMETRIC_REPRESENTATION_CONTEXT(2) 
PARAMETRIC_REPRESENTATION_CONTEXT() REPRESENTATION_CONTEXT('2D SPACE',''
  ) );
#13700 = ORIENTED_EDGE('',*,*,#8897,.T.);
#13701 = ADVANCED_FACE('',(#13702),#4565,.F.);
#13702 = FACE_BOUND('',#13703,.F.);
#13703 = EDGE_LOOP('',(#13704,#13705,#13706,#13727));
#13704 = ORIENTED_EDGE('',*,*,#13654,.F.);
#13705 = ORIENTED_EDGE('',*,*,#4548,.T.);
#13706 = ORIENTED_EDGE('',*,*,#13707,.T.);
#13707 = EDGE_CURVE('',#4523,#8967,#13708,.T.);
#13708 = SURFACE_CURVE('',#13709,(#13713,#13720),.PCURVE_S1.);
#13709 = LINE('',#13710,#13711);
#13710 = CARTESIAN_POINT('',(147.516796875,71.593333333333,-1.));
#13711 = VECTOR('',#13712,1.);
#13712 = DIRECTION('',(0.,0.,1.));
#13713 = PCURVE('',#4565,#13714);
#13714 = DEFINITIONAL_REPRESENTATION('',(#13715),#13719);
#13715 = LINE('',#13716,#13717);
#13716 = CARTESIAN_POINT('',(1.570796326795,0.));
#13717 = VECTOR('',#13718,1.);
#13718 = DIRECTION('',(0.,1.));
#13719 = ( GEOMETRIC_REPRESENTATION_CONTEXT(2) 
PARAMETRIC_REPRESENTATION_CONTEXT() REPRESENTATION_CONTEXT('2D SPACE',''
  ) );
#13720 = PCURVE('',#4537,#13721);
#13721 = DEFINITIONAL_REPRESENTATION('',(#13722),#13726);
#13722 = LINE('',#13723,#13724);
#13723 = CARTESIAN_POINT('',(1.5,0.));
#13724 = VECTOR('',#13725,1.);
#13725 = DIRECTION('',(0.,-1.));
#13726 = ( GEOMETRIC_REPRESENTATION_CONTEXT(2) 
PARAMETRIC_REPRESENTATION_CONTEXT() REPRESENTATION_CONTEXT('2D SPACE',''
  ) );
#13727 = ORIENTED_EDGE('',*,*,#8987,.F.);
#13728 = ADVANCED_FACE('',(#13729),#4482,.T.);
#13729 = FACE_BOUND('',#13730,.T.);
#13730 = EDGE_LOOP('',(#13731,#13732,#13753,#13754));
#13731 = ORIENTED_EDGE('',*,*,#4467,.T.);
#13732 = ORIENTED_EDGE('',*,*,#13733,.T.);
#13733 = EDGE_CURVE('',#4468,#8922,#13734,.T.);
#13734 = SURFACE_CURVE('',#13735,(#13739,#13746),.PCURVE_S1.);
#13735 = LINE('',#13736,#13737);
#13736 = CARTESIAN_POINT('',(107.56328125,70.093333333333,-1.));
#13737 = VECTOR('',#13738,1.);
#13738 = DIRECTION('',(0.,0.,1.));
#13739 = PCURVE('',#4482,#13740);
#13740 = DEFINITIONAL_REPRESENTATION('',(#13741),#13745);
#13741 = LINE('',#13742,#13743);
#13742 = CARTESIAN_POINT('',(1.5,0.));
#13743 = VECTOR('',#13744,1.);
#13744 = DIRECTION('',(0.,-1.));
#13745 = ( GEOMETRIC_REPRESENTATION_CONTEXT(2) 
PARAMETRIC_REPRESENTATION_CONTEXT() REPRESENTATION_CONTEXT('2D SPACE',''
  ) );
#13746 = PCURVE('',#4510,#13747);
#13747 = DEFINITIONAL_REPRESENTATION('',(#13748),#13752);
#13748 = LINE('',#13749,#13750);
#13749 = CARTESIAN_POINT('',(1.570796326795,0.));
#13750 = VECTOR('',#13751,1.);
#13751 = DIRECTION('',(0.,1.));
#13752 = ( GEOMETRIC_REPRESENTATION_CONTEXT(2) 
PARAMETRIC_REPRESENTATION_CONTEXT() REPRESENTATION_CONTEXT('2D SPACE',''
  ) );
#13753 = ORIENTED_EDGE('',*,*,#8921,.F.);
#13754 = ORIENTED_EDGE('',*,*,#13680,.F.);
#13755 = ADVANCED_FACE('',(#13756),#4537,.T.);
#13756 = FACE_BOUND('',#13757,.T.);
#13757 = EDGE_LOOP('',(#13758,#13759,#13760,#13761));
#13758 = ORIENTED_EDGE('',*,*,#4522,.T.);
#13759 = ORIENTED_EDGE('',*,*,#13707,.T.);
#13760 = ORIENTED_EDGE('',*,*,#8966,.F.);
#13761 = ORIENTED_EDGE('',*,*,#13762,.F.);
#13762 = EDGE_CURVE('',#4494,#8943,#13763,.T.);
#13763 = SURFACE_CURVE('',#13764,(#13768,#13775),.PCURVE_S1.);
#13764 = LINE('',#13765,#13766);
#13765 = CARTESIAN_POINT('',(109.06328125,71.593333333333,-1.));
#13766 = VECTOR('',#13767,1.);
#13767 = DIRECTION('',(0.,0.,1.));
#13768 = PCURVE('',#4537,#13769);
#13769 = DEFINITIONAL_REPRESENTATION('',(#13770),#13774);
#13770 = LINE('',#13771,#13772);
#13771 = CARTESIAN_POINT('',(39.953515625,0.));
#13772 = VECTOR('',#13773,1.);
#13773 = DIRECTION('',(0.,-1.));
#13774 = ( GEOMETRIC_REPRESENTATION_CONTEXT(2) 
PARAMETRIC_REPRESENTATION_CONTEXT() REPRESENTATION_CONTEXT('2D SPACE',''
  ) );
#13775 = PCURVE('',#4510,#13776);
#13776 = DEFINITIONAL_REPRESENTATION('',(#13777),#13781);
#13777 = LINE('',#13778,#13779);
#13778 = CARTESIAN_POINT('',(0.,0.));
#13779 = VECTOR('',#13780,1.);
#13780 = DIRECTION('',(0.,1.));
#13781 = ( GEOMETRIC_REPRESENTATION_CONTEXT(2) 
PARAMETRIC_REPRESENTATION_CONTEXT() REPRESENTATION_CONTEXT('2D SPACE',''
  ) );
#13782 = ADVANCED_FACE('',(#13783),#4510,.F.);
#13783 = FACE_BOUND('',#13784,.F.);
#13784 = EDGE_LOOP('',(#13785,#13786,#13787,#13788));
#13785 = ORIENTED_EDGE('',*,*,#13762,.F.);
#13786 = ORIENTED_EDGE('',*,*,#4493,.T.);
#13787 = ORIENTED_EDGE('',*,*,#13733,.T.);
#13788 = ORIENTED_EDGE('',*,*,#8942,.F.);
#13789 = ADVANCED_FACE('',(#13790),#4624,.F.);
#13790 = FACE_BOUND('',#13791,.T.);
#13791 = EDGE_LOOP('',(#13792,#13793,#13814,#13815));
#13792 = ORIENTED_EDGE('',*,*,#4603,.T.);
#13793 = ORIENTED_EDGE('',*,*,#13794,.T.);
#13794 = EDGE_CURVE('',#4604,#9033,#13795,.T.);
#13795 = SEAM_CURVE('',#13796,(#13800,#13807),.PCURVE_S1.);
#13796 = LINE('',#13797,#13798);
#13797 = CARTESIAN_POINT('',(105.2984375,80.11,-1.));
#13798 = VECTOR('',#13799,1.);
#13799 = DIRECTION('',(0.,0.,1.));
#13800 = PCURVE('',#4624,#13801);
#13801 = DEFINITIONAL_REPRESENTATION('',(#13802),#13806);
#13802 = LINE('',#13803,#13804);
#13803 = CARTESIAN_POINT('',(-6.28318530718,0.));
#13804 = VECTOR('',#13805,1.);
#13805 = DIRECTION('',(-0.,-1.));
#13806 = ( GEOMETRIC_REPRESENTATION_CONTEXT(2) 
PARAMETRIC_REPRESENTATION_CONTEXT() REPRESENTATION_CONTEXT('2D SPACE',''
  ) );
#13807 = PCURVE('',#4624,#13808);
#13808 = DEFINITIONAL_REPRESENTATION('',(#13809),#13813);
#13809 = LINE('',#13810,#13811);
#13810 = CARTESIAN_POINT('',(-0.,0.));
#13811 = VECTOR('',#13812,1.);
#13812 = DIRECTION('',(-0.,-1.));
#13813 = ( GEOMETRIC_REPRESENTATION_CONTEXT(2) 
PARAMETRIC_REPRESENTATION_CONTEXT() REPRESENTATION_CONTEXT('2D SPACE',''
  ) );
#13814 = ORIENTED_EDGE('',*,*,#9032,.F.);
#13815 = ORIENTED_EDGE('',*,*,#13794,.F.);
#13816 = ADVANCED_FACE('',(#13817),#4657,.F.);
#13817 = FACE_BOUND('',#13818,.F.);
#13818 = EDGE_LOOP('',(#13819,#13840,#13841,#13862));
#13819 = ORIENTED_EDGE('',*,*,#13820,.F.);
#13820 = EDGE_CURVE('',#4639,#9063,#13821,.T.);
#13821 = SURFACE_CURVE('',#13822,(#13826,#13833),.PCURVE_S1.);
#13822 = LINE('',#13823,#13824);
#13823 = CARTESIAN_POINT('',(158.09296875,70.423333333333,-1.));
#13824 = VECTOR('',#13825,1.);
#13825 = DIRECTION('',(0.,0.,1.));
#13826 = PCURVE('',#4657,#13827);
#13827 = DEFINITIONAL_REPRESENTATION('',(#13828),#13832);
#13828 = LINE('',#13829,#13830);
#13829 = CARTESIAN_POINT('',(0.,0.));
#13830 = VECTOR('',#13831,1.);
#13831 = DIRECTION('',(0.,1.));
#13832 = ( GEOMETRIC_REPRESENTATION_CONTEXT(2) 
PARAMETRIC_REPRESENTATION_CONTEXT() REPRESENTATION_CONTEXT('2D SPACE',''
  ) );
#13833 = PCURVE('',#4684,#13834);
#13834 = DEFINITIONAL_REPRESENTATION('',(#13835),#13839);
#13835 = LINE('',#13836,#13837);
#13836 = CARTESIAN_POINT('',(8.4203125,0.));
#13837 = VECTOR('',#13838,1.);
#13838 = DIRECTION('',(0.,-1.));
#13839 = ( GEOMETRIC_REPRESENTATION_CONTEXT(2) 
PARAMETRIC_REPRESENTATION_CONTEXT() REPRESENTATION_CONTEXT('2D SPACE',''
  ) );
#13840 = ORIENTED_EDGE('',*,*,#4638,.T.);
#13841 = ORIENTED_EDGE('',*,*,#13842,.T.);
#13842 = EDGE_CURVE('',#4641,#9065,#13843,.T.);
#13843 = SURFACE_CURVE('',#13844,(#13848,#13855),.PCURVE_S1.);
#13844 = LINE('',#13845,#13846);
#13845 = CARTESIAN_POINT('',(159.09296875,71.423333333333,-1.));
#13846 = VECTOR('',#13847,1.);
#13847 = DIRECTION('',(0.,0.,1.));
#13848 = PCURVE('',#4657,#13849);
#13849 = DEFINITIONAL_REPRESENTATION('',(#13850),#13854);
#13850 = LINE('',#13851,#13852);
#13851 = CARTESIAN_POINT('',(1.570796326795,0.));
#13852 = VECTOR('',#13853,1.);
#13853 = DIRECTION('',(0.,1.));
#13854 = ( GEOMETRIC_REPRESENTATION_CONTEXT(2) 
PARAMETRIC_REPRESENTATION_CONTEXT() REPRESENTATION_CONTEXT('2D SPACE',''
  ) );
#13855 = PCURVE('',#4847,#13856);
#13856 = DEFINITIONAL_REPRESENTATION('',(#13857),#13861);
#13857 = LINE('',#13858,#13859);
#13858 = CARTESIAN_POINT('',(1.,0.));
#13859 = VECTOR('',#13860,1.);
#13860 = DIRECTION('',(0.,-1.));
#13861 = ( GEOMETRIC_REPRESENTATION_CONTEXT(2) 
PARAMETRIC_REPRESENTATION_CONTEXT() REPRESENTATION_CONTEXT('2D SPACE',''
  ) );
#13862 = ORIENTED_EDGE('',*,*,#9062,.F.);
#13863 = ADVANCED_FACE('',(#13864),#4684,.T.);
#13864 = FACE_BOUND('',#13865,.T.);
#13865 = EDGE_LOOP('',(#13866,#13867,#13888,#13889));
#13866 = ORIENTED_EDGE('',*,*,#4669,.T.);
#13867 = ORIENTED_EDGE('',*,*,#13868,.T.);
#13868 = EDGE_CURVE('',#4670,#9089,#13869,.T.);
#13869 = SURFACE_CURVE('',#13870,(#13874,#13881),.PCURVE_S1.);
#13870 = LINE('',#13871,#13872);
#13871 = CARTESIAN_POINT('',(150.67265625,70.423333333333,-1.));
#13872 = VECTOR('',#13873,1.);
#13873 = DIRECTION('',(0.,0.,1.));
#13874 = PCURVE('',#4684,#13875);
#13875 = DEFINITIONAL_REPRESENTATION('',(#13876),#13880);
#13876 = LINE('',#13877,#13878);
#13877 = CARTESIAN_POINT('',(1.,0.));
#13878 = VECTOR('',#13879,1.);
#13879 = DIRECTION('',(0.,-1.));
#13880 = ( GEOMETRIC_REPRESENTATION_CONTEXT(2) 
PARAMETRIC_REPRESENTATION_CONTEXT() REPRESENTATION_CONTEXT('2D SPACE',''
  ) );
#13881 = PCURVE('',#4712,#13882);
#13882 = DEFINITIONAL_REPRESENTATION('',(#13883),#13887);
#13883 = LINE('',#13884,#13885);
#13884 = CARTESIAN_POINT('',(-0.,0.));
#13885 = VECTOR('',#13886,1.);
#13886 = DIRECTION('',(-0.,1.));
#13887 = ( GEOMETRIC_REPRESENTATION_CONTEXT(2) 
PARAMETRIC_REPRESENTATION_CONTEXT() REPRESENTATION_CONTEXT('2D SPACE',''
  ) );
#13888 = ORIENTED_EDGE('',*,*,#9088,.F.);
#13889 = ORIENTED_EDGE('',*,*,#13820,.F.);
#13890 = ADVANCED_FACE('',(#13891),#4847,.T.);
#13891 = FACE_BOUND('',#13892,.T.);
#13892 = EDGE_LOOP('',(#13893,#13894,#13895,#13896));
#13893 = ORIENTED_EDGE('',*,*,#4834,.T.);
#13894 = ORIENTED_EDGE('',*,*,#13842,.T.);
#13895 = ORIENTED_EDGE('',*,*,#9223,.F.);
#13896 = ORIENTED_EDGE('',*,*,#13897,.F.);
#13897 = EDGE_CURVE('',#4806,#9200,#13898,.T.);
#13898 = SURFACE_CURVE('',#13899,(#13903,#13910),.PCURVE_S1.);
#13899 = LINE('',#13900,#13901);
#13900 = CARTESIAN_POINT('',(159.09296875,76.47,-1.));
#13901 = VECTOR('',#13902,1.);
#13902 = DIRECTION('',(0.,0.,1.));
#13903 = PCURVE('',#4847,#13904);
#13904 = DEFINITIONAL_REPRESENTATION('',(#13905),#13909);
#13905 = LINE('',#13906,#13907);
#13906 = CARTESIAN_POINT('',(6.046666666667,0.));
#13907 = VECTOR('',#13908,1.);
#13908 = DIRECTION('',(0.,-1.));
#13909 = ( GEOMETRIC_REPRESENTATION_CONTEXT(2) 
PARAMETRIC_REPRESENTATION_CONTEXT() REPRESENTATION_CONTEXT('2D SPACE',''
  ) );
#13910 = PCURVE('',#4822,#13911);
#13911 = DEFINITIONAL_REPRESENTATION('',(#13912),#13916);
#13912 = LINE('',#13913,#13914);
#13913 = CARTESIAN_POINT('',(0.,0.));
#13914 = VECTOR('',#13915,1.);
#13915 = DIRECTION('',(0.,1.));
#13916 = ( GEOMETRIC_REPRESENTATION_CONTEXT(2) 
PARAMETRIC_REPRESENTATION_CONTEXT() REPRESENTATION_CONTEXT('2D SPACE',''
  ) );
#13917 = ADVANCED_FACE('',(#13918),#4712,.F.);
#13918 = FACE_BOUND('',#13919,.T.);
#13919 = EDGE_LOOP('',(#13920,#13921,#13922,#13943));
#13920 = ORIENTED_EDGE('',*,*,#13868,.F.);
#13921 = ORIENTED_EDGE('',*,*,#4695,.F.);
#13922 = ORIENTED_EDGE('',*,*,#13923,.T.);
#13923 = EDGE_CURVE('',#4696,#9110,#13924,.T.);
#13924 = SURFACE_CURVE('',#13925,(#13929,#13936),.PCURVE_S1.);
#13925 = LINE('',#13926,#13927);
#13926 = CARTESIAN_POINT('',(149.67265625,71.423333333333,-1.));
#13927 = VECTOR('',#13928,1.);
#13928 = DIRECTION('',(0.,0.,1.));
#13929 = PCURVE('',#4712,#13930);
#13930 = DEFINITIONAL_REPRESENTATION('',(#13931),#13935);
#13931 = LINE('',#13932,#13933);
#13932 = CARTESIAN_POINT('',(-1.570796326795,0.));
#13933 = VECTOR('',#13934,1.);
#13934 = DIRECTION('',(-0.,1.));
#13935 = ( GEOMETRIC_REPRESENTATION_CONTEXT(2) 
PARAMETRIC_REPRESENTATION_CONTEXT() REPRESENTATION_CONTEXT('2D SPACE',''
  ) );
#13936 = PCURVE('',#4739,#13937);
#13937 = DEFINITIONAL_REPRESENTATION('',(#13938),#13942);
#13938 = LINE('',#13939,#13940);
#13939 = CARTESIAN_POINT('',(6.046666666667,0.));
#13940 = VECTOR('',#13941,1.);
#13941 = DIRECTION('',(0.,-1.));
#13942 = ( GEOMETRIC_REPRESENTATION_CONTEXT(2) 
PARAMETRIC_REPRESENTATION_CONTEXT() REPRESENTATION_CONTEXT('2D SPACE',''
  ) );
#13943 = ORIENTED_EDGE('',*,*,#9109,.T.);
#13944 = ADVANCED_FACE('',(#13945),#4822,.F.);
#13945 = FACE_BOUND('',#13946,.F.);
#13946 = EDGE_LOOP('',(#13947,#13948,#13949,#13970));
#13947 = ORIENTED_EDGE('',*,*,#13897,.F.);
#13948 = ORIENTED_EDGE('',*,*,#4805,.T.);
#13949 = ORIENTED_EDGE('',*,*,#13950,.T.);
#13950 = EDGE_CURVE('',#4780,#9179,#13951,.T.);
#13951 = SURFACE_CURVE('',#13952,(#13956,#13963),.PCURVE_S1.);
#13952 = LINE('',#13953,#13954);
#13953 = CARTESIAN_POINT('',(158.09296875,77.47,-1.));
#13954 = VECTOR('',#13955,1.);
#13955 = DIRECTION('',(0.,0.,1.));
#13956 = PCURVE('',#4822,#13957);
#13957 = DEFINITIONAL_REPRESENTATION('',(#13958),#13962);
#13958 = LINE('',#13959,#13960);
#13959 = CARTESIAN_POINT('',(1.570796326795,0.));
#13960 = VECTOR('',#13961,1.);
#13961 = DIRECTION('',(0.,1.));
#13962 = ( GEOMETRIC_REPRESENTATION_CONTEXT(2) 
PARAMETRIC_REPRESENTATION_CONTEXT() REPRESENTATION_CONTEXT('2D SPACE',''
  ) );
#13963 = PCURVE('',#4794,#13964);
#13964 = DEFINITIONAL_REPRESENTATION('',(#13965),#13969);
#13965 = LINE('',#13966,#13967);
#13966 = CARTESIAN_POINT('',(1.,0.));
#13967 = VECTOR('',#13968,1.);
#13968 = DIRECTION('',(0.,-1.));
#13969 = ( GEOMETRIC_REPRESENTATION_CONTEXT(2) 
PARAMETRIC_REPRESENTATION_CONTEXT() REPRESENTATION_CONTEXT('2D SPACE',''
  ) );
#13970 = ORIENTED_EDGE('',*,*,#9199,.F.);
#13971 = ADVANCED_FACE('',(#13972),#4739,.T.);
#13972 = FACE_BOUND('',#13973,.T.);
#13973 = EDGE_LOOP('',(#13974,#13975,#13996,#13997));
#13974 = ORIENTED_EDGE('',*,*,#4724,.T.);
#13975 = ORIENTED_EDGE('',*,*,#13976,.T.);
#13976 = EDGE_CURVE('',#4725,#9134,#13977,.T.);
#13977 = SURFACE_CURVE('',#13978,(#13982,#13989),.PCURVE_S1.);
#13978 = LINE('',#13979,#13980);
#13979 = CARTESIAN_POINT('',(149.67265625,76.47,-1.));
#13980 = VECTOR('',#13981,1.);
#13981 = DIRECTION('',(0.,0.,1.));
#13982 = PCURVE('',#4739,#13983);
#13983 = DEFINITIONAL_REPRESENTATION('',(#13984),#13988);
#13984 = LINE('',#13985,#13986);
#13985 = CARTESIAN_POINT('',(1.,0.));
#13986 = VECTOR('',#13987,1.);
#13987 = DIRECTION('',(0.,-1.));
#13988 = ( GEOMETRIC_REPRESENTATION_CONTEXT(2) 
PARAMETRIC_REPRESENTATION_CONTEXT() REPRESENTATION_CONTEXT('2D SPACE',''
  ) );
#13989 = PCURVE('',#4767,#13990);
#13990 = DEFINITIONAL_REPRESENTATION('',(#13991),#13995);
#13991 = LINE('',#13992,#13993);
#13992 = CARTESIAN_POINT('',(1.570796326795,0.));
#13993 = VECTOR('',#13994,1.);
#13994 = DIRECTION('',(0.,1.));
#13995 = ( GEOMETRIC_REPRESENTATION_CONTEXT(2) 
PARAMETRIC_REPRESENTATION_CONTEXT() REPRESENTATION_CONTEXT('2D SPACE',''
  ) );
#13996 = ORIENTED_EDGE('',*,*,#9133,.F.);
#13997 = ORIENTED_EDGE('',*,*,#13923,.F.);
#13998 = ADVANCED_FACE('',(#13999),#4794,.T.);
#13999 = FACE_BOUND('',#14000,.T.);
#14000 = EDGE_LOOP('',(#14001,#14002,#14003,#14004));
#14001 = ORIENTED_EDGE('',*,*,#4779,.T.);
#14002 = ORIENTED_EDGE('',*,*,#13950,.T.);
#14003 = ORIENTED_EDGE('',*,*,#9178,.F.);
#14004 = ORIENTED_EDGE('',*,*,#14005,.F.);
#14005 = EDGE_CURVE('',#4751,#9155,#14006,.T.);
#14006 = SURFACE_CURVE('',#14007,(#14011,#14018),.PCURVE_S1.);
#14007 = LINE('',#14008,#14009);
#14008 = CARTESIAN_POINT('',(150.67265625,77.47,-1.));
#14009 = VECTOR('',#14010,1.);
#14010 = DIRECTION('',(0.,0.,1.));
#14011 = PCURVE('',#4794,#14012);
#14012 = DEFINITIONAL_REPRESENTATION('',(#14013),#14017);
#14013 = LINE('',#14014,#14015);
#14014 = CARTESIAN_POINT('',(8.4203125,0.));
#14015 = VECTOR('',#14016,1.);
#14016 = DIRECTION('',(0.,-1.));
#14017 = ( GEOMETRIC_REPRESENTATION_CONTEXT(2) 
PARAMETRIC_REPRESENTATION_CONTEXT() REPRESENTATION_CONTEXT('2D SPACE',''
  ) );
#14018 = PCURVE('',#4767,#14019);
#14019 = DEFINITIONAL_REPRESENTATION('',(#14020),#14024);
#14020 = LINE('',#14021,#14022);
#14021 = CARTESIAN_POINT('',(0.,0.));
#14022 = VECTOR('',#14023,1.);
#14023 = DIRECTION('',(0.,1.));
#14024 = ( GEOMETRIC_REPRESENTATION_CONTEXT(2) 
PARAMETRIC_REPRESENTATION_CONTEXT() REPRESENTATION_CONTEXT('2D SPACE',''
  ) );
#14025 = ADVANCED_FACE('',(#14026),#4767,.F.);
#14026 = FACE_BOUND('',#14027,.F.);
#14027 = EDGE_LOOP('',(#14028,#14029,#14030,#14031));
#14028 = ORIENTED_EDGE('',*,*,#14005,.F.);
#14029 = ORIENTED_EDGE('',*,*,#4750,.T.);
#14030 = ORIENTED_EDGE('',*,*,#13976,.T.);
#14031 = ORIENTED_EDGE('',*,*,#9154,.F.);
#14032 = ADVANCED_FACE('',(#14033),#4879,.F.);
#14033 = FACE_BOUND('',#14034,.F.);
#14034 = EDGE_LOOP('',(#14035,#14056,#14057,#14078));
#14035 = ORIENTED_EDGE('',*,*,#14036,.F.);
#14036 = EDGE_CURVE('',#4861,#9245,#14037,.T.);
#14037 = SURFACE_CURVE('',#14038,(#14042,#14049),.PCURVE_S1.);
#14038 = LINE('',#14039,#14040);
#14039 = CARTESIAN_POINT('',(147.516796875,73.433333333333,-1.));
#14040 = VECTOR('',#14041,1.);
#14041 = DIRECTION('',(0.,0.,1.));
#14042 = PCURVE('',#4879,#14043);
#14043 = DEFINITIONAL_REPRESENTATION('',(#14044),#14048);
#14044 = LINE('',#14045,#14046);
#14045 = CARTESIAN_POINT('',(0.,0.));
#14046 = VECTOR('',#14047,1.);
#14047 = DIRECTION('',(0.,1.));
#14048 = ( GEOMETRIC_REPRESENTATION_CONTEXT(2) 
PARAMETRIC_REPRESENTATION_CONTEXT() REPRESENTATION_CONTEXT('2D SPACE',''
  ) );
#14049 = PCURVE('',#4906,#14050);
#14050 = DEFINITIONAL_REPRESENTATION('',(#14051),#14055);
#14051 = LINE('',#14052,#14053);
#14052 = CARTESIAN_POINT('',(39.953515625,0.));
#14053 = VECTOR('',#14054,1.);
#14054 = DIRECTION('',(0.,-1.));
#14055 = ( GEOMETRIC_REPRESENTATION_CONTEXT(2) 
PARAMETRIC_REPRESENTATION_CONTEXT() REPRESENTATION_CONTEXT('2D SPACE',''
  ) );
#14056 = ORIENTED_EDGE('',*,*,#4860,.T.);
#14057 = ORIENTED_EDGE('',*,*,#14058,.T.);
#14058 = EDGE_CURVE('',#4863,#9247,#14059,.T.);
#14059 = SURFACE_CURVE('',#14060,(#14064,#14071),.PCURVE_S1.);
#14060 = LINE('',#14061,#14062);
#14061 = CARTESIAN_POINT('',(149.016796875,74.933333333333,-1.));
#14062 = VECTOR('',#14063,1.);
#14063 = DIRECTION('',(0.,0.,1.));
#14064 = PCURVE('',#4879,#14065);
#14065 = DEFINITIONAL_REPRESENTATION('',(#14066),#14070);
#14066 = LINE('',#14067,#14068);
#14067 = CARTESIAN_POINT('',(1.570796326795,0.));
#14068 = VECTOR('',#14069,1.);
#14069 = DIRECTION('',(0.,1.));
#14070 = ( GEOMETRIC_REPRESENTATION_CONTEXT(2) 
PARAMETRIC_REPRESENTATION_CONTEXT() REPRESENTATION_CONTEXT('2D SPACE',''
  ) );
#14071 = PCURVE('',#5069,#14072);
#14072 = DEFINITIONAL_REPRESENTATION('',(#14073),#14077);
#14073 = LINE('',#14074,#14075);
#14074 = CARTESIAN_POINT('',(1.5,0.));
#14075 = VECTOR('',#14076,1.);
#14076 = DIRECTION('',(0.,-1.));
#14077 = ( GEOMETRIC_REPRESENTATION_CONTEXT(2) 
PARAMETRIC_REPRESENTATION_CONTEXT() REPRESENTATION_CONTEXT('2D SPACE',''
  ) );
#14078 = ORIENTED_EDGE('',*,*,#9244,.F.);
#14079 = ADVANCED_FACE('',(#14080),#4906,.T.);
#14080 = FACE_BOUND('',#14081,.T.);
#14081 = EDGE_LOOP('',(#14082,#14083,#14104,#14105));
#14082 = ORIENTED_EDGE('',*,*,#4891,.T.);
#14083 = ORIENTED_EDGE('',*,*,#14084,.T.);
#14084 = EDGE_CURVE('',#4892,#9271,#14085,.T.);
#14085 = SURFACE_CURVE('',#14086,(#14090,#14097),.PCURVE_S1.);
#14086 = LINE('',#14087,#14088);
#14087 = CARTESIAN_POINT('',(109.06328125,73.433333333333,-1.));
#14088 = VECTOR('',#14089,1.);
#14089 = DIRECTION('',(0.,0.,1.));
#14090 = PCURVE('',#4906,#14091);
#14091 = DEFINITIONAL_REPRESENTATION('',(#14092),#14096);
#14092 = LINE('',#14093,#14094);
#14093 = CARTESIAN_POINT('',(1.5,0.));
#14094 = VECTOR('',#14095,1.);
#14095 = DIRECTION('',(0.,-1.));
#14096 = ( GEOMETRIC_REPRESENTATION_CONTEXT(2) 
PARAMETRIC_REPRESENTATION_CONTEXT() REPRESENTATION_CONTEXT('2D SPACE',''
  ) );
#14097 = PCURVE('',#4934,#14098);
#14098 = DEFINITIONAL_REPRESENTATION('',(#14099),#14103);
#14099 = LINE('',#14100,#14101);
#14100 = CARTESIAN_POINT('',(-0.,0.));
#14101 = VECTOR('',#14102,1.);
#14102 = DIRECTION('',(-0.,1.));
#14103 = ( GEOMETRIC_REPRESENTATION_CONTEXT(2) 
PARAMETRIC_REPRESENTATION_CONTEXT() REPRESENTATION_CONTEXT('2D SPACE',''
  ) );
#14104 = ORIENTED_EDGE('',*,*,#9270,.F.);
#14105 = ORIENTED_EDGE('',*,*,#14036,.F.);
#14106 = ADVANCED_FACE('',(#14107),#5069,.T.);
#14107 = FACE_BOUND('',#14108,.T.);
#14108 = EDGE_LOOP('',(#14109,#14110,#14111,#14112));
#14109 = ORIENTED_EDGE('',*,*,#5056,.T.);
#14110 = ORIENTED_EDGE('',*,*,#14058,.T.);
#14111 = ORIENTED_EDGE('',*,*,#9405,.F.);
#14112 = ORIENTED_EDGE('',*,*,#14113,.F.);
#14113 = EDGE_CURVE('',#5028,#9382,#14114,.T.);
#14114 = SURFACE_CURVE('',#14115,(#14119,#14126),.PCURVE_S1.);
#14115 = LINE('',#14116,#14117);
#14116 = CARTESIAN_POINT('',(149.016796875,85.143333333333,-1.));
#14117 = VECTOR('',#14118,1.);
#14118 = DIRECTION('',(0.,0.,1.));
#14119 = PCURVE('',#5069,#14120);
#14120 = DEFINITIONAL_REPRESENTATION('',(#14121),#14125);
#14121 = LINE('',#14122,#14123);
#14122 = CARTESIAN_POINT('',(11.71,0.));
#14123 = VECTOR('',#14124,1.);
#14124 = DIRECTION('',(0.,-1.));
#14125 = ( GEOMETRIC_REPRESENTATION_CONTEXT(2) 
PARAMETRIC_REPRESENTATION_CONTEXT() REPRESENTATION_CONTEXT('2D SPACE',''
  ) );
#14126 = PCURVE('',#5044,#14127);
#14127 = DEFINITIONAL_REPRESENTATION('',(#14128),#14132);
#14128 = LINE('',#14129,#14130);
#14129 = CARTESIAN_POINT('',(0.,0.));
#14130 = VECTOR('',#14131,1.);
#14131 = DIRECTION('',(0.,1.));
#14132 = ( GEOMETRIC_REPRESENTATION_CONTEXT(2) 
PARAMETRIC_REPRESENTATION_CONTEXT() REPRESENTATION_CONTEXT('2D SPACE',''
  ) );
#14133 = ADVANCED_FACE('',(#14134),#4934,.F.);
#14134 = FACE_BOUND('',#14135,.T.);
#14135 = EDGE_LOOP('',(#14136,#14137,#14138,#14159));
#14136 = ORIENTED_EDGE('',*,*,#14084,.F.);
#14137 = ORIENTED_EDGE('',*,*,#4917,.F.);
#14138 = ORIENTED_EDGE('',*,*,#14139,.T.);
#14139 = EDGE_CURVE('',#4918,#9292,#14140,.T.);
#14140 = SURFACE_CURVE('',#14141,(#14145,#14152),.PCURVE_S1.);
#14141 = LINE('',#14142,#14143);
#14142 = CARTESIAN_POINT('',(107.56328125,74.933333333333,-1.));
#14143 = VECTOR('',#14144,1.);
#14144 = DIRECTION('',(0.,0.,1.));
#14145 = PCURVE('',#4934,#14146);
#14146 = DEFINITIONAL_REPRESENTATION('',(#14147),#14151);
#14147 = LINE('',#14148,#14149);
#14148 = CARTESIAN_POINT('',(-1.570796326795,0.));
#14149 = VECTOR('',#14150,1.);
#14150 = DIRECTION('',(-0.,1.));
#14151 = ( GEOMETRIC_REPRESENTATION_CONTEXT(2) 
PARAMETRIC_REPRESENTATION_CONTEXT() REPRESENTATION_CONTEXT('2D SPACE',''
  ) );
#14152 = PCURVE('',#4961,#14153);
#14153 = DEFINITIONAL_REPRESENTATION('',(#14154),#14158);
#14154 = LINE('',#14155,#14156);
#14155 = CARTESIAN_POINT('',(11.71,0.));
#14156 = VECTOR('',#14157,1.);
#14157 = DIRECTION('',(0.,-1.));
#14158 = ( GEOMETRIC_REPRESENTATION_CONTEXT(2) 
PARAMETRIC_REPRESENTATION_CONTEXT() REPRESENTATION_CONTEXT('2D SPACE',''
  ) );
#14159 = ORIENTED_EDGE('',*,*,#9291,.T.);
#14160 = ADVANCED_FACE('',(#14161),#5044,.F.);
#14161 = FACE_BOUND('',#14162,.F.);
#14162 = EDGE_LOOP('',(#14163,#14164,#14165,#14186));
#14163 = ORIENTED_EDGE('',*,*,#14113,.F.);
#14164 = ORIENTED_EDGE('',*,*,#5027,.T.);
#14165 = ORIENTED_EDGE('',*,*,#14166,.T.);
#14166 = EDGE_CURVE('',#5002,#9361,#14167,.T.);
#14167 = SURFACE_CURVE('',#14168,(#14172,#14179),.PCURVE_S1.);
#14168 = LINE('',#14169,#14170);
#14169 = CARTESIAN_POINT('',(147.516796875,86.643333333333,-1.));
#14170 = VECTOR('',#14171,1.);
#14171 = DIRECTION('',(0.,0.,1.));
#14172 = PCURVE('',#5044,#14173);
#14173 = DEFINITIONAL_REPRESENTATION('',(#14174),#14178);
#14174 = LINE('',#14175,#14176);
#14175 = CARTESIAN_POINT('',(1.570796326795,0.));
#14176 = VECTOR('',#14177,1.);
#14177 = DIRECTION('',(0.,1.));
#14178 = ( GEOMETRIC_REPRESENTATION_CONTEXT(2) 
PARAMETRIC_REPRESENTATION_CONTEXT() REPRESENTATION_CONTEXT('2D SPACE',''
  ) );
#14179 = PCURVE('',#5016,#14180);
#14180 = DEFINITIONAL_REPRESENTATION('',(#14181),#14185);
#14181 = LINE('',#14182,#14183);
#14182 = CARTESIAN_POINT('',(1.5,0.));
#14183 = VECTOR('',#14184,1.);
#14184 = DIRECTION('',(0.,-1.));
#14185 = ( GEOMETRIC_REPRESENTATION_CONTEXT(2) 
PARAMETRIC_REPRESENTATION_CONTEXT() REPRESENTATION_CONTEXT('2D SPACE',''
  ) );
#14186 = ORIENTED_EDGE('',*,*,#9381,.F.);
#14187 = ADVANCED_FACE('',(#14188),#4961,.T.);
#14188 = FACE_BOUND('',#14189,.T.);
#14189 = EDGE_LOOP('',(#14190,#14191,#14212,#14213));
#14190 = ORIENTED_EDGE('',*,*,#4946,.T.);
#14191 = ORIENTED_EDGE('',*,*,#14192,.T.);
#14192 = EDGE_CURVE('',#4947,#9316,#14193,.T.);
#14193 = SURFACE_CURVE('',#14194,(#14198,#14205),.PCURVE_S1.);
#14194 = LINE('',#14195,#14196);
#14195 = CARTESIAN_POINT('',(107.56328125,85.143333333333,-1.));
#14196 = VECTOR('',#14197,1.);
#14197 = DIRECTION('',(0.,0.,1.));
#14198 = PCURVE('',#4961,#14199);
#14199 = DEFINITIONAL_REPRESENTATION('',(#14200),#14204);
#14200 = LINE('',#14201,#14202);
#14201 = CARTESIAN_POINT('',(1.5,0.));
#14202 = VECTOR('',#14203,1.);
#14203 = DIRECTION('',(0.,-1.));
#14204 = ( GEOMETRIC_REPRESENTATION_CONTEXT(2) 
PARAMETRIC_REPRESENTATION_CONTEXT() REPRESENTATION_CONTEXT('2D SPACE',''
  ) );
#14205 = PCURVE('',#4989,#14206);
#14206 = DEFINITIONAL_REPRESENTATION('',(#14207),#14211);
#14207 = LINE('',#14208,#14209);
#14208 = CARTESIAN_POINT('',(1.570796326795,0.));
#14209 = VECTOR('',#14210,1.);
#14210 = DIRECTION('',(0.,1.));
#14211 = ( GEOMETRIC_REPRESENTATION_CONTEXT(2) 
PARAMETRIC_REPRESENTATION_CONTEXT() REPRESENTATION_CONTEXT('2D SPACE',''
  ) );
#14212 = ORIENTED_EDGE('',*,*,#9315,.F.);
#14213 = ORIENTED_EDGE('',*,*,#14139,.F.);
#14214 = ADVANCED_FACE('',(#14215),#5016,.T.);
#14215 = FACE_BOUND('',#14216,.T.);
#14216 = EDGE_LOOP('',(#14217,#14218,#14219,#14220));
#14217 = ORIENTED_EDGE('',*,*,#5001,.T.);
#14218 = ORIENTED_EDGE('',*,*,#14166,.T.);
#14219 = ORIENTED_EDGE('',*,*,#9360,.F.);
#14220 = ORIENTED_EDGE('',*,*,#14221,.F.);
#14221 = EDGE_CURVE('',#4973,#9337,#14222,.T.);
#14222 = SURFACE_CURVE('',#14223,(#14227,#14234),.PCURVE_S1.);
#14223 = LINE('',#14224,#14225);
#14224 = CARTESIAN_POINT('',(109.06328125,86.643333333333,-1.));
#14225 = VECTOR('',#14226,1.);
#14226 = DIRECTION('',(0.,0.,1.));
#14227 = PCURVE('',#5016,#14228);
#14228 = DEFINITIONAL_REPRESENTATION('',(#14229),#14233);
#14229 = LINE('',#14230,#14231);
#14230 = CARTESIAN_POINT('',(39.953515625,0.));
#14231 = VECTOR('',#14232,1.);
#14232 = DIRECTION('',(0.,-1.));
#14233 = ( GEOMETRIC_REPRESENTATION_CONTEXT(2) 
PARAMETRIC_REPRESENTATION_CONTEXT() REPRESENTATION_CONTEXT('2D SPACE',''
  ) );
#14234 = PCURVE('',#4989,#14235);
#14235 = DEFINITIONAL_REPRESENTATION('',(#14236),#14240);
#14236 = LINE('',#14237,#14238);
#14237 = CARTESIAN_POINT('',(0.,0.));
#14238 = VECTOR('',#14239,1.);
#14239 = DIRECTION('',(0.,1.));
#14240 = ( GEOMETRIC_REPRESENTATION_CONTEXT(2) 
PARAMETRIC_REPRESENTATION_CONTEXT() REPRESENTATION_CONTEXT('2D SPACE',''
  ) );
#14241 = ADVANCED_FACE('',(#14242),#4989,.F.);
#14242 = FACE_BOUND('',#14243,.F.);
#14243 = EDGE_LOOP('',(#14244,#14245,#14246,#14247));
#14244 = ORIENTED_EDGE('',*,*,#14221,.F.);
#14245 = ORIENTED_EDGE('',*,*,#4972,.T.);
#14246 = ORIENTED_EDGE('',*,*,#14192,.T.);
#14247 = ORIENTED_EDGE('',*,*,#9336,.F.);
#14248 = ADVANCED_FACE('',(#14249),#5103,.F.);
#14249 = FACE_BOUND('',#14250,.T.);
#14250 = EDGE_LOOP('',(#14251,#14252,#14273,#14274));
#14251 = ORIENTED_EDGE('',*,*,#5082,.T.);
#14252 = ORIENTED_EDGE('',*,*,#14253,.T.);
#14253 = EDGE_CURVE('',#5083,#9427,#14254,.T.);
#14254 = SEAM_CURVE('',#14255,(#14259,#14266),.PCURVE_S1.);
#14255 = LINE('',#14256,#14257);
#14256 = CARTESIAN_POINT('',(157.526328125,81.543333333333,-1.));
#14257 = VECTOR('',#14258,1.);
#14258 = DIRECTION('',(0.,0.,1.));
#14259 = PCURVE('',#5103,#14260);
#14260 = DEFINITIONAL_REPRESENTATION('',(#14261),#14265);
#14261 = LINE('',#14262,#14263);
#14262 = CARTESIAN_POINT('',(-6.28318530718,0.));
#14263 = VECTOR('',#14264,1.);
#14264 = DIRECTION('',(-0.,-1.));
#14265 = ( GEOMETRIC_REPRESENTATION_CONTEXT(2) 
PARAMETRIC_REPRESENTATION_CONTEXT() REPRESENTATION_CONTEXT('2D SPACE',''
  ) );
#14266 = PCURVE('',#5103,#14267);
#14267 = DEFINITIONAL_REPRESENTATION('',(#14268),#14272);
#14268 = LINE('',#14269,#14270);
#14269 = CARTESIAN_POINT('',(-0.,0.));
#14270 = VECTOR('',#14271,1.);
#14271 = DIRECTION('',(-0.,-1.));
#14272 = ( GEOMETRIC_REPRESENTATION_CONTEXT(2) 
PARAMETRIC_REPRESENTATION_CONTEXT() REPRESENTATION_CONTEXT('2D SPACE',''
  ) );
#14273 = ORIENTED_EDGE('',*,*,#9426,.F.);
#14274 = ORIENTED_EDGE('',*,*,#14253,.F.);
#14275 = ADVANCED_FACE('',(#14276),#5135,.T.);
#14276 = FACE_BOUND('',#14277,.T.);
#14277 = EDGE_LOOP('',(#14278,#14301,#14322));
#14278 = ORIENTED_EDGE('',*,*,#14279,.T.);
#14279 = EDGE_CURVE('',#5119,#14280,#14282,.T.);
#14280 = VERTEX_POINT('',#14281);
#14281 = CARTESIAN_POINT('',(0.,0.,0.));
#14282 = SURFACE_CURVE('',#14283,(#14287,#14294),.PCURVE_S1.);
#14283 = LINE('',#14284,#14285);
#14284 = CARTESIAN_POINT('',(0.,97.,0.));
#14285 = VECTOR('',#14286,1.);
#14286 = DIRECTION('',(0.,-1.,0.));
#14287 = PCURVE('',#5135,#14288);
#14288 = DEFINITIONAL_REPRESENTATION('',(#14289),#14293);
#14289 = LINE('',#14290,#14291);
#14290 = CARTESIAN_POINT('',(-0.75,48.5));
#14291 = VECTOR('',#14292,1.);
#14292 = DIRECTION('',(0.,-1.));
#14293 = ( GEOMETRIC_REPRESENTATION_CONTEXT(2) 
PARAMETRIC_REPRESENTATION_CONTEXT() REPRESENTATION_CONTEXT('2D SPACE',''
  ) );
#14294 = PCURVE('',#5167,#14295);
#14295 = DEFINITIONAL_REPRESENTATION('',(#14296),#14300);
#14296 = LINE('',#14297,#14298);
#14297 = CARTESIAN_POINT('',(0.,0.));
#14298 = VECTOR('',#14299,1.);
#14299 = DIRECTION('',(1.,0.));
#14300 = ( GEOMETRIC_REPRESENTATION_CONTEXT(2) 
PARAMETRIC_REPRESENTATION_CONTEXT() REPRESENTATION_CONTEXT('2D SPACE',''
  ) );
#14301 = ORIENTED_EDGE('',*,*,#14302,.T.);
#14302 = EDGE_CURVE('',#14280,#22,#14303,.T.);
#14303 = SURFACE_CURVE('',#14304,(#14308,#14315),.PCURVE_S1.);
#14304 = LINE('',#14305,#14306);
#14305 = CARTESIAN_POINT('',(0.,0.,0.));
#14306 = VECTOR('',#14307,1.);
#14307 = DIRECTION('',(1.,0.,0.));
#14308 = PCURVE('',#5135,#14309);
#14309 = DEFINITIONAL_REPRESENTATION('',(#14310),#14314);
#14310 = LINE('',#14311,#14312);
#14311 = CARTESIAN_POINT('',(-0.75,-48.5));
#14312 = VECTOR('',#14313,1.);
#14313 = DIRECTION('',(1.,0.));
#14314 = ( GEOMETRIC_REPRESENTATION_CONTEXT(2) 
PARAMETRIC_REPRESENTATION_CONTEXT() REPRESENTATION_CONTEXT('2D SPACE',''
  ) );
#14315 = PCURVE('',#9474,#14316);
#14316 = DEFINITIONAL_REPRESENTATION('',(#14317),#14321);
#14317 = LINE('',#14318,#14319);
#14318 = CARTESIAN_POINT('',(0.,0.));
#14319 = VECTOR('',#14320,1.);
#14320 = DIRECTION('',(1.,0.));
#14321 = ( GEOMETRIC_REPRESENTATION_CONTEXT(2) 
PARAMETRIC_REPRESENTATION_CONTEXT() REPRESENTATION_CONTEXT('2D SPACE',''
  ) );
#14322 = ORIENTED_EDGE('',*,*,#5118,.T.);
#14323 = ADVANCED_FACE('',(#14324),#5167,.F.);
#14324 = FACE_BOUND('',#14325,.F.);
#14325 = EDGE_LOOP('',(#14326,#14349,#14350,#14351,#14352,#14375,#14398,
    #14421));
#14326 = ORIENTED_EDGE('',*,*,#14327,.T.);
#14327 = EDGE_CURVE('',#14328,#5375,#14330,.T.);
#14328 = VERTEX_POINT('',#14329);
#14329 = CARTESIAN_POINT('',(-1.110223024625E-16,95.5,0.));
#14330 = SURFACE_CURVE('',#14331,(#14335,#14342),.PCURVE_S1.);
#14331 = LINE('',#14332,#14333);
#14332 = CARTESIAN_POINT('',(-2.22044604925E-16,95.5,0.));
#14333 = VECTOR('',#14334,1.);
#14334 = DIRECTION('',(0.,0.,1.));
#14335 = PCURVE('',#5167,#14336);
#14336 = DEFINITIONAL_REPRESENTATION('',(#14337),#14341);
#14337 = LINE('',#14338,#14339);
#14338 = CARTESIAN_POINT('',(1.5,0.));
#14339 = VECTOR('',#14340,1.);
#14340 = DIRECTION('',(0.,-1.));
#14341 = ( GEOMETRIC_REPRESENTATION_CONTEXT(2) 
PARAMETRIC_REPRESENTATION_CONTEXT() REPRESENTATION_CONTEXT('2D SPACE',''
  ) );
#14342 = PCURVE('',#5391,#14343);
#14343 = DEFINITIONAL_REPRESENTATION('',(#14344),#14348);
#14344 = LINE('',#14345,#14346);
#14345 = CARTESIAN_POINT('',(1.570796326795,0.));
#14346 = VECTOR('',#14347,1.);
#14347 = DIRECTION('',(0.,1.));
#14348 = ( GEOMETRIC_REPRESENTATION_CONTEXT(2) 
PARAMETRIC_REPRESENTATION_CONTEXT() REPRESENTATION_CONTEXT('2D SPACE',''
  ) );
#14349 = ORIENTED_EDGE('',*,*,#5403,.T.);
#14350 = ORIENTED_EDGE('',*,*,#5151,.F.);
#14351 = ORIENTED_EDGE('',*,*,#14279,.T.);
#14352 = ORIENTED_EDGE('',*,*,#14353,.T.);
#14353 = EDGE_CURVE('',#14280,#14354,#14356,.T.);
#14354 = VERTEX_POINT('',#14355);
#14355 = CARTESIAN_POINT('',(0.,0.,-4.));
#14356 = SURFACE_CURVE('',#14357,(#14361,#14368),.PCURVE_S1.);
#14357 = LINE('',#14358,#14359);
#14358 = CARTESIAN_POINT('',(0.,0.,0.));
#14359 = VECTOR('',#14360,1.);
#14360 = DIRECTION('',(-0.,-0.,-1.));
#14361 = PCURVE('',#5167,#14362);
#14362 = DEFINITIONAL_REPRESENTATION('',(#14363),#14367);
#14363 = LINE('',#14364,#14365);
#14364 = CARTESIAN_POINT('',(97.,0.));
#14365 = VECTOR('',#14366,1.);
#14366 = DIRECTION('',(0.,1.));
#14367 = ( GEOMETRIC_REPRESENTATION_CONTEXT(2) 
PARAMETRIC_REPRESENTATION_CONTEXT() REPRESENTATION_CONTEXT('2D SPACE',''
  ) );
#14368 = PCURVE('',#9474,#14369);
#14369 = DEFINITIONAL_REPRESENTATION('',(#14370),#14374);
#14370 = LINE('',#14371,#14372);
#14371 = CARTESIAN_POINT('',(0.,0.));
#14372 = VECTOR('',#14373,1.);
#14373 = DIRECTION('',(0.,-1.));
#14374 = ( GEOMETRIC_REPRESENTATION_CONTEXT(2) 
PARAMETRIC_REPRESENTATION_CONTEXT() REPRESENTATION_CONTEXT('2D SPACE',''
  ) );
#14375 = ORIENTED_EDGE('',*,*,#14376,.F.);
#14376 = EDGE_CURVE('',#14377,#14354,#14379,.T.);
#14377 = VERTEX_POINT('',#14378);
#14378 = CARTESIAN_POINT('',(0.,97.,-4.));
#14379 = SURFACE_CURVE('',#14380,(#14384,#14391),.PCURVE_S1.);
#14380 = LINE('',#14381,#14382);
#14381 = CARTESIAN_POINT('',(0.,97.,-4.));
#14382 = VECTOR('',#14383,1.);
#14383 = DIRECTION('',(0.,-1.,0.));
#14384 = PCURVE('',#5167,#14385);
#14385 = DEFINITIONAL_REPRESENTATION('',(#14386),#14390);
#14386 = LINE('',#14387,#14388);
#14387 = CARTESIAN_POINT('',(0.,4.));
#14388 = VECTOR('',#14389,1.);
#14389 = DIRECTION('',(1.,0.));
#14390 = ( GEOMETRIC_REPRESENTATION_CONTEXT(2) 
PARAMETRIC_REPRESENTATION_CONTEXT() REPRESENTATION_CONTEXT('2D SPACE',''
  ) );
#14391 = PCURVE('',#9502,#14392);
#14392 = DEFINITIONAL_REPRESENTATION('',(#14393),#14397);
#14393 = LINE('',#14394,#14395);
#14394 = CARTESIAN_POINT('',(-0.75,48.5));
#14395 = VECTOR('',#14396,1.);
#14396 = DIRECTION('',(0.,-1.));
#14397 = ( GEOMETRIC_REPRESENTATION_CONTEXT(2) 
PARAMETRIC_REPRESENTATION_CONTEXT() REPRESENTATION_CONTEXT('2D SPACE',''
  ) );
#14398 = ORIENTED_EDGE('',*,*,#14399,.F.);
#14399 = EDGE_CURVE('',#14400,#14377,#14402,.T.);
#14400 = VERTEX_POINT('',#14401);
#14401 = CARTESIAN_POINT('',(0.,97.,0.));
#14402 = SURFACE_CURVE('',#14403,(#14407,#14414),.PCURVE_S1.);
#14403 = LINE('',#14404,#14405);
#14404 = CARTESIAN_POINT('',(0.,97.,0.));
#14405 = VECTOR('',#14406,1.);
#14406 = DIRECTION('',(-0.,-0.,-1.));
#14407 = PCURVE('',#5167,#14408);
#14408 = DEFINITIONAL_REPRESENTATION('',(#14409),#14413);
#14409 = LINE('',#14410,#14411);
#14410 = CARTESIAN_POINT('',(0.,0.));
#14411 = VECTOR('',#14412,1.);
#14412 = DIRECTION('',(0.,1.));
#14413 = ( GEOMETRIC_REPRESENTATION_CONTEXT(2) 
PARAMETRIC_REPRESENTATION_CONTEXT() REPRESENTATION_CONTEXT('2D SPACE',''
  ) );
#14414 = PCURVE('',#5362,#14415);
#14415 = DEFINITIONAL_REPRESENTATION('',(#14416),#14420);
#14416 = LINE('',#14417,#14418);
#14417 = CARTESIAN_POINT('',(168.,0.));
#14418 = VECTOR('',#14419,1.);
#14419 = DIRECTION('',(0.,1.));
#14420 = ( GEOMETRIC_REPRESENTATION_CONTEXT(2) 
PARAMETRIC_REPRESENTATION_CONTEXT() REPRESENTATION_CONTEXT('2D SPACE',''
  ) );
#14421 = ORIENTED_EDGE('',*,*,#14422,.T.);
#14422 = EDGE_CURVE('',#14400,#14328,#14423,.T.);
#14423 = SURFACE_CURVE('',#14424,(#14428,#14435),.PCURVE_S1.);
#14424 = LINE('',#14425,#14426);
#14425 = CARTESIAN_POINT('',(0.,97.,0.));
#14426 = VECTOR('',#14427,1.);
#14427 = DIRECTION('',(0.,-1.,0.));
#14428 = PCURVE('',#5167,#14429);
#14429 = DEFINITIONAL_REPRESENTATION('',(#14430),#14434);
#14430 = LINE('',#14431,#14432);
#14431 = CARTESIAN_POINT('',(0.,0.));
#14432 = VECTOR('',#14433,1.);
#14433 = DIRECTION('',(1.,0.));
#14434 = ( GEOMETRIC_REPRESENTATION_CONTEXT(2) 
PARAMETRIC_REPRESENTATION_CONTEXT() REPRESENTATION_CONTEXT('2D SPACE',''
  ) );
#14435 = PCURVE('',#14436,#14441);
#14436 = PLANE('',#14437);
#14437 = AXIS2_PLACEMENT_3D('',#14438,#14439,#14440);
#14438 = CARTESIAN_POINT('',(84.,96.25,0.));
#14439 = DIRECTION('',(0.,0.,1.));
#14440 = DIRECTION('',(1.,0.,-0.));
#14441 = DEFINITIONAL_REPRESENTATION('',(#14442),#14446);
#14442 = LINE('',#14443,#14444);
#14443 = CARTESIAN_POINT('',(-84.,0.75));
#14444 = VECTOR('',#14445,1.);
#14445 = DIRECTION('',(0.,-1.));
#14446 = ( GEOMETRIC_REPRESENTATION_CONTEXT(2) 
PARAMETRIC_REPRESENTATION_CONTEXT() REPRESENTATION_CONTEXT('2D SPACE',''
  ) );
#14447 = ADVANCED_FACE('',(#14448),#5226,.T.);
#14448 = FACE_BOUND('',#14449,.T.);
#14449 = EDGE_LOOP('',(#14450,#14451,#14474));
#14450 = ORIENTED_EDGE('',*,*,#5209,.F.);
#14451 = ORIENTED_EDGE('',*,*,#14452,.T.);
#14452 = EDGE_CURVE('',#24,#14453,#14455,.T.);
#14453 = VERTEX_POINT('',#14454);
#14454 = CARTESIAN_POINT('',(168.,0.,0.));
#14455 = SURFACE_CURVE('',#14456,(#14460,#14467),.PCURVE_S1.);
#14456 = LINE('',#14457,#14458);
#14457 = CARTESIAN_POINT('',(166.5,0.,0.));
#14458 = VECTOR('',#14459,1.);
#14459 = DIRECTION('',(1.,0.,0.));
#14460 = PCURVE('',#5226,#14461);
#14461 = DEFINITIONAL_REPRESENTATION('',(#14462),#14466);
#14462 = LINE('',#14463,#14464);
#14463 = CARTESIAN_POINT('',(-0.75,-48.5));
#14464 = VECTOR('',#14465,1.);
#14465 = DIRECTION('',(1.,0.));
#14466 = ( GEOMETRIC_REPRESENTATION_CONTEXT(2) 
PARAMETRIC_REPRESENTATION_CONTEXT() REPRESENTATION_CONTEXT('2D SPACE',''
  ) );
#14467 = PCURVE('',#9622,#14468);
#14468 = DEFINITIONAL_REPRESENTATION('',(#14469),#14473);
#14469 = LINE('',#14470,#14471);
#14470 = CARTESIAN_POINT('',(0.,0.));
#14471 = VECTOR('',#14472,1.);
#14472 = DIRECTION('',(1.,0.));
#14473 = ( GEOMETRIC_REPRESENTATION_CONTEXT(2) 
PARAMETRIC_REPRESENTATION_CONTEXT() REPRESENTATION_CONTEXT('2D SPACE',''
  ) );
#14474 = ORIENTED_EDGE('',*,*,#14475,.T.);
#14475 = EDGE_CURVE('',#14453,#5210,#14476,.T.);
#14476 = SURFACE_CURVE('',#14477,(#14481,#14488),.PCURVE_S1.);
#14477 = LINE('',#14478,#14479);
#14478 = CARTESIAN_POINT('',(168.,0.,0.));
#14479 = VECTOR('',#14480,1.);
#14480 = DIRECTION('',(0.,1.,0.));
#14481 = PCURVE('',#5226,#14482);
#14482 = DEFINITIONAL_REPRESENTATION('',(#14483),#14487);
#14483 = LINE('',#14484,#14485);
#14484 = CARTESIAN_POINT('',(0.75,-48.5));
#14485 = VECTOR('',#14486,1.);
#14486 = DIRECTION('',(0.,1.));
#14487 = ( GEOMETRIC_REPRESENTATION_CONTEXT(2) 
PARAMETRIC_REPRESENTATION_CONTEXT() REPRESENTATION_CONTEXT('2D SPACE',''
  ) );
#14488 = PCURVE('',#5254,#14489);
#14489 = DEFINITIONAL_REPRESENTATION('',(#14490),#14494);
#14490 = LINE('',#14491,#14492);
#14491 = CARTESIAN_POINT('',(0.,0.));
#14492 = VECTOR('',#14493,1.);
#14493 = DIRECTION('',(1.,0.));
#14494 = ( GEOMETRIC_REPRESENTATION_CONTEXT(2) 
PARAMETRIC_REPRESENTATION_CONTEXT() REPRESENTATION_CONTEXT('2D SPACE',''
  ) );
#14495 = ADVANCED_FACE('',(#14496),#5254,.F.);
#14496 = FACE_BOUND('',#14497,.F.);
#14497 = EDGE_LOOP('',(#14498,#14499,#14500,#14523,#14551,#14574,#14597,
    #14618));
#14498 = ORIENTED_EDGE('',*,*,#5238,.T.);
#14499 = ORIENTED_EDGE('',*,*,#5294,.T.);
#14500 = ORIENTED_EDGE('',*,*,#14501,.F.);
#14501 = EDGE_CURVE('',#14502,#5295,#14504,.T.);
#14502 = VERTEX_POINT('',#14503);
#14503 = CARTESIAN_POINT('',(168.,95.5,0.));
#14504 = SURFACE_CURVE('',#14505,(#14509,#14516),.PCURVE_S1.);
#14505 = LINE('',#14506,#14507);
#14506 = CARTESIAN_POINT('',(168.,95.5,0.));
#14507 = VECTOR('',#14508,1.);
#14508 = DIRECTION('',(0.,0.,1.));
#14509 = PCURVE('',#5254,#14510);
#14510 = DEFINITIONAL_REPRESENTATION('',(#14511),#14515);
#14511 = LINE('',#14512,#14513);
#14512 = CARTESIAN_POINT('',(95.5,0.));
#14513 = VECTOR('',#14514,1.);
#14514 = DIRECTION('',(0.,-1.));
#14515 = ( GEOMETRIC_REPRESENTATION_CONTEXT(2) 
PARAMETRIC_REPRESENTATION_CONTEXT() REPRESENTATION_CONTEXT('2D SPACE',''
  ) );
#14516 = PCURVE('',#5334,#14517);
#14517 = DEFINITIONAL_REPRESENTATION('',(#14518),#14522);
#14518 = LINE('',#14519,#14520);
#14519 = CARTESIAN_POINT('',(0.,0.));
#14520 = VECTOR('',#14521,1.);
#14521 = DIRECTION('',(0.,1.));
#14522 = ( GEOMETRIC_REPRESENTATION_CONTEXT(2) 
PARAMETRIC_REPRESENTATION_CONTEXT() REPRESENTATION_CONTEXT('2D SPACE',''
  ) );
#14523 = ORIENTED_EDGE('',*,*,#14524,.T.);
#14524 = EDGE_CURVE('',#14502,#14525,#14527,.T.);
#14525 = VERTEX_POINT('',#14526);
#14526 = CARTESIAN_POINT('',(168.,97.,0.));
#14527 = SURFACE_CURVE('',#14528,(#14532,#14539),.PCURVE_S1.);
#14528 = LINE('',#14529,#14530);
#14529 = CARTESIAN_POINT('',(168.,95.5,0.));
#14530 = VECTOR('',#14531,1.);
#14531 = DIRECTION('',(0.,1.,0.));
#14532 = PCURVE('',#5254,#14533);
#14533 = DEFINITIONAL_REPRESENTATION('',(#14534),#14538);
#14534 = LINE('',#14535,#14536);
#14535 = CARTESIAN_POINT('',(95.5,0.));
#14536 = VECTOR('',#14537,1.);
#14537 = DIRECTION('',(1.,0.));
#14538 = ( GEOMETRIC_REPRESENTATION_CONTEXT(2) 
PARAMETRIC_REPRESENTATION_CONTEXT() REPRESENTATION_CONTEXT('2D SPACE',''
  ) );
#14539 = PCURVE('',#14540,#14545);
#14540 = PLANE('',#14541);
#14541 = AXIS2_PLACEMENT_3D('',#14542,#14543,#14544);
#14542 = CARTESIAN_POINT('',(84.,96.25,0.));
#14543 = DIRECTION('',(0.,0.,1.));
#14544 = DIRECTION('',(1.,0.,-0.));
#14545 = DEFINITIONAL_REPRESENTATION('',(#14546),#14550);
#14546 = LINE('',#14547,#14548);
#14547 = CARTESIAN_POINT('',(84.,-0.75));
#14548 = VECTOR('',#14549,1.);
#14549 = DIRECTION('',(0.,1.));
#14550 = ( GEOMETRIC_REPRESENTATION_CONTEXT(2) 
PARAMETRIC_REPRESENTATION_CONTEXT() REPRESENTATION_CONTEXT('2D SPACE',''
  ) );
#14551 = ORIENTED_EDGE('',*,*,#14552,.T.);
#14552 = EDGE_CURVE('',#14525,#14553,#14555,.T.);
#14553 = VERTEX_POINT('',#14554);
#14554 = CARTESIAN_POINT('',(168.,97.,-4.));
#14555 = SURFACE_CURVE('',#14556,(#14560,#14567),.PCURVE_S1.);
#14556 = LINE('',#14557,#14558);
#14557 = CARTESIAN_POINT('',(168.,97.,0.));
#14558 = VECTOR('',#14559,1.);
#14559 = DIRECTION('',(-0.,-0.,-1.));
#14560 = PCURVE('',#5254,#14561);
#14561 = DEFINITIONAL_REPRESENTATION('',(#14562),#14566);
#14562 = LINE('',#14563,#14564);
#14563 = CARTESIAN_POINT('',(97.,0.));
#14564 = VECTOR('',#14565,1.);
#14565 = DIRECTION('',(0.,1.));
#14566 = ( GEOMETRIC_REPRESENTATION_CONTEXT(2) 
PARAMETRIC_REPRESENTATION_CONTEXT() REPRESENTATION_CONTEXT('2D SPACE',''
  ) );
#14567 = PCURVE('',#5362,#14568);
#14568 = DEFINITIONAL_REPRESENTATION('',(#14569),#14573);
#14569 = LINE('',#14570,#14571);
#14570 = CARTESIAN_POINT('',(0.,-0.));
#14571 = VECTOR('',#14572,1.);
#14572 = DIRECTION('',(0.,1.));
#14573 = ( GEOMETRIC_REPRESENTATION_CONTEXT(2) 
PARAMETRIC_REPRESENTATION_CONTEXT() REPRESENTATION_CONTEXT('2D SPACE',''
  ) );
#14574 = ORIENTED_EDGE('',*,*,#14575,.F.);
#14575 = EDGE_CURVE('',#14576,#14553,#14578,.T.);
#14576 = VERTEX_POINT('',#14577);
#14577 = CARTESIAN_POINT('',(168.,0.,-4.));
#14578 = SURFACE_CURVE('',#14579,(#14583,#14590),.PCURVE_S1.);
#14579 = LINE('',#14580,#14581);
#14580 = CARTESIAN_POINT('',(168.,0.,-4.));
#14581 = VECTOR('',#14582,1.);
#14582 = DIRECTION('',(0.,1.,0.));
#14583 = PCURVE('',#5254,#14584);
#14584 = DEFINITIONAL_REPRESENTATION('',(#14585),#14589);
#14585 = LINE('',#14586,#14587);
#14586 = CARTESIAN_POINT('',(0.,4.));
#14587 = VECTOR('',#14588,1.);
#14588 = DIRECTION('',(1.,0.));
#14589 = ( GEOMETRIC_REPRESENTATION_CONTEXT(2) 
PARAMETRIC_REPRESENTATION_CONTEXT() REPRESENTATION_CONTEXT('2D SPACE',''
  ) );
#14590 = PCURVE('',#9502,#14591);
#14591 = DEFINITIONAL_REPRESENTATION('',(#14592),#14596);
#14592 = LINE('',#14593,#14594);
#14593 = CARTESIAN_POINT('',(167.25,-48.5));
#14594 = VECTOR('',#14595,1.);
#14595 = DIRECTION('',(0.,1.));
#14596 = ( GEOMETRIC_REPRESENTATION_CONTEXT(2) 
PARAMETRIC_REPRESENTATION_CONTEXT() REPRESENTATION_CONTEXT('2D SPACE',''
  ) );
#14597 = ORIENTED_EDGE('',*,*,#14598,.F.);
#14598 = EDGE_CURVE('',#14453,#14576,#14599,.T.);
#14599 = SURFACE_CURVE('',#14600,(#14604,#14611),.PCURVE_S1.);
#14600 = LINE('',#14601,#14602);
#14601 = CARTESIAN_POINT('',(168.,0.,0.));
#14602 = VECTOR('',#14603,1.);
#14603 = DIRECTION('',(-0.,-0.,-1.));
#14604 = PCURVE('',#5254,#14605);
#14605 = DEFINITIONAL_REPRESENTATION('',(#14606),#14610);
#14606 = LINE('',#14607,#14608);
#14607 = CARTESIAN_POINT('',(0.,0.));
#14608 = VECTOR('',#14609,1.);
#14609 = DIRECTION('',(0.,1.));
#14610 = ( GEOMETRIC_REPRESENTATION_CONTEXT(2) 
PARAMETRIC_REPRESENTATION_CONTEXT() REPRESENTATION_CONTEXT('2D SPACE',''
  ) );
#14611 = PCURVE('',#9622,#14612);
#14612 = DEFINITIONAL_REPRESENTATION('',(#14613),#14617);
#14613 = LINE('',#14614,#14615);
#14614 = CARTESIAN_POINT('',(1.5,0.));
#14615 = VECTOR('',#14616,1.);
#14616 = DIRECTION('',(0.,-1.));
#14617 = ( GEOMETRIC_REPRESENTATION_CONTEXT(2) 
PARAMETRIC_REPRESENTATION_CONTEXT() REPRESENTATION_CONTEXT('2D SPACE',''
  ) );
#14618 = ORIENTED_EDGE('',*,*,#14475,.T.);
#14619 = ADVANCED_FACE('',(#14620),#5391,.T.);
#14620 = FACE_BOUND('',#14621,.T.);
#14621 = EDGE_LOOP('',(#14622,#14646,#14647,#14648));
#14622 = ORIENTED_EDGE('',*,*,#14623,.T.);
#14623 = EDGE_CURVE('',#14624,#14328,#14626,.T.);
#14624 = VERTEX_POINT('',#14625);
#14625 = CARTESIAN_POINT('',(1.5,97.,0.));
#14626 = SURFACE_CURVE('',#14627,(#14632,#14639),.PCURVE_S1.);
#14627 = CIRCLE('',#14628,1.5);
#14628 = AXIS2_PLACEMENT_3D('',#14629,#14630,#14631);
#14629 = CARTESIAN_POINT('',(1.5,95.5,0.));
#14630 = DIRECTION('',(0.,0.,1.));
#14631 = DIRECTION('',(0.,-1.,0.));
#14632 = PCURVE('',#5391,#14633);
#14633 = DEFINITIONAL_REPRESENTATION('',(#14634),#14638);
#14634 = LINE('',#14635,#14636);
#14635 = CARTESIAN_POINT('',(-3.14159265359,0.));
#14636 = VECTOR('',#14637,1.);
#14637 = DIRECTION('',(1.,0.));
#14638 = ( GEOMETRIC_REPRESENTATION_CONTEXT(2) 
PARAMETRIC_REPRESENTATION_CONTEXT() REPRESENTATION_CONTEXT('2D SPACE',''
  ) );
#14639 = PCURVE('',#14436,#14640);
#14640 = DEFINITIONAL_REPRESENTATION('',(#14641),#14645);
#14641 = CIRCLE('',#14642,1.5);
#14642 = AXIS2_PLACEMENT_2D('',#14643,#14644);
#14643 = CARTESIAN_POINT('',(-82.5,-0.75));
#14644 = DIRECTION('',(0.,-1.));
#14645 = ( GEOMETRIC_REPRESENTATION_CONTEXT(2) 
PARAMETRIC_REPRESENTATION_CONTEXT() REPRESENTATION_CONTEXT('2D SPACE',''
  ) );
#14646 = ORIENTED_EDGE('',*,*,#14327,.T.);
#14647 = ORIENTED_EDGE('',*,*,#5374,.F.);
#14648 = ORIENTED_EDGE('',*,*,#14649,.F.);
#14649 = EDGE_CURVE('',#14624,#5347,#14650,.T.);
#14650 = SURFACE_CURVE('',#14651,(#14655,#14662),.PCURVE_S1.);
#14651 = LINE('',#14652,#14653);
#14652 = CARTESIAN_POINT('',(1.5,97.,0.));
#14653 = VECTOR('',#14654,1.);
#14654 = DIRECTION('',(0.,0.,1.));
#14655 = PCURVE('',#5391,#14656);
#14656 = DEFINITIONAL_REPRESENTATION('',(#14657),#14661);
#14657 = LINE('',#14658,#14659);
#14658 = CARTESIAN_POINT('',(0.,0.));
#14659 = VECTOR('',#14660,1.);
#14660 = DIRECTION('',(0.,1.));
#14661 = ( GEOMETRIC_REPRESENTATION_CONTEXT(2) 
PARAMETRIC_REPRESENTATION_CONTEXT() REPRESENTATION_CONTEXT('2D SPACE',''
  ) );
#14662 = PCURVE('',#5362,#14663);
#14663 = DEFINITIONAL_REPRESENTATION('',(#14664),#14668);
#14664 = LINE('',#14665,#14666);
#14665 = CARTESIAN_POINT('',(166.5,0.));
#14666 = VECTOR('',#14667,1.);
#14667 = DIRECTION('',(0.,-1.));
#14668 = ( GEOMETRIC_REPRESENTATION_CONTEXT(2) 
PARAMETRIC_REPRESENTATION_CONTEXT() REPRESENTATION_CONTEXT('2D SPACE',''
  ) );
#14669 = ADVANCED_FACE('',(#14670),#5334,.T.);
#14670 = FACE_BOUND('',#14671,.T.);
#14671 = EDGE_LOOP('',(#14672,#14696,#14717,#14718));
#14672 = ORIENTED_EDGE('',*,*,#14673,.T.);
#14673 = EDGE_CURVE('',#14502,#14674,#14676,.T.);
#14674 = VERTEX_POINT('',#14675);
#14675 = CARTESIAN_POINT('',(166.5,97.,0.));
#14676 = SURFACE_CURVE('',#14677,(#14682,#14689),.PCURVE_S1.);
#14677 = CIRCLE('',#14678,1.5);
#14678 = AXIS2_PLACEMENT_3D('',#14679,#14680,#14681);
#14679 = CARTESIAN_POINT('',(166.5,95.5,0.));
#14680 = DIRECTION('',(0.,0.,1.));
#14681 = DIRECTION('',(0.,-1.,0.));
#14682 = PCURVE('',#5334,#14683);
#14683 = DEFINITIONAL_REPRESENTATION('',(#14684),#14688);
#14684 = LINE('',#14685,#14686);
#14685 = CARTESIAN_POINT('',(-1.570796326795,0.));
#14686 = VECTOR('',#14687,1.);
#14687 = DIRECTION('',(1.,0.));
#14688 = ( GEOMETRIC_REPRESENTATION_CONTEXT(2) 
PARAMETRIC_REPRESENTATION_CONTEXT() REPRESENTATION_CONTEXT('2D SPACE',''
  ) );
#14689 = PCURVE('',#14540,#14690);
#14690 = DEFINITIONAL_REPRESENTATION('',(#14691),#14695);
#14691 = CIRCLE('',#14692,1.5);
#14692 = AXIS2_PLACEMENT_2D('',#14693,#14694);
#14693 = CARTESIAN_POINT('',(82.5,-0.75));
#14694 = DIRECTION('',(0.,-1.));
#14695 = ( GEOMETRIC_REPRESENTATION_CONTEXT(2) 
PARAMETRIC_REPRESENTATION_CONTEXT() REPRESENTATION_CONTEXT('2D SPACE',''
  ) );
#14696 = ORIENTED_EDGE('',*,*,#14697,.T.);
#14697 = EDGE_CURVE('',#14674,#5318,#14698,.T.);
#14698 = SURFACE_CURVE('',#14699,(#14703,#14710),.PCURVE_S1.);
#14699 = LINE('',#14700,#14701);
#14700 = CARTESIAN_POINT('',(166.5,97.,0.));
#14701 = VECTOR('',#14702,1.);
#14702 = DIRECTION('',(0.,0.,1.));
#14703 = PCURVE('',#5334,#14704);
#14704 = DEFINITIONAL_REPRESENTATION('',(#14705),#14709);
#14705 = LINE('',#14706,#14707);
#14706 = CARTESIAN_POINT('',(1.570796326795,0.));
#14707 = VECTOR('',#14708,1.);
#14708 = DIRECTION('',(0.,1.));
#14709 = ( GEOMETRIC_REPRESENTATION_CONTEXT(2) 
PARAMETRIC_REPRESENTATION_CONTEXT() REPRESENTATION_CONTEXT('2D SPACE',''
  ) );
#14710 = PCURVE('',#5362,#14711);
#14711 = DEFINITIONAL_REPRESENTATION('',(#14712),#14716);
#14712 = LINE('',#14713,#14714);
#14713 = CARTESIAN_POINT('',(1.5,0.));
#14714 = VECTOR('',#14715,1.);
#14715 = DIRECTION('',(0.,-1.));
#14716 = ( GEOMETRIC_REPRESENTATION_CONTEXT(2) 
PARAMETRIC_REPRESENTATION_CONTEXT() REPRESENTATION_CONTEXT('2D SPACE',''
  ) );
#14717 = ORIENTED_EDGE('',*,*,#5317,.F.);
#14718 = ORIENTED_EDGE('',*,*,#14501,.F.);
#14719 = ADVANCED_FACE('',(#14720),#5362,.F.);
#14720 = FACE_BOUND('',#14721,.F.);
#14721 = EDGE_LOOP('',(#14722,#14743,#14744,#14765,#14766,#14767,#14768,
    #14789));
#14722 = ORIENTED_EDGE('',*,*,#14723,.F.);
#14723 = EDGE_CURVE('',#14553,#14377,#14724,.T.);
#14724 = SURFACE_CURVE('',#14725,(#14729,#14736),.PCURVE_S1.);
#14725 = LINE('',#14726,#14727);
#14726 = CARTESIAN_POINT('',(168.,97.,-4.));
#14727 = VECTOR('',#14728,1.);
#14728 = DIRECTION('',(-1.,0.,0.));
#14729 = PCURVE('',#5362,#14730);
#14730 = DEFINITIONAL_REPRESENTATION('',(#14731),#14735);
#14731 = LINE('',#14732,#14733);
#14732 = CARTESIAN_POINT('',(0.,4.));
#14733 = VECTOR('',#14734,1.);
#14734 = DIRECTION('',(1.,0.));
#14735 = ( GEOMETRIC_REPRESENTATION_CONTEXT(2) 
PARAMETRIC_REPRESENTATION_CONTEXT() REPRESENTATION_CONTEXT('2D SPACE',''
  ) );
#14736 = PCURVE('',#9502,#14737);
#14737 = DEFINITIONAL_REPRESENTATION('',(#14738),#14742);
#14738 = LINE('',#14739,#14740);
#14739 = CARTESIAN_POINT('',(167.25,48.5));
#14740 = VECTOR('',#14741,1.);
#14741 = DIRECTION('',(-1.,0.));
#14742 = ( GEOMETRIC_REPRESENTATION_CONTEXT(2) 
PARAMETRIC_REPRESENTATION_CONTEXT() REPRESENTATION_CONTEXT('2D SPACE',''
  ) );
#14743 = ORIENTED_EDGE('',*,*,#14552,.F.);
#14744 = ORIENTED_EDGE('',*,*,#14745,.T.);
#14745 = EDGE_CURVE('',#14525,#14674,#14746,.T.);
#14746 = SURFACE_CURVE('',#14747,(#14751,#14758),.PCURVE_S1.);
#14747 = LINE('',#14748,#14749);
#14748 = CARTESIAN_POINT('',(168.,97.,0.));
#14749 = VECTOR('',#14750,1.);
#14750 = DIRECTION('',(-1.,0.,0.));
#14751 = PCURVE('',#5362,#14752);
#14752 = DEFINITIONAL_REPRESENTATION('',(#14753),#14757);
#14753 = LINE('',#14754,#14755);
#14754 = CARTESIAN_POINT('',(0.,-0.));
#14755 = VECTOR('',#14756,1.);
#14756 = DIRECTION('',(1.,0.));
#14757 = ( GEOMETRIC_REPRESENTATION_CONTEXT(2) 
PARAMETRIC_REPRESENTATION_CONTEXT() REPRESENTATION_CONTEXT('2D SPACE',''
  ) );
#14758 = PCURVE('',#14540,#14759);
#14759 = DEFINITIONAL_REPRESENTATION('',(#14760),#14764);
#14760 = LINE('',#14761,#14762);
#14761 = CARTESIAN_POINT('',(84.,0.75));
#14762 = VECTOR('',#14763,1.);
#14763 = DIRECTION('',(-1.,0.));
#14764 = ( GEOMETRIC_REPRESENTATION_CONTEXT(2) 
PARAMETRIC_REPRESENTATION_CONTEXT() REPRESENTATION_CONTEXT('2D SPACE',''
  ) );
#14765 = ORIENTED_EDGE('',*,*,#14697,.T.);
#14766 = ORIENTED_EDGE('',*,*,#5346,.T.);
#14767 = ORIENTED_EDGE('',*,*,#14649,.F.);
#14768 = ORIENTED_EDGE('',*,*,#14769,.T.);
#14769 = EDGE_CURVE('',#14624,#14400,#14770,.T.);
#14770 = SURFACE_CURVE('',#14771,(#14775,#14782),.PCURVE_S1.);
#14771 = LINE('',#14772,#14773);
#14772 = CARTESIAN_POINT('',(168.,97.,0.));
#14773 = VECTOR('',#14774,1.);
#14774 = DIRECTION('',(-1.,0.,0.));
#14775 = PCURVE('',#5362,#14776);
#14776 = DEFINITIONAL_REPRESENTATION('',(#14777),#14781);
#14777 = LINE('',#14778,#14779);
#14778 = CARTESIAN_POINT('',(0.,-0.));
#14779 = VECTOR('',#14780,1.);
#14780 = DIRECTION('',(1.,0.));
#14781 = ( GEOMETRIC_REPRESENTATION_CONTEXT(2) 
PARAMETRIC_REPRESENTATION_CONTEXT() REPRESENTATION_CONTEXT('2D SPACE',''
  ) );
#14782 = PCURVE('',#14436,#14783);
#14783 = DEFINITIONAL_REPRESENTATION('',(#14784),#14788);
#14784 = LINE('',#14785,#14786);
#14785 = CARTESIAN_POINT('',(84.,0.75));
#14786 = VECTOR('',#14787,1.);
#14787 = DIRECTION('',(-1.,0.));
#14788 = ( GEOMETRIC_REPRESENTATION_CONTEXT(2) 
PARAMETRIC_REPRESENTATION_CONTEXT() REPRESENTATION_CONTEXT('2D SPACE',''
  ) );
#14789 = ORIENTED_EDGE('',*,*,#14399,.T.);
#14790 = ADVANCED_FACE('',(#14791),#9502,.F.);
#14791 = FACE_BOUND('',#14792,.F.);
#14792 = EDGE_LOOP('',(#14793,#14794,#14815,#14816,#14817,#14818,#14839,
    #14840));
#14793 = ORIENTED_EDGE('',*,*,#14376,.T.);
#14794 = ORIENTED_EDGE('',*,*,#14795,.T.);
#14795 = EDGE_CURVE('',#14354,#9459,#14796,.T.);
#14796 = SURFACE_CURVE('',#14797,(#14801,#14808),.PCURVE_S1.);
#14797 = LINE('',#14798,#14799);
#14798 = CARTESIAN_POINT('',(0.,0.,-4.));
#14799 = VECTOR('',#14800,1.);
#14800 = DIRECTION('',(1.,0.,0.));
#14801 = PCURVE('',#9502,#14802);
#14802 = DEFINITIONAL_REPRESENTATION('',(#14803),#14807);
#14803 = LINE('',#14804,#14805);
#14804 = CARTESIAN_POINT('',(-0.75,-48.5));
#14805 = VECTOR('',#14806,1.);
#14806 = DIRECTION('',(1.,0.));
#14807 = ( GEOMETRIC_REPRESENTATION_CONTEXT(2) 
PARAMETRIC_REPRESENTATION_CONTEXT() REPRESENTATION_CONTEXT('2D SPACE',''
  ) );
#14808 = PCURVE('',#9474,#14809);
#14809 = DEFINITIONAL_REPRESENTATION('',(#14810),#14814);
#14810 = LINE('',#14811,#14812);
#14811 = CARTESIAN_POINT('',(0.,-4.));
#14812 = VECTOR('',#14813,1.);
#14813 = DIRECTION('',(1.,0.));
#14814 = ( GEOMETRIC_REPRESENTATION_CONTEXT(2) 
PARAMETRIC_REPRESENTATION_CONTEXT() REPRESENTATION_CONTEXT('2D SPACE',''
  ) );
#14815 = ORIENTED_EDGE('',*,*,#9486,.T.);
#14816 = ORIENTED_EDGE('',*,*,#9538,.T.);
#14817 = ORIENTED_EDGE('',*,*,#9585,.T.);
#14818 = ORIENTED_EDGE('',*,*,#14819,.T.);
#14819 = EDGE_CURVE('',#9586,#14576,#14820,.T.);
#14820 = SURFACE_CURVE('',#14821,(#14825,#14832),.PCURVE_S1.);
#14821 = LINE('',#14822,#14823);
#14822 = CARTESIAN_POINT('',(166.5,0.,-4.));
#14823 = VECTOR('',#14824,1.);
#14824 = DIRECTION('',(1.,0.,0.));
#14825 = PCURVE('',#9502,#14826);
#14826 = DEFINITIONAL_REPRESENTATION('',(#14827),#14831);
#14827 = LINE('',#14828,#14829);
#14828 = CARTESIAN_POINT('',(165.75,-48.5));
#14829 = VECTOR('',#14830,1.);
#14830 = DIRECTION('',(1.,0.));
#14831 = ( GEOMETRIC_REPRESENTATION_CONTEXT(2) 
PARAMETRIC_REPRESENTATION_CONTEXT() REPRESENTATION_CONTEXT('2D SPACE',''
  ) );
#14832 = PCURVE('',#9622,#14833);
#14833 = DEFINITIONAL_REPRESENTATION('',(#14834),#14838);
#14834 = LINE('',#14835,#14836);
#14835 = CARTESIAN_POINT('',(0.,-4.));
#14836 = VECTOR('',#14837,1.);
#14837 = DIRECTION('',(1.,0.));
#14838 = ( GEOMETRIC_REPRESENTATION_CONTEXT(2) 
PARAMETRIC_REPRESENTATION_CONTEXT() REPRESENTATION_CONTEXT('2D SPACE',''
  ) );
#14839 = ORIENTED_EDGE('',*,*,#14575,.T.);
#14840 = ORIENTED_EDGE('',*,*,#14723,.T.);
#14841 = ADVANCED_FACE('',(#14842),#9474,.T.);
#14842 = FACE_BOUND('',#14843,.T.);
#14843 = EDGE_LOOP('',(#14844,#14845,#14846,#14847));
#14844 = ORIENTED_EDGE('',*,*,#14353,.T.);
#14845 = ORIENTED_EDGE('',*,*,#14795,.T.);
#14846 = ORIENTED_EDGE('',*,*,#9458,.F.);
#14847 = ORIENTED_EDGE('',*,*,#14302,.F.);
#14848 = ADVANCED_FACE('',(#14849),#9622,.T.);
#14849 = FACE_BOUND('',#14850,.T.);
#14850 = EDGE_LOOP('',(#14851,#14852,#14853,#14854));
#14851 = ORIENTED_EDGE('',*,*,#9608,.T.);
#14852 = ORIENTED_EDGE('',*,*,#14819,.T.);
#14853 = ORIENTED_EDGE('',*,*,#14598,.F.);
#14854 = ORIENTED_EDGE('',*,*,#14452,.F.);
#14855 = ADVANCED_FACE('',(#14856),#14436,.T.);
#14856 = FACE_BOUND('',#14857,.T.);
#14857 = EDGE_LOOP('',(#14858,#14859,#14860));
#14858 = ORIENTED_EDGE('',*,*,#14422,.T.);
#14859 = ORIENTED_EDGE('',*,*,#14623,.F.);
#14860 = ORIENTED_EDGE('',*,*,#14769,.T.);
#14861 = ADVANCED_FACE('',(#14862),#14540,.T.);
#14862 = FACE_BOUND('',#14863,.T.);
#14863 = EDGE_LOOP('',(#14864,#14865,#14866));
#14864 = ORIENTED_EDGE('',*,*,#14673,.F.);
#14865 = ORIENTED_EDGE('',*,*,#14524,.T.);
#14866 = ORIENTED_EDGE('',*,*,#14745,.T.);
#14867 = ( GEOMETRIC_REPRESENTATION_CONTEXT(3) 
GLOBAL_UNCERTAINTY_ASSIGNED_CONTEXT((#14871)) 
GLOBAL_UNIT_ASSIGNED_CONTEXT((#14868,#14869,#14870)) 
REPRESENTATION_CONTEXT('Context #1',
  '3D Context with UNIT and UNCERTAINTY') );
#14868 = ( LENGTH_UNIT() NAMED_UNIT(*) SI_UNIT(.MILLI.,.METRE.) );
#14869 = ( NAMED_UNIT(*) PLANE_ANGLE_UNIT() SI_UNIT($,.RADIAN.) );
#14870 = ( NAMED_UNIT(*) SI_UNIT($,.STERADIAN.) SOLID_ANGLE_UNIT() );
#14871 = UNCERTAINTY_MEASURE_WITH_UNIT(LENGTH_MEASURE(1.E-07),#14868,
  'distance_accuracy_value','confusion accuracy');
#14872 = PRODUCT_RELATED_PRODUCT_CATEGORY('part',$,(#7));
ENDSEC;
END-ISO-10303-21;
